step,total_cells,empty_sites,occupied_density,committed_cells,committed_density,undetermined_cells,undetermined_density,decommitted_cells,decommitted_density,uncommitted_cells,uncommitted_density,n_clusters_present,largest_cluster,cluster_0_size,cluster_1_size,cluster_2_size,cluster_3_size,cluster_4_size,cluster_5_size,cluster_6_size,cluster_7_size,T1,T2,I,R,M,K,S,seed
0,30,2370,0.0125,0,0.0,30,0.0125,0,0.0,30,0.0125,0,0,0,0,0,0,0,0,0,0,0.7993772961673801,0.4335260147432098,0.5809923421566696,0.6096760420926847,0.5128582380331791,0.3857867142558294,0.3776358555486714,101
1,51,2349,0.02125,0,0.0,51,0.02125,0,0.0,51,0.02125,0,0,0,0,0,0,0,0,0,0,0.5574943378239757,0.2530431842758169,0.3322252561335513,0.3448589642496694,0.2934506620535825,0.2204195498483386,0.2157403123132467,101
2,57,2343,0.02375,0,0.0,57,0.02375,0,0.0,57,0.02375,0,0,0,0,0,0,0,0,0,0,0.6515259740562169,0.2601874062852631,0.2985795726075087,0.307888056477576,0.2642077442985848,0.199341745475052,0.1984893906542356,101
3,60,2340,0.025,21,0.00875,39,0.01625,0,0.0,39,0.01625,6,7,4,7,1,0,3,4,2,0,0.7735937163692764,0.2646602323739001,0.2915028444452214,0.2978599031370325,0.2512815635774115,0.1998173514402184,0.1951393594034649,101
4,60,2340,0.025,21,0.00875,39,0.01625,0,0.0,39,0.01625,6,7,4,7,1,0,3,4,2,0,0.9243361060854725,0.27819420913651,0.3168159440915037,0.3208872969141337,0.2657651182991241,0.2257149851597598,0.2039547923266815,101
5,75,2325,0.03125,34,0.0141666666666666,41,0.0170833333333333,0,0.0,41,0.0170833333333333,6,12,7,12,5,0,3,5,2,0,0.8476583750904306,0.2346998305782872,0.277440148668979,0.2761868180303714,0.2279499191158192,0.2090905406590374,0.1718990254517473,101
6,100,2300,0.0416666666666666,50,0.0208333333333333,50,0.0208333333333333,0,0.0,50,0.0208333333333333,6,17,10,17,9,0,6,6,2,0,0.7422287131533869,0.1992223856403439,0.2300527217342096,0.230586286167792,0.1909233439076302,0.189589980993892,0.1400049709780334,101
7,109,2291,0.0454166666666666,60,0.025,49,0.0204166666666666,0,0.0,49,0.0204166666666666,6,18,13,18,10,0,9,8,2,0,0.8202079408171008,0.2211927954828526,0.2373802741748736,0.24562002071722,0.202361815283025,0.2055005148868222,0.1444588893594127,101
8,112,2288,0.0466666666666666,64,0.0266666666666666,48,0.02,0,0.0,48,0.02,6,19,15,19,10,0,9,9,2,0,0.938127172950236,0.249669761043463,0.2659941611377047,0.2790447571711065,0.2240389137521229,0.229857700199304,0.1576937427296575,101
9,121,2279,0.0504166666666666,84,0.035,37,0.0154166666666666,0,0.0,37,0.0154166666666666,6,26,26,21,13,0,9,11,4,0,0.9904318498230064,0.2576753050676122,0.2756936880941125,0.2959169555262272,0.2325200917130282,0.2477977486114661,0.1622057630927905,101
10,131,2269,0.0545833333333333,101,0.0420833333333333,30,0.0125,0,0.0,30,0.0125,6,35,35,23,14,0,11,14,4,0,1.0315058265654875,0.2694415322279615,0.2922465477261751,0.3124173931777014,0.2459442438606734,0.2626149736699826,0.1671773514155405,101
11,162,2238,0.0675,128,0.0533333333333333,34,0.0141666666666666,0,0.0,34,0.0141666666666666,6,47,47,29,19,0,15,14,4,0,0.9323583783907547,0.2444639299362756,0.2788241301201327,0.2882108955936835,0.2284464113793026,0.2489439031447232,0.1504618384769149,101
12,193,2207,0.0804166666666666,152,0.0633333333333333,41,0.0170833333333333,0,0.0,41,0.0170833333333333,6,57,57,35,21,0,19,16,4,0,0.892591340392652,0.2413204196098911,0.2691371152502398,0.2788195914314652,0.2214777633547864,0.2401299768534165,0.1431588541348905,101
13,217,2183,0.0904166666666666,176,0.0733333333333333,41,0.0170833333333333,0,0.0,41,0.0170833333333333,6,69,69,39,24,0,21,19,4,0,0.9132349223108132,0.2561537183697607,0.2758201195632939,0.2864321639546862,0.2261321977389772,0.2430010638885415,0.1456279472156471,101
14,236,2164,0.0983333333333333,200,0.0833333333333333,36,0.015,0,0.0,36,0.015,7,78,78,42,27,2,22,25,4,0,0.9608871057225628,0.2771136491424333,0.2886783293808577,0.3031185606735945,0.2360254458854918,0.2544351658946687,0.1527838270349513,101
15,250,2150,0.1041666666666666,221,0.0920833333333333,29,0.0120833333333333,0,0.0,29,0.0120833333333333,7,86,86,44,30,2,27,26,6,0,1.026524363810973,0.3010997563114113,0.3074749431983443,0.3287616352124364,0.2530268942598664,0.2745382374933679,0.1633524136938001,101
16,266,2134,0.1108333333333333,249,0.10375,17,0.0070833333333333,0,0.0,17,0.0070833333333333,7,100,100,45,36,2,30,28,8,0,1.0769929737265678,0.3210054329701788,0.3274511709135153,0.3518797807626373,0.2666151046593694,0.2916202360797432,0.1725558297486816,101
17,288,2112,0.12,274,0.1141666666666666,14,0.0058333333333333,0,0.0,14,0.0058333333333333,7,110,110,48,41,2,34,31,8,0,1.0994490155371472,0.3321690994897948,0.3400011462712143,0.3678101556155957,0.2772335234725014,0.3003662987873386,0.177866594978249,101
18,333,2067,0.13875,319,0.1329166666666666,14,0.0058333333333333,0,0.0,14,0.0058333333333333,7,129,129,56,48,2,39,37,8,0,1.0464380259850197,0.3219406323956599,0.3295779807866373,0.3583136319200886,0.2712343538301994,0.2887172053430309,0.171222385537661,101
19,385,2015,0.1604166666666666,366,0.1525,19,0.0079166666666666,0,0.0,19,0.0079166666666666,7,151,151,64,53,4,42,44,8,0,1.0044881991429324,0.3193080715038425,0.3214654951545357,0.3500767680598071,0.2621627255755289,0.2793471323148047,0.1660457690837393,101
20,438,1962,0.1825,417,0.17375,21,0.00875,0,0.0,21,0.00875,7,172,172,75,58,4,51,49,8,0,0.9867441327513058,0.3282197414979026,0.3177797686812386,0.3475984038331778,0.2594046448102979,0.2787438854618506,0.1647865513923783,101
21,473,1927,0.1970833333333333,451,0.1879166666666666,22,0.0091666666666666,0,0.0,22,0.0091666666666666,7,183,183,80,66,4,57,53,8,0,1.02367586686031,0.3579962412229874,0.3304698782953584,0.3633028180168798,0.2679663643559503,0.290636957884171,0.1727960212484934,101
22,496,1904,0.2066666666666666,475,0.1979166666666666,21,0.00875,0,0.0,21,0.00875,7,189,189,82,71,4,63,57,9,0,1.0849280114574305,0.3932399191302941,0.349014978676563,0.3890708534069707,0.2825564211503211,0.3083768858668134,0.1849860076764796,101
23,531,1869,0.22125,518,0.2158333333333333,13,0.0054166666666666,0,0.0,13,0.0054166666666666,7,196,196,86,84,4,72,65,11,0,1.113461756542223,0.4123508472688575,0.3593086371476025,0.4048981685746233,0.2926078497756348,0.3168637386139226,0.1917552595355135,101
24,556,1844,0.2316666666666666,545,0.2270833333333333,11,0.0045833333333333,0,0.0,11,0.0045833333333333,7,204,204,86,87,5,76,73,14,0,1.1610654378256968,0.441903722859329,0.3785860043799231,0.4307610988241935,0.3084797027083586,0.3312648393974747,0.2026564278077868,101
25,602,1798,0.2508333333333333,590,0.2458333333333333,12,0.005,0,0.0,12,0.005,7,217,217,95,95,7,82,78,16,0,1.1609038193017132,0.4526987091674557,0.3857915301486943,0.4396041473365669,0.3119136746672907,0.3345827221712254,0.2056099110739323,101
26,655,1745,0.2729166666666666,645,0.26875,10,0.0041666666666666,0,0.0,10,0.0041666666666666,7,238,238,97,106,8,93,87,16,0,1.1533113591603583,0.46443383301821,0.3898419534611338,0.4446288818547604,0.3151486452584058,0.3357960924929832,0.2075876690555694,101
27,717,1683,0.29875,707,0.2945833333333333,10,0.0041666666666666,0,0.0,10,0.0041666666666666,7,259,259,109,115,8,101,97,18,0,1.1383133878017018,0.4739801179417494,0.3918963069428495,0.4468525168535218,0.3165854127012543,0.3342345034833199,0.2080472817568669,101
28,766,1634,0.3191666666666666,758,0.3158333333333333,8,0.0033333333333333,0,0.0,8,0.0033333333333333,7,278,278,118,128,8,104,104,18,0,1.1515923219595183,0.497612754709936,0.4004034636431216,0.4589854991643881,0.3235231592726008,0.3403719019904789,0.2136982835270848,101
29,821,1579,0.3420833333333333,813,0.33875,8,0.0033333333333333,0,0.0,8,0.0033333333333333,7,296,296,126,141,8,112,112,18,0,1.1569183926296729,0.5152377991437643,0.4048758354614292,0.4677338890843278,0.328010268746378,0.3447105601645843,0.2176015110031484,101
30,871,1529,0.3629166666666666,867,0.36125,4,0.0016666666666666,0,0.0,4,0.0016666666666666,7,312,312,135,152,8,123,119,18,0,1.171056289944559,0.5373653384469883,0.4136197745067627,0.4802117906891377,0.3354303218195023,0.3512963838908056,0.2232640480049451,101
31,911,1489,0.3795833333333333,908,0.3783333333333333,3,0.00125,0,0.0,3,0.00125,7,323,323,143,160,8,134,122,18,0,1.197529673772427,0.5678778142794672,0.4269539535791466,0.49837684837266,0.3461992726494379,0.3623857041271142,0.2318083287963455,101
32,952,1448,0.3966666666666666,951,0.39625,1,0.0004166666666666,0,0.0,1,0.0004166666666666,7,344,344,147,165,8,140,129,18,0,1.2181371512323165,0.596070399083755,0.4391022920996649,0.5148921352727648,0.3556441985731065,0.3709614244493119,0.2396283016169889,101
33,982,1418,0.4091666666666667,981,0.40875,1,0.0004166666666666,0,0.0,1,0.0004166666666666,7,348,348,150,172,8,153,132,18,0,1.248473668334788,0.6320215050254191,0.4545769329413209,0.5358358475328435,0.3671751386851178,0.3828734151053762,0.2500547692141746,101
34,1005,1395,0.41875,1004,0.4183333333333333,1,0.0004166666666666,0,0.0,1,0.0004166666666666,7,354,354,153,178,8,157,134,20,0,1.2818252788412396,0.6676941354641446,0.4724857346157788,0.5595077472733949,0.3803848381635807,0.395849328972347,0.2611466664712947,101
35,1032,1368,0.43,1031,0.4295833333333333,1,0.0004166666666666,0,0.0,1,0.0004166666666666,7,362,362,157,181,8,160,143,20,0,1.3031524487919082,0.6976447146582538,0.4877891263490866,0.5786434932280111,0.3914412266012017,0.405442504515689,0.270242043745205,101
36,1059,1341,0.44125,1057,0.4404166666666667,2,0.0008333333333333,0,0.0,2,0.0008333333333333,7,366,366,162,184,9,168,147,21,0,1.3183471308541828,0.7267274891167019,0.5010330649375693,0.5959242020075367,0.401443439251166,0.4147601351475887,0.2786826889722478,101
37,1083,1317,0.45125,1081,0.4504166666666667,2,0.0008333333333333,0,0.0,2,0.0008333333333333,7,371,371,166,192,9,170,151,22,0,1.3321917453653371,0.75659092324758,0.5142146109071711,0.6132335797693806,0.41109869291888,0.424325977872161,0.2871751595837923,101
38,1115,1285,0.4645833333333333,1113,0.46375,2,0.0008333333333333,0,0.0,2,0.0008333333333333,7,381,381,172,199,9,175,155,22,0,1.3308296112560252,0.7800871505734664,0.5220206988740692,0.6241883601487512,0.4172535976606019,0.4294417752700185,0.2928384789251784,101
39,1135,1265,0.4729166666666666,1133,0.4720833333333333,2,0.0008333333333333,0,0.0,2,0.0008333333333333,7,387,387,173,200,9,177,162,25,0,1.34032242499045,0.8106585511898445,0.5339292307268356,0.640489625230442,0.4259410351823297,0.4385545870967579,0.3009329579387766,101
40,1152,1248,0.48,1150,0.4791666666666667,2,0.0008333333333333,0,0.0,2,0.0008333333333333,7,392,392,176,204,10,178,165,25,0,1.3478224800170462,0.8422636371878701,0.5468500244933179,0.6564188268274154,0.4344124625709537,0.4477821669195106,0.3090118506658512,101
41,1169,1231,0.4870833333333333,1167,0.48625,2,0.0008333333333333,0,0.0,2,0.0008333333333333,7,395,395,179,207,10,182,168,26,0,1.349398353660344,0.8715919067890371,0.5574058072687709,0.6702690051363247,0.4421361953844639,0.4559577163296026,0.3160701333748023,101
42,1176,1224,0.49,1174,0.4891666666666667,2,0.0008333333333333,0,0.0,2,0.0008333333333333,7,395,395,179,212,10,184,168,26,0,1.3575171215011477,0.9067736778339665,0.5713204629739447,0.6880509447076839,0.4514546110459584,0.4664437432204463,0.3249207574780995,101
43,1188,1212,0.495,1186,0.4941666666666666,2,0.0008333333333333,0,0.0,2,0.0008333333333333,7,399,399,180,216,10,185,170,26,0,1.3532315165596027,0.9354084685349072,0.5808682617923014,0.700778072043466,0.4582972449465391,0.4732053032558765,0.331230463393215,101
44,1196,1204,0.4983333333333333,1194,0.4975,2,0.0008333333333333,0,0.0,2,0.0008333333333333,7,401,401,180,219,10,186,172,26,0,1.349254865069536,0.9650557981250212,0.5902846438821203,0.7139414777451398,0.4655030023899362,0.480654898219413,0.3376294116956883,101
45,1200,1200,0.5,1199,0.4995833333333333,1,0.0004166666666666,0,0.0,1,0.0004166666666666,7,403,403,180,219,10,187,173,27,0,1.3453371518525834,0.995985050918144,0.6001673480112493,0.7275909845942177,0.4725697431042217,0.4883531810616724,0.344151667630812,101
46,1207,1193,0.5029166666666667,1206,0.5025,1,0.0004166666666666,0,0.0,1,0.0004166666666666,7,405,405,183,220,10,187,174,27,0,1.3334007331238762,1.0195889436550074,0.6069033679215198,0.7372898234436327,0.4771116507457354,0.4935101546447878,0.3483931139317103,101
47,1209,1191,0.50375,1208,0.5033333333333333,1,0.0004166666666666,0,0.0,1,0.0004166666666666,7,407,407,183,220,10,187,174,27,0,1.323830623214044,1.045849023566943,0.6144671362343092,0.7481289429212319,0.48249358174507,0.4996242534808387,0.3531944660161143,101
48,1214,1186,0.5058333333333334,1213,0.5054166666666666,1,0.0004166666666666,0,0.0,1,0.0004166666666666,7,408,408,184,222,10,188,174,27,0,1.3072493013678952,1.0690612212052657,0.6187797030468953,0.7550696834929164,0.485374888133144,0.503307187876131,0.35633562071631,101
49,1217,1183,0.5070833333333333,1216,0.5066666666666667,1,0.0004166666666666,0,0.0,1,0.0004166666666666,7,410,410,184,223,10,188,174,27,0,1.29039091065209,1.0905902138774628,0.6228419055544852,0.7616962631233809,0.4878630382707645,0.5067728051120692,0.3589521367464212,101
50,1223,1177,0.5095833333333334,1222,0.5091666666666667,1,0.0004166666666666,0,0.0,1,0.0004166666666666,7,413,413,185,224,10,189,174,27,0,1.2675367197159702,1.1077052013573043,0.6240508236189014,0.764805870852723,0.4881392124039352,0.5082249144448426,0.3598462301848283,101
51,1224,1176,0.51,1223,0.5095833333333334,1,0.0004166666666666,0,0.0,1,0.0004166666666666,7,413,413,185,225,10,189,174,27,0,1.2485342849907757,1.1271005842597923,0.6264689841971218,0.769704962224058,0.4895834908999315,0.5104938289529348,0.3613542334678922,101
52,1223,1177,0.5095833333333334,1222,0.5091666666666667,1,0.0004166666666666,0,0.0,1,0.0004166666666666,7,414,414,185,225,10,187,174,27,0,1.2285039347197408,1.1440945850033828,0.6267730671186059,0.7726164067159348,0.4906111373518556,0.5124475437120979,0.3621812046616731,101
53,1223,1177,0.5095833333333334,1222,0.5091666666666667,1,0.0004166666666666,0,0.0,1,0.0004166666666666,7,414,414,185,225,10,187,174,27,0,1.2076292220239209,1.1624308337802325,0.6273597400755734,0.775456031077029,0.4906324980591101,0.5133719577746446,0.3625975020160158,101
54,1224,1176,0.51,1223,0.5095833333333334,1,0.0004166666666666,0,0.0,1,0.0004166666666666,7,415,415,185,225,10,187,174,27,0,1.1852509109915048,1.1791565512597262,0.6264001941730698,0.7764418244956491,0.4893938086039627,0.5131160256432153,0.3620584218238241,101
55,1223,1177,0.5095833333333334,1222,0.5091666666666667,1,0.0004166666666666,0,0.0,1,0.0004166666666666,7,415,415,185,225,10,186,174,27,0,1.1623027308269054,1.1944015386208855,0.6242735542955953,0.7763080819409481,0.4878219586664211,0.5127564458677978,0.3608627871287329,101
56,1220,1180,0.5083333333333333,1219,0.5079166666666667,1,0.0004166666666666,0,0.0,1,0.0004166666666666,7,414,414,185,225,10,185,174,26,0,1.1402221717361372,1.211847821780263,0.6215690099469748,0.7761783846913108,0.4855642754787909,0.5123466791100253,0.3596374291953474,101
57,1216,1184,0.5066666666666667,1215,0.50625,1,0.0004166666666666,0,0.0,1,0.0004166666666666,7,413,413,185,224,10,184,173,26,0,1.1183408705109912,1.2282158271918555,0.6183272649487128,0.7741759393215933,0.4827677723915033,0.5109678707488993,0.3578182610167493,101
58,1206,1194,0.5025,1205,0.5020833333333333,1,0.0004166666666666,0,0.0,1,0.0004166666666666,7,408,408,184,224,9,181,173,26,0,1.0969241325206196,1.2458964744275205,0.6151821031394125,0.7729494096735288,0.4805422896415117,0.5098437575652993,0.3560002492685243,101
59,1191,1209,0.49625,1190,0.4958333333333333,1,0.0004166666666666,0,0.0,1,0.0004166666666666,7,402,402,182,218,9,181,172,26,0,1.0767821272928877,1.261154186687034,0.6147484564284912,0.7711253624097063,0.4752551401813632,0.5090189102375442,0.3538792507808638,101
60,1173,1227,0.48875,1173,0.48875,0,0.0,0,0.0,0,0.0,7,400,400,181,213,8,177,168,26,0,1.0573913476309895,1.2775881981028754,0.6090339472276552,0.7640644874075486,0.4697621064786145,0.5061853882895351,0.3512964823762216,101
61,1149,1251,0.47875,1149,0.47875,0,0.0,0,0.0,0,0.0,7,397,397,178,203,6,174,165,26,0,1.039069836273874,1.2943496157705183,0.6062233484026102,0.7557533834965966,0.4602982725618281,0.5030489064679775,0.3486744240492653,101
62,1114,1286,0.4641666666666666,1114,0.4641666666666666,0,0.0,0,0.0,0,0.0,7,389,389,178,188,6,169,158,26,0,1.022630658302038,1.3078904803819615,0.6019368313958056,0.7444334795818383,0.4503016258815496,0.5039839200331097,0.3460708426881111,101
63,1087,1313,0.4529166666666667,1087,0.4529166666666667,0,0.0,0,0.0,0,0.0,7,384,384,176,181,6,163,153,24,0,1.0051378676697635,1.3270446398283655,0.5933109167570373,0.7357785082891682,0.4426969536746698,0.5019967191300486,0.3420925303528696,101
64,1036,1364,0.4316666666666666,1036,0.4316666666666666,0,0.0,0,0.0,0,0.0,7,372,372,169,172,6,149,147,21,0,0.9893672256771088,1.341416317308202,0.5828929229151268,0.7275875902786942,0.4370658289740209,0.5020829874842531,0.3388600583915501,101
65,986,1414,0.4108333333333333,986,0.4108333333333333,0,0.0,0,0.0,0,0.0,7,358,358,159,167,6,141,134,21,0,0.9731949503094638,1.3572535240037826,0.57278223518333,0.7205777861205767,0.437156767105955,0.4918152162580302,0.3347974391941833,101
66,918,1482,0.3825,918,0.3825,0,0.0,0,0.0,0,0.0,7,338,338,148,151,6,135,121,19,0,0.9585448512812136,1.3676626757035626,0.5677589266268215,0.7125953006787538,0.4284777993117504,0.485243485959284,0.3307211784652054,101
67,833,1567,0.3470833333333333,833,0.3470833333333333,0,0.0,0,0.0,0,0.0,7,316,316,132,134,6,126,106,13,0,0.9448504030808488,1.365647307943416,0.5588601297965718,0.7063723315901135,0.4174349332515887,0.476544676628452,0.3266896000452029,101
68,758,1642,0.3158333333333333,758,0.3158333333333333,0,0.0,0,0.0,0,0.0,7,284,284,121,118,6,119,98,12,0,0.9313881950426388,1.3590294223437331,0.5629595404991906,0.7063736292851805,0.4098964571402658,0.4779446102387095,0.3218904740428103,101
69,680,1720,0.2833333333333333,680,0.2833333333333333,0,0.0,0,0.0,0,0.0,7,257,257,110,95,6,110,90,12,0,0.9210601524247992,1.342788771455713,0.5702603458735632,0.6978708599223857,0.3951580469772351,0.4825636948831338,0.3176116836491688,101
70,600,1800,0.25,600,0.25,0,0.0,0,0.0,0,0.0,7,227,227,100,82,5,99,78,9,0,0.907935475121721,1.3265844563900833,0.5645133341658143,0.691708600953693,0.3855701275526126,0.4818908961023301,0.3130515805871186,101
71,545,1855,0.2270833333333333,545,0.2270833333333333,0,0.0,0,0.0,0,0.0,7,206,206,94,71,5,93,68,8,0,0.8963603840536385,1.3222510063526507,0.5603220050423601,0.6825480185440224,0.3758273309446573,0.4803626229199328,0.3080787926841117,101
72,497,1903,0.2070833333333333,497,0.2070833333333333,0,0.0,0,0.0,0,0.0,7,191,191,86,62,4,86,60,8,0,0.8845154823052563,1.3218535357051124,0.5554439366407222,0.6699079662462114,0.3664059146400825,0.4725747113424459,0.302678523732163,101
73,438,1962,0.1825,438,0.1825,0,0.0,0,0.0,0,0.0,7,170,170,77,54,2,73,56,6,0,0.8735927785604715,1.3110221737283798,0.5501250004819115,0.6621806207541323,0.3557103159620398,0.4762876763820866,0.2979673057993284,101
74,391,2009,0.1629166666666666,391,0.1629166666666666,0,0.0,0,0.0,0,0.0,7,153,153,67,51,1,65,49,5,0,0.8615061604823308,1.3037684239688714,0.5417609829362539,0.6598739813114212,0.3557441924152437,0.4643124360236379,0.2917532765168696,101
75,335,2065,0.1395833333333333,335,0.1395833333333333,0,0.0,0,0.0,0,0.0,7,136,136,49,43,1,57,44,5,0,0.849809153332439,1.287744230116368,0.5499532342362234,0.6644242941514862,0.3528593396024286,0.4433967424896699,0.2863057823078707,101
76,296,2104,0.1233333333333333,296,0.1233333333333333,0,0.0,0,0.0,0,0.0,7,119,119,44,40,1,49,38,5,0,0.8408239535994977,1.2803869423002172,0.5410487396921991,0.660729558437264,0.3587833153178072,0.4408788563295877,0.2804551149623287,101
77,260,2140,0.1083333333333333,260,0.1083333333333333,0,0.0,0,0.0,0,0.0,7,106,106,39,33,1,48,29,4,0,0.8336625172002042,1.2792151331346495,0.5387777583667078,0.6524146287395889,0.3469992321318397,0.4240134708181909,0.2753904729926198,101
78,212,2188,0.0883333333333333,212,0.0883333333333333,0,0.0,0,0.0,0,0.0,6,88,88,33,22,0,41,25,3,0,0.8261275345131602,1.2685037996273598,0.5486595893090236,0.6369709060662401,0.3157693584710472,0.4294803986640531,0.2717334399330433,101
79,175,2225,0.0729166666666666,175,0.0729166666666666,0,0.0,0,0.0,0,0.0,6,74,74,29,15,0,35,21,1,0,0.8202774625562014,1.2533084115925006,0.5463623066611607,0.6252457288032791,0.2873532541309483,0.4397164106594424,0.2670396104175032,101
80,151,2249,0.0629166666666666,151,0.0629166666666666,0,0.0,0,0.0,0,0.0,6,65,65,25,14,0,31,15,1,0,0.8137163040451234,1.2675714380455565,0.5281911516862681,0.6131070273672272,0.2916310009967075,0.4164624669462456,0.2613527225938628,101
81,122,2278,0.0508333333333333,122,0.0508333333333333,0,0.0,0,0.0,0,0.0,6,52,52,17,12,0,26,14,1,0,0.8061492634477027,1.2676135410714595,0.5498041184889333,0.6387634572581762,0.2961406856619442,0.4037490538786686,0.256214302250204,101
82,95,2305,0.0395833333333333,95,0.0395833333333333,0,0.0,0,0.0,0,0.0,6,41,41,13,9,0,19,12,1,0,0.8013899722773546,1.2528804421790551,0.548909142035868,0.6320097654390028,0.2933434559337113,0.4115032384470515,0.2514352733412042,101
83,74,2326,0.0308333333333333,74,0.0308333333333333,0,0.0,0,0.0,0,0.0,6,35,35,11,6,0,13,8,1,0,0.7978472912639087,1.2451185063932984,0.5058933034578434,0.5726032956287259,0.2793513138424059,0.4024109913404112,0.2456830822985305,101
84,54,2346,0.0225,54,0.0225,0,0.0,0,0.0,0,0.0,6,25,25,10,2,0,9,7,1,0,0.7946899999205975,1.2026249882331888,0.5230167989950677,0.5412756189957524,0.2405722819486202,0.4596286998435061,0.2420570739100741,101
85,35,2365,0.0145833333333333,35,0.0145833333333333,0,0.0,0,0.0,0,0.0,5,19,19,6,2,0,4,4,0,0,0.791630789459101,1.113866930807762,0.4405968669554195,0.497011127372871,0.2444311110929879,0.4327692606452789,0.2401771577275483,101
86,30,2370,0.0125,30,0.0125,0,0.0,0,0.0,0,0.0,5,19,19,4,1,0,3,3,0,0,0.7914101019165375,1.098768908310901,0.4164601914763074,0.4493516877559815,0.2244431127639127,0.3838735606133295,0.2370642080436832,101
87,26,2374,0.0108333333333333,26,0.0108333333333333,0,0.0,0,0.0,0,0.0,5,17,17,4,1,0,2,2,0,0,0.7866916423132403,1.1318322045031604,0.3662486544242208,0.4042113405063906,0.2254806092813624,0.3781492078274561,0.2308694209127376,101
88,20,2380,0.0083333333333333,20,0.0083333333333333,0,0.0,0,0.0,0,0.0,4,14,14,3,0,0,2,1,0,0,0.7839085303704986,1.1451460148456476,0.3613635269026564,0.3613010659806438,0.186465047083463,0.3469846108888226,0.2278785853099937,101
89,14,2386,0.0058333333333333,14,0.0058333333333333,0,0.0,0,0.0,0,0.0,3,11,11,1,0,0,2,0,0,0,0.7833902199713974,1.1126067909508337,0.3576774334217267,0.3575899963533304,0.1893812353411377,0.2221969398739372,0.2253598836605581,101
90,10,2390,0.0041666666666666,10,0.0041666666666666,0,0.0,0,0.0,0,0.0,2,9,9,1,0,0,0,0,0,0,0.7866722536917307,1.0937454970588196,0.2211169439950371,0.2210549861255933,0.193458467575871,0.2537302183309765,0.2251667161464729,101
91,5,2395,0.0020833333333333,5,0.0020833333333333,0,0.0,0,0.0,0,0.0,2,4,4,1,0,0,0,0,0,0,0.7731406033255929,0.8769209662936934,0.2265858637597827,0.2265558949864277,0.1982481872733985,0.3565304391433487,0.2201275884783473,101
92,5,2395,0.0020833333333333,5,0.0020833333333333,0,0.0,0,0.0,0,0.0,2,4,4,1,0,0,0,0,0,0,0.771516033079363,0.8948288696643238,0.2280400194825323,0.2280130475865128,0.1995220178824455,0.3575563146981233,0.2167937490996221,101
93,4,2396,0.0016666666666666,4,0.0016666666666666,0,0.0,0,0.0,0,0.0,2,3,3,1,0,0,0,0,0,0,0.7746094386395433,0.8755191677811378,0.2334878572433696,0.2334586057367119,0.2042889608267108,0.4108540498450975,0.2153370160285707,101
94,4,2396,0.0016666666666666,4,0.0016666666666666,0,0.0,0,0.0,0,0.0,2,3,3,1,0,0,0,0,0,0,0.7734062893608834,0.931967251003024,0.2336377621345716,0.2336114357785797,0.2044214190326363,0.410967728291465,0.2102523978565909,101
95,3,2397,0.00125,3,0.00125,0,0.0,0,0.0,0,0.0,2,2,2,1,0,0,0,0,0,0,0.7741153955680035,0.9729013734425463,0.23256177446976,0.2325396022296948,0.2034744511559104,0.4927084862331994,0.2085088971086642,101
96,2,2398,0.0008333333333333,2,0.0008333333333333,0,0.0,0,0.0,0,0.0,2,1,1,1,0,0,0,0,0,0,0.7879182128276346,1.0199846271649853,0.2361029171306384,0.2360865886386541,0.2065947801168575,0.6601829503583347,0.2066145105503822,101
97,1,2399,0.0004166666666666,1,0.0004166666666666,0,0.0,0,0.0,0,0.0,1,1,1,0,0,0,0,0,0,0,0.7783130852095108,1.0241323882957585,0.2360051696919,0.235983016152928,0.2065051634597355,0.1652378592791119,0.2062918208457113,101
98,1,2399,0.0004166666666666,1,0.0004166666666666,0,0.0,0,0.0,0,0.0,1,1,1,0,0,0,0,0,0,0,0.7812559778158704,1.1017191494661829,0.2330738801934157,0.2330539420083409,0.2039402211506294,0.1631825325806948,0.2001310979906342,101
99,0,2400,0.0,0,0.0,0,0.0,0,0.0,0,0.0,0,0,0,0,0,0,0,0,0,0,0.0,0.0,0.0,0.0,0.0,0.0,0.0,101
100,0,2400,0.0,0,0.0,0,0.0,0,0.0,0,0.0,0,0,0,0,0,0,0,0,0,0,0.0,0.0,0.0,0.0,0.0,0.0,0.0,101
101,0,2400,0.0,0,0.0,0,0.0,0,0.0,0,0.0,0,0,0,0,0,0,0,0,0,0,0.0,0.0,0.0,0.0,0.0,0.0,0.0,101
102,0,2400,0.0,0,0.0,0,0.0,0,0.0,0,0.0,0,0,0,0,0,0,0,0,0,0,0.0,0.0,0.0,0.0,0.0,0.0,0.0,101
103,0,2400,0.0,0,0.0,0,0.0,0,0.0,0,0.0,0,0,0,0,0,0,0,0,0,0,0.0,0.0,0.0,0.0,0.0,0.0,0.0,101
104,0,2400,0.0,0,0.0,0,0.0,0,0.0,0,0.0,0,0,0,0,0,0,0,0,0,0,0.0,0.0,0.0,0.0,0.0,0.0,0.0,101
105,0,2400,0.0,0,0.0,0,0.0,0,0.0,0,0.0,0,0,0,0,0,0,0,0,0,0,0.0,0.0,0.0,0.0,0.0,0.0,0.0,101
106,0,2400,0.0,0,0.0,0,0.0,0,0.0,0,0.0,0,0,0,0,0,0,0,0,0,0,0.0,0.0,0.0,0.0,0.0,0.0,0.0,101
107,0,2400,0.0,0,0.0,0,0.0,0,0.0,0,0.0,0,0,0,0,0,0,0,0,0,0,0.0,0.0,0.0,0.0,0.0,0.0,0.0,101
108,0,2400,0.0,0,0.0,0,0.0,0,0.0,0,0.0,0,0,0,0,0,0,0,0,0,0,0.0,0.0,0.0,0.0,0.0,0.0,0.0,101
109,0,2400,0.0,0,0.0,0,0.0,0,0.0,0,0.0,0,0,0,0,0,0,0,0,0,0,0.0,0.0,0.0,0.0,0.0,0.0,0.0,101
110,0,2400,0.0,0,0.0,0,0.0,0,0.0,0,0.0,0,0,0,0,0,0,0,0,0,0,0.0,0.0,0.0,0.0,0.0,0.0,0.0,101
111,0,2400,0.0,0,0.0,0,0.0,0,0.0,0,0.0,0,0,0,0,0,0,0,0,0,0,0.0,0.0,0.0,0.0,0.0,0.0,0.0,101
112,0,2400,0.0,0,0.0,0,0.0,0,0.0,0,0.0,0,0,0,0,0,0,0,0,0,0,0.0,0.0,0.0,0.0,0.0,0.0,0.0,101
113,0,2400,0.0,0,0.0,0,0.0,0,0.0,0,0.0,0,0,0,0,0,0,0,0,0,0,0.0,0.0,0.0,0.0,0.0,0.0,0.0,101
114,0,2400,0.0,0,0.0,0,0.0,0,0.0,0,0.0,0,0,0,0,0,0,0,0,0,0,0.0,0.0,0.0,0.0,0.0,0.0,0.0,101
115,0,2400,0.0,0,0.0,0,0.0,0,0.0,0,0.0,0,0,0,0,0,0,0,0,0,0,0.0,0.0,0.0,0.0,0.0,0.0,0.0,101
116,0,2400,0.0,0,0.0,0,0.0,0,0.0,0,0.0,0,0,0,0,0,0,0,0,0,0,0.0,0.0,0.0,0.0,0.0,0.0,0.0,101
117,0,2400,0.0,0,0.0,0,0.0,0,0.0,0,0.0,0,0,0,0,0,0,0,0,0,0,0.0,0.0,0.0,0.0,0.0,0.0,0.0,101
118,0,2400,0.0,0,0.0,0,0.0,0,0.0,0,0.0,0,0,0,0,0,0,0,0,0,0,0.0,0.0,0.0,0.0,0.0,0.0,0.0,101
119,0,2400,0.0,0,0.0,0,0.0,0,0.0,0,0.0,0,0,0,0,0,0,0,0,0,0,0.0,0.0,0.0,0.0,0.0,0.0,0.0,101
0,30,2370,0.0125,0,0.0,30,0.0125,0,0.0,30,0.0125,0,0,0,0,0,0,0,0,0,0,0.8814317329649902,0.4443370146432903,0.5341484410492509,0.5652195912411211,0.562046619552024,0.3697407672487868,0.3804112183129939,104
1,49,2351,0.0204166666666666,0,0.0,49,0.0204166666666666,0,0.0,49,0.0204166666666666,0,0,0,0,0,0,0,0,0,0,0.6256729596956754,0.2681040692932415,0.3241537462390116,0.3356614460227789,0.335238315296342,0.2313758380412026,0.2267477595627544,104
2,53,2347,0.0220833333333333,0,0.0,53,0.0220833333333333,0,0.0,53,0.0220833333333333,0,0,0,0,0,0,0,0,0,0,0.7302751143898367,0.2778752727515463,0.3057773344195059,0.3119673338491363,0.3166533569198067,0.2168317383593543,0.214767838562212,104
3,60,2340,0.025,22,0.0091666666666666,38,0.0158333333333333,0,0.0,38,0.0158333333333333,6,5,4,2,0,0,4,3,5,4,0.7820507888337238,0.2587108418374793,0.2722015597541898,0.2817802979753999,0.287484907835346,0.2008016936702458,0.1952768189526942,104
4,67,2333,0.0279166666666666,25,0.0104166666666666,42,0.0175,0,0.0,42,0.0175,6,5,4,3,0,0,5,4,5,4,0.8343704836630028,0.2479162008839384,0.2788350430127211,0.2731365736967416,0.277887656089303,0.2014605050437402,0.183442660691829,104
5,78,2322,0.0325,41,0.0170833333333333,37,0.0154166666666666,0,0.0,37,0.0154166666666666,7,17,17,3,2,0,6,4,5,4,0.8401945524750375,0.234119832221814,0.2739370704000329,0.2580236434891541,0.2615324628652002,0.1989457481955449,0.1683575461344314,104
6,92,2308,0.0383333333333333,54,0.0225,38,0.0158333333333333,0,0.0,38,0.0158333333333333,7,24,24,5,2,0,7,6,6,4,0.83324734699786,0.2235131763257755,0.2670871424622861,0.2450314578646595,0.239675068799557,0.1906030540491205,0.155280910696349,104
7,107,2293,0.0445833333333333,67,0.0279166666666666,40,0.0166666666666666,0,0.0,40,0.0166666666666666,7,31,31,8,2,0,9,7,6,4,0.8392540495519619,0.2246625327081702,0.2707983341461923,0.2390948593672634,0.2326630405211716,0.1941169141581548,0.148195710975982,104
8,112,2288,0.0466666666666666,76,0.0316666666666666,36,0.015,0,0.0,36,0.015,7,35,35,8,2,0,12,8,7,4,0.9375255094015584,0.2516696598196141,0.2972507098114553,0.2611567071963999,0.2470408223876631,0.2139357048516894,0.1588048959039071,104
9,120,2280,0.05,90,0.0375,30,0.0125,0,0.0,30,0.0125,7,43,43,8,2,0,13,10,9,5,0.9980440179161622,0.2620025142484759,0.3166466498073134,0.278349256504489,0.2587784381118175,0.2256477691288339,0.1645254482809409,104
10,138,2262,0.0575,112,0.0466666666666666,26,0.0108333333333333,0,0.0,26,0.0108333333333333,7,56,56,10,4,0,14,11,10,7,0.9765854100042024,0.2554802285422857,0.3189547459381788,0.2749525207848293,0.2548139409405951,0.2279345123122447,0.1590540444233102,104
11,155,2245,0.0645833333333333,136,0.0566666666666666,19,0.0079166666666666,0,0.0,19,0.0079166666666666,7,71,71,10,6,0,19,12,10,8,0.982547661153428,0.2615396411932378,0.3235347561865255,0.2784548402705521,0.2541335516222272,0.234134010640516,0.1588954214819159,104
12,176,2224,0.0733333333333333,157,0.0654166666666666,19,0.0079166666666666,0,0.0,19,0.0079166666666666,7,79,79,10,6,0,28,14,12,8,0.9761644711346494,0.2662771587866854,0.3234910470153652,0.2806924241476881,0.2534857569234826,0.2353111477046726,0.1574545613596761,104
13,204,2196,0.085,185,0.0770833333333333,19,0.0079166666666666,0,0.0,19,0.0079166666666666,7,97,97,13,6,0,33,16,12,8,0.950548075304376,0.2660504997637796,0.3246674032272261,0.2793598166759288,0.2439876340534074,0.2315931243530203,0.1531755311333318,104
14,223,2177,0.0929166666666666,210,0.0875,13,0.0054166666666666,0,0.0,13,0.0054166666666666,7,111,111,14,12,0,34,18,13,8,0.9862762991339544,0.2874926984602237,0.3396478767886066,0.2941153701956909,0.2540217968479478,0.2376677819674119,0.1592269648629449,104
15,240,2160,0.1,228,0.095,12,0.005,0,0.0,12,0.005,7,117,117,16,12,0,37,22,16,8,1.0310056471071656,0.3078657690873618,0.3576934308765294,0.3132303571192603,0.263383599306301,0.2467458661363874,0.1668670145218173,104
16,257,2143,0.1070833333333333,247,0.1029166666666666,10,0.0041666666666666,0,0.0,10,0.0041666666666666,7,123,123,16,14,0,41,26,17,10,1.0733346456315314,0.3262218137076662,0.3754614569632339,0.3324593336212255,0.2745981740672891,0.2566564176121083,0.1746185963375051,104
17,288,2112,0.12,280,0.1166666666666666,8,0.0033333333333333,0,0.0,8,0.0033333333333333,7,137,137,17,14,0,53,28,18,13,1.0593718335646076,0.3262052274673028,0.3759243097753009,0.3355508670267959,0.2760016479919621,0.260059305249957,0.1735435604821331,104
18,321,2079,0.13375,316,0.1316666666666666,5,0.0020833333333333,0,0.0,5,0.0020833333333333,7,152,152,19,17,0,61,31,21,15,1.05299677893542,0.3345806696558405,0.3805979056095748,0.3407019384609852,0.2753957703180352,0.2612137910958647,0.1742815175570419,104
19,360,2040,0.15,356,0.1483333333333333,4,0.0016666666666666,0,0.0,4,0.0016666666666666,7,170,170,21,22,0,70,36,21,16,1.0410349696920318,0.3404343207321456,0.3832118832488657,0.3432922949688924,0.2749556179504961,0.2618977915600427,0.1737687103872925,104
20,393,2007,0.16375,390,0.1625,3,0.00125,0,0.0,3,0.00125,7,183,183,25,25,0,77,43,21,16,1.0583469526982936,0.3579153178555093,0.3947256893030517,0.3557903429028795,0.2804202268772533,0.2663583337364116,0.178269447834911,104
21,428,1972,0.1783333333333333,426,0.1775,2,0.0008333333333333,0,0.0,2,0.0008333333333333,7,196,196,28,28,0,87,48,23,16,1.074327635853354,0.3777631960876019,0.4046187575230334,0.3682344597959635,0.2848680650922429,0.2714613321691788,0.1831292449877449,104
22,472,1928,0.1966666666666666,470,0.1958333333333333,2,0.0008333333333333,0,0.0,2,0.0008333333333333,7,213,213,33,28,0,103,51,26,16,1.073026372459768,0.3875897947731873,0.4106998913364221,0.3749539032069516,0.2848497662156833,0.2725114635164304,0.184623972562442,104
23,512,1888,0.2133333333333333,512,0.2133333333333333,0,0.0,0,0.0,0,0.0,7,231,231,34,32,0,118,55,26,16,1.08876633172572,0.4049221578508785,0.4224488318644216,0.3869475943294023,0.2877922583761865,0.2767092867415082,0.1891667747940704,104
24,553,1847,0.2304166666666666,553,0.2304166666666666,0,0.0,0,0.0,0,0.0,7,247,247,35,36,0,130,60,27,18,1.1052727584493915,0.4231467094714011,0.4339853734641465,0.4000134994232894,0.2915109719717799,0.2807246859788995,0.1941048090867464,104
25,583,1817,0.2429166666666666,583,0.2429166666666666,0,0.0,0,0.0,0,0.0,7,254,254,37,38,0,137,66,29,22,1.1454765636932511,0.449722328137078,0.4538031784049677,0.4218324909889124,0.3021895120438058,0.289706971433531,0.2032337907220737,104
26,631,1769,0.2629166666666667,631,0.2629166666666667,0,0.0,0,0.0,0,0.0,7,268,268,38,43,0,147,74,33,28,1.1476693335317845,0.4600908170737318,0.4594712358595103,0.429982823749549,0.303498745564024,0.2939079061379764,0.2059081261913312,104
27,684,1716,0.285,684,0.285,0,0.0,0,0.0,0,0.0,7,286,286,39,52,0,160,85,34,28,1.1460897264917096,0.4729262792634101,0.4652285191078177,0.4363093976566998,0.3044666002090953,0.2962134003680717,0.208385807802525,104
28,741,1659,0.30875,741,0.30875,0,0.0,0,0.0,0,0.0,7,307,307,43,58,0,178,90,35,30,1.1433898743899982,0.4888764069022333,0.4700740766794148,0.4428978222855391,0.3057250411550984,0.2980344674386667,0.2110551390884188,104
29,791,1609,0.3295833333333333,791,0.3295833333333333,0,0.0,0,0.0,0,0.0,7,321,321,45,64,0,198,95,37,31,1.15625747688919,0.5121968088029071,0.4798439085122357,0.455155966938063,0.3112084202451002,0.3028073846807556,0.2165470806246694,104
30,825,1575,0.34375,825,0.34375,0,0.0,0,0.0,0,0.0,7,332,332,48,68,0,206,100,39,32,1.1921929760616303,0.5478411008324722,0.5003868608666919,0.4773304213661443,0.322305587907196,0.3133757270984865,0.2267748024623101,104
31,869,1531,0.3620833333333333,869,0.3620833333333333,0,0.0,0,0.0,0,0.0,7,341,341,53,73,0,226,104,39,33,1.2088654453854195,0.5736617000783774,0.5128260263960338,0.4920312299499271,0.3299474846074345,0.3188843036972279,0.2335767566188171,104
32,901,1499,0.3754166666666667,901,0.3754166666666667,0,0.0,0,0.0,0,0.0,7,358,358,55,75,0,235,105,40,33,1.2396009956363343,0.6082628364387347,0.5321688308217591,0.5134938696759624,0.3409425255517518,0.328778885518552,0.2435690649228861,104
33,943,1457,0.3929166666666667,943,0.3929166666666667,0,0.0,0,0.0,0,0.0,7,371,371,58,83,0,247,110,41,33,1.2510740231762951,0.6318306829991194,0.5433321398661511,0.5269858469332362,0.3468611279073505,0.3339501309940852,0.249905076418272,104
34,987,1413,0.41125,987,0.41125,0,0.0,0,0.0,0,0.0,7,388,388,61,89,0,260,114,41,34,1.2572259906452083,0.6545924018858685,0.5540984954370132,0.5389005094225103,0.3512759388117343,0.3390378872171014,0.2555590461110776,104
35,1025,1375,0.4270833333333333,1025,0.4270833333333333,0,0.0,0,0.0,0,0.0,7,402,402,63,95,0,272,117,42,34,1.268729421674195,0.6843770054587487,0.5665190175410768,0.5533019115093895,0.3584568178962466,0.3443725727378609,0.2629264355165334,104
36,1062,1338,0.4425,1062,0.4425,0,0.0,0,0.0,0,0.0,7,412,412,66,102,0,281,124,43,34,1.2781354241510656,0.7136890654761735,0.576813658105925,0.5670778455938654,0.3652968494672924,0.3488933900177878,0.2699947248788064,104
37,1086,1314,0.4525,1086,0.4525,0,0.0,0,0.0,0,0.0,7,420,420,68,105,0,289,127,43,34,1.2987418591973174,0.7500147410516805,0.5939637304205412,0.5868151068529285,0.3754170656511046,0.3567582534136007,0.2796819511010385,104
38,1112,1288,0.4633333333333333,1112,0.4633333333333333,0,0.0,0,0.0,0,0.0,7,425,425,69,110,0,301,130,43,34,1.310427493723359,0.783309719338052,0.6076667872649641,0.603389015142778,0.3833160711226551,0.3636626408866064,0.2880204034052671,104
39,1134,1266,0.4725,1134,0.4725,0,0.0,0,0.0,0,0.0,7,428,428,71,117,0,307,134,43,34,1.3216490281914162,0.8153865671195076,0.622268440368203,0.6207822360567534,0.3912812422047103,0.3707118843059234,0.2962330249218843,104
40,1151,1249,0.4795833333333333,1151,0.4795833333333333,0,0.0,0,0.0,0,0.0,7,430,430,72,119,0,315,136,44,35,1.332997976327479,0.8488162731556638,0.6376319123918602,0.6392926654126557,0.4001583086072036,0.3785533205996481,0.3048148398562877,104
41,1171,1229,0.4879166666666666,1171,0.4879166666666666,0,0.0,0,0.0,0,0.0,7,437,437,72,124,0,321,137,44,36,1.3345366932192648,0.8775275639299356,0.649562597827551,0.6540578387531484,0.406382308111119,0.3839560556775358,0.3115684138022243,104
42,1184,1216,0.4933333333333333,1184,0.4933333333333333,0,0.0,0,0.0,0,0.0,7,438,438,72,125,0,327,142,44,36,1.3394814499904832,0.9076708611704034,0.6630052032207524,0.670894020885299,0.4146425700504489,0.3906264577463538,0.3190061034058617,104
43,1194,1206,0.4975,1194,0.4975,0,0.0,0,0.0,0,0.0,7,443,443,72,126,0,331,142,44,36,1.341955456780881,0.938725351476702,0.6769265808290621,0.687599392030866,0.4218535409229342,0.3973712168194869,0.3263660030066338,104
44,1203,1197,0.50125,1203,0.50125,0,0.0,0,0.0,0,0.0,7,445,445,72,127,0,335,144,44,36,1.34018638435547,0.9688264860323048,0.6894260886673687,0.7025278233539127,0.428213979208668,0.4029878658684955,0.3330331439765599,104
45,1212,1188,0.505,1212,0.505,0,0.0,0,0.0,0,0.0,7,449,449,72,129,0,337,145,44,36,1.3333822031454832,0.996300690121433,0.7000041613740448,0.7154142609898576,0.4333412566174401,0.4073722007740012,0.3386029966712207,104
46,1214,1186,0.5058333333333334,1214,0.5058333333333334,0,0.0,0,0.0,0,0.0,7,449,449,73,129,0,338,145,44,36,1.3298579749216426,1.0273120204155342,0.7125882987876624,0.7304169225423377,0.4395274359759019,0.4132131066158253,0.3451123858517549,104
47,1220,1180,0.5083333333333333,1220,0.5083333333333333,0,0.0,0,0.0,0,0.0,7,451,451,73,132,0,338,145,44,37,1.317378187494344,1.0510205848409957,0.7209101008017204,0.7407381291167634,0.4432164575937892,0.4169100761940092,0.3492017084823869,104
48,1223,1177,0.5095833333333334,1223,0.5095833333333334,0,0.0,0,0.0,0,0.0,7,452,452,73,133,0,339,145,44,37,1.3041961969048756,1.0749309911327989,0.729055773527943,0.7509802576101949,0.4468111409875419,0.4204023434421622,0.3531413314919099,104
49,1228,1172,0.5116666666666667,1228,0.5116666666666667,0,0.0,0,0.0,0,0.0,7,454,454,73,135,0,339,145,44,38,1.2860597047022713,1.094189366400546,0.7344389998135503,0.7581419460399085,0.4487363424933975,0.4220376288373955,0.3554475583900418,104
50,1229,1171,0.5120833333333333,1229,0.5120833333333333,0,0.0,0,0.0,0,0.0,7,455,455,73,135,0,339,145,44,38,1.26946009143524,1.116799094992583,0.7406328065527565,0.7660784727520342,0.4510767044357562,0.4243033311467582,0.3582817872310282,104
51,1231,1169,0.5129166666666667,1231,0.5129166666666667,0,0.0,0,0.0,0,0.0,7,455,455,73,136,0,339,145,44,39,1.2499677102470172,1.1360515669953632,0.7446560227236442,0.7716528215494615,0.4521811568269811,0.4254415331721145,0.3598703834993451,104
52,1234,1166,0.5141666666666667,1234,0.5141666666666667,0,0.0,0,0.0,0,0.0,7,458,458,73,136,0,339,145,44,39,1.2281413489232955,1.1524469457651252,0.7465130825202114,0.7751225044270419,0.452294060905523,0.425492014917082,0.3603373618369113,104
53,1235,1165,0.5145833333333333,1235,0.5145833333333333,0,0.0,0,0.0,0,0.0,7,458,458,74,136,0,339,145,44,39,1.2068274433807114,1.169062006450808,0.7484807977395788,0.7784447315946849,0.4520332784789687,0.4253937039949962,0.3606521515206542,104
54,1239,1161,0.51625,1239,0.51625,0,0.0,0,0.0,0,0.0,7,459,459,74,137,0,340,145,45,39,1.1818116230982083,1.1815919452542984,0.7476046877591004,0.7785877934735828,0.4501290089210658,0.423901057700168,0.3594036612410016,104
55,1240,1160,0.5166666666666667,1240,0.5166666666666667,0,0.0,0,0.0,0,0.0,7,461,461,74,137,0,340,145,44,39,1.1584517915320138,1.195647963289201,0.746516098056101,0.7793696042313302,0.4476987060579538,0.4225376521293802,0.3582555499861605,104
56,1238,1162,0.5158333333333334,1238,0.5158333333333334,0,0.0,0,0.0,0,0.0,7,461,461,74,137,0,338,145,44,39,1.1371943763640835,1.2128016832401225,0.7454948931759414,0.779433550559903,0.4462192195730346,0.4215687760971137,0.3574919302468572,104
57,1237,1163,0.5154166666666666,1237,0.5154166666666666,0,0.0,0,0.0,0,0.0,7,462,462,74,137,0,338,144,43,39,1.1138619783211177,1.2289574844902444,0.7419409261670149,0.7774951400532429,0.4428277673915626,0.4189336200975165,0.3556434876915062,104
58,1230,1170,0.5125,1230,0.5125,0,0.0,0,0.0,0,0.0,7,461,461,74,136,0,337,142,41,39,1.0931892097429918,1.2452262035450257,0.7389911613198057,0.7764389031188265,0.4387933857955918,0.4164587402813868,0.3539827099632885,104
59,1221,1179,0.50875,1221,0.50875,0,0.0,0,0.0,0,0.0,7,460,460,74,136,0,334,139,40,38,1.0729140543974909,1.2651498752724946,0.7338815578400009,0.7738933515533502,0.4352716436468224,0.4124797892351652,0.3522027354173695,104
60,1207,1193,0.5029166666666667,1207,0.5029166666666667,0,0.0,0,0.0,0,0.0,7,456,456,74,135,0,331,136,38,37,1.052976493062675,1.2835532936720166,0.7285070098394775,0.7713436293563504,0.4300570751146484,0.4085271339822141,0.3495970597124065,104
61,1184,1216,0.4933333333333333,1184,0.4933333333333333,0,0.0,0,0.0,0,0.0,7,453,453,74,134,0,321,129,36,37,1.0342279241763468,1.2984427473564528,0.7186289953834811,0.7638289886205447,0.4271314691158997,0.404005381671092,0.34685766734133,104
62,1148,1252,0.4783333333333333,1148,0.4783333333333333,0,0.0,0,0.0,0,0.0,7,445,445,72,131,0,312,122,30,36,1.0162851920497942,1.315860730037987,0.7092048032703143,0.7598324031787241,0.420091229280885,0.3986597604894915,0.343974177483613,104
63,1117,1283,0.4654166666666666,1117,0.4654166666666666,0,0.0,0,0.0,0,0.0,7,432,432,71,131,0,308,111,28,36,0.9981715709299268,1.3337933027579822,0.701889530681678,0.7562099402438086,0.4182374000261161,0.3900515124427991,0.3400299601025803,104
64,1070,1330,0.4458333333333333,1070,0.4458333333333333,0,0.0,0,0.0,0,0.0,7,414,414,70,127,0,298,103,27,31,0.9821443353790223,1.3480642986903948,0.6946308120173064,0.7538357889719988,0.4123517712759657,0.3824326782989763,0.3363427194634708,104
65,1004,1396,0.4183333333333333,1004,0.4183333333333333,0,0.0,0,0.0,0,0.0,7,395,395,66,124,0,280,90,21,28,0.9672597073018848,1.353593826599928,0.679725729318354,0.7492340739786484,0.4077409812012409,0.3721914300379923,0.332732509456648,104
66,939,1461,0.39125,939,0.39125,0,0.0,0,0.0,0,0.0,7,377,377,63,120,0,259,77,18,25,0.953619009028374,1.3581696611296148,0.6631355615155574,0.7400591855329577,0.4054026342113213,0.3621016985257076,0.3292836387410158,104
67,864,1536,0.36,864,0.36,0,0.0,0,0.0,0,0.0,7,349,349,61,107,0,236,71,18,22,0.9412618265305048,1.353565906174769,0.6589940657745003,0.7320401383949915,0.3997428730772793,0.3625174494278819,0.3257814004147739,104
68,799,1601,0.3329166666666667,799,0.3329166666666667,0,0.0,0,0.0,0,0.0,7,327,327,56,96,0,218,66,17,19,0.9275729763850908,1.3538372793691993,0.6541920863782321,0.7254218119785982,0.3915338325195166,0.3578973970973313,0.3218476100666534,104
69,742,1658,0.3091666666666666,742,0.3091666666666666,0,0.0,0,0.0,0,0.0,7,306,306,50,87,0,206,60,17,16,0.9148526809176216,1.3559462170561394,0.6527753332783934,0.7220501085935527,0.3845683094351313,0.3483974194179225,0.317021998173003,104
70,675,1725,0.28125,675,0.28125,0,0.0,0,0.0,0,0.0,7,282,282,45,75,0,193,51,16,13,0.9031694599197552,1.3502191393408391,0.6511268975669183,0.7165009253468858,0.3742200874408493,0.3377282800176883,0.312360935669778,104
71,606,1794,0.2525,606,0.2525,0,0.0,0,0.0,0,0.0,7,251,251,43,68,0,176,46,9,13,0.8916323132877458,1.343389320542378,0.6454211405796971,0.7186648251870815,0.3650239765908235,0.3414864270677938,0.3074939258800845,104
72,545,1855,0.2270833333333333,545,0.2270833333333333,0,0.0,0,0.0,0,0.0,7,226,226,40,57,0,163,42,7,10,0.8798164266728014,1.3383216051744593,0.6463435693196405,0.7175204322444101,0.3491027889023804,0.33898135848416,0.302058493296624,104
73,484,1916,0.2016666666666666,484,0.2016666666666666,0,0.0,0,0.0,0,0.0,7,202,202,36,48,0,144,40,5,9,0.8684387439924517,1.3385811348491587,0.6431667529397691,0.7114072628406879,0.3370046108737998,0.3418989274673469,0.2966756554494968,104
74,431,1969,0.1795833333333333,431,0.1795833333333333,0,0.0,0,0.0,0,0.0,7,180,180,29,44,0,134,32,4,8,0.8580262176503937,1.3419512405456366,0.6430219608080618,0.7152610702392495,0.3350776889747678,0.3237608297499441,0.292103905979412,104
75,371,2029,0.1545833333333333,371,0.1545833333333333,0,0.0,0,0.0,0,0.0,7,155,155,23,39,0,121,26,3,4,0.8467293609244928,1.3316960380374308,0.6403469321130189,0.7246687276292345,0.3249998652804162,0.3033781648478821,0.2864596844785554,104
76,314,2086,0.1308333333333333,314,0.1308333333333333,0,0.0,0,0.0,0,0.0,7,136,136,19,29,0,102,21,3,4,0.8396194113950344,1.312801746903543,0.6365793984628454,0.705179680281584,0.3134084994082971,0.2987059845899742,0.2816762003786319,104
77,270,2130,0.1125,270,0.1125,0,0.0,0,0.0,0,0.0,7,114,114,18,26,0,88,19,2,3,0.8319204405445352,1.287423990097948,0.6361863251536904,0.7125228525557035,0.3122035051224152,0.3055280693116718,0.2756666820314982,104
78,229,2171,0.0954166666666666,229,0.0954166666666666,0,0.0,0,0.0,0,0.0,7,98,98,15,21,0,75,16,2,2,0.8265806227269509,1.267255329822478,0.63572804744528,0.7086755053417603,0.3061126973600354,0.3010994820541948,0.2711852883965734,104
79,197,2203,0.0820833333333333,197,0.0820833333333333,0,0.0,0,0.0,0,0.0,7,87,87,14,19,0,62,11,2,2,0.8224805484675766,1.2605859068722045,0.6109103034453566,0.6857829507454916,0.3124313161506697,0.2932270709978831,0.267555044033668,104
80,160,2240,0.0666666666666666,160,0.0666666666666666,0,0.0,0,0.0,0,0.0,7,75,75,12,14,0,49,8,1,1,0.8154857688081677,1.2434112784879834,0.5858364119785322,0.6596556044873576,0.2929481527091758,0.2850466269664248,0.2635456982605072,104
81,131,2269,0.0545833333333333,131,0.0545833333333333,0,0.0,0,0.0,0,0.0,7,64,64,9,7,0,41,8,1,1,0.8093082442945677,1.213472067579728,0.6046030271394229,0.6420389060177015,0.2605813333582736,0.2899131045991361,0.2583949000323784,104
82,108,2292,0.045,108,0.045,0,0.0,0,0.0,0,0.0,7,57,57,6,4,0,34,5,1,1,0.8067767488657542,1.1817677714263288,0.5954558397187628,0.6136345991936906,0.2479631640607135,0.2643089642566376,0.2541201650058894,104
83,90,2310,0.0375,90,0.0375,0,0.0,0,0.0,0,0.0,6,52,52,5,4,0,24,4,1,0,0.805960542741362,1.17802542200302,0.5387831194517105,0.5715924335049611,0.2478837150124191,0.2532974460136819,0.2520227432930028,104
84,73,2327,0.0304166666666666,73,0.0304166666666666,0,0.0,0,0.0,0,0.0,5,47,47,5,2,0,17,2,0,0,0.8036729994531567,1.170067930128445,0.4747264140993301,0.501702693028047,0.2174786748780915,0.2471717811684581,0.2486633990173876,104
85,58,2342,0.0241666666666666,58,0.0241666666666666,0,0.0,0,0.0,0,0.0,4,42,42,4,0,0,11,1,0,0,0.8021283904906241,1.1468655557288947,0.4212431613379114,0.4212017188867469,0.1897548112543364,0.2370729083711213,0.2465414574191038,104
86,48,2352,0.02,48,0.02,0,0.0,0,0.0,0,0.0,4,37,37,2,0,0,8,1,0,0,0.7993517115076271,1.1375078873879036,0.4007159008005456,0.4006839090315741,0.1885361566549171,0.2126593353764197,0.2434651205495384,104
87,42,2358,0.0175,42,0.0175,0,0.0,0,0.0,0,0.0,3,35,35,2,0,0,5,0,0,0,0.7931460774326998,1.1319921376971782,0.3315239027900985,0.3314877260078858,0.187132450661147,0.1968383542046374,0.2399379111280236,104
88,35,2365,0.0145833333333333,35,0.0145833333333333,0,0.0,0,0.0,0,0.0,3,30,30,1,0,0,4,0,0,0,0.7869651694634703,1.1121926023485484,0.3252522245194198,0.3252247937552697,0.1857461204274141,0.176906397444724,0.2352203149946615,104
89,25,2375,0.0104166666666666,25,0.0104166666666666,0,0.0,0,0.0,0,0.0,3,22,22,1,0,0,2,0,0,0,0.7813236279830076,1.00587185510123,0.2955805410633841,0.295570956218212,0.1894262580682771,0.1911478337429371,0.2298395169547818,104
90,23,2377,0.0095833333333333,23,0.0095833333333333,0,0.0,0,0.0,0,0.0,3,20,20,1,0,0,2,0,0,0,0.7778232703619182,1.0337095519713524,0.3023834184828086,0.3023745042302522,0.1893547407457204,0.1945310185801194,0.2264061865235636,104
91,20,2380,0.0083333333333333,20,0.0083333333333333,0,0.0,0,0.0,0,0.0,3,17,17,1,0,0,2,0,0,0,0.7754325234335017,1.0495084721086507,0.3146930742018771,0.3146853098468533,0.1888239521485167,0.2005673959506209,0.2202190358853367,104
92,15,2385,0.00625,15,0.00625,0,0.0,0,0.0,0,0.0,2,13,13,0,0,0,2,0,0,0,0.7730980945779287,1.0131932648544368,0.3484281102009829,0.3484242806528091,0.1894780773571658,0.1516443321194978,0.2158757357124711,104
93,10,2390,0.0041666666666666,10,0.0041666666666666,0,0.0,0,0.0,0,0.0,2,9,9,0,0,0,1,0,0,0,0.7682743456643186,0.968319999939115,0.3134647703135287,0.3134429064514438,0.1877146417885042,0.1502178953064278,0.2142960416211978,104
94,9,2391,0.00375,9,0.00375,0,0.0,0,0.0,0,0.0,2,8,8,0,0,0,1,0,0,0,0.7622470161688778,0.9689034468921638,0.3239942417698256,0.3239735146505711,0.1872988339924396,0.1498868226610209,0.2094814886303995,104
95,6,2394,0.0025,6,0.0025,0,0.0,0,0.0,0,0.0,1,6,6,0,0,0,0,0,0,0,0.7640609357087444,0.8161209993953933,0.2296992254126324,0.2296854893345868,0.2009695180961636,0.1608146822693628,0.2126220200903928,104
96,5,2395,0.0020833333333333,5,0.0020833333333333,0,0.0,0,0.0,0,0.0,1,5,5,0,0,0,0,0,0,0,0.7613365066934736,0.7575120122594365,0.2355350954714272,0.2355187292620144,0.2060693872490012,0.1648894723403796,0.2084797535488554,104
97,5,2395,0.0020833333333333,5,0.0020833333333333,0,0.0,0,0.0,0,0.0,1,5,5,0,0,0,0,0,0,0,0.7607766362535356,0.832960811033493,0.2368986584497834,0.2368839288613119,0.2072648869839127,0.165842475874191,0.2050737289618191,104
98,4,2396,0.0016666666666666,4,0.0016666666666666,0,0.0,0,0.0,0,0.0,1,4,4,0,0,0,0,0,0,0,0.7619976292836443,0.8497954976848954,0.2343105358593124,0.234294198769127,0.2050048300218638,0.1640285243076369,0.202333663434127,104
99,4,2396,0.0016666666666666,4,0.0016666666666666,0,0.0,0,0.0,0,0.0,1,4,4,0,0,0,0,0,0,0,0.7623576397013234,0.908815947916406,0.234476695234284,0.2344619918531171,0.2051519083604674,0.1641437209495052,0.1986183461633462,104
100,3,2397,0.00125,3,0.00125,0,0.0,0,0.0,0,0.0,1,3,3,0,0,0,0,0,0,0,0.7619052600800903,0.9283489396448608,0.2370235429777295,0.2370066475273981,0.2073754557717382,0.1659165401237938,0.1944449539081563,104
101,1,2399,0.0004166666666666,1,0.0004166666666666,0,0.0,0,0.0,0,0.0,1,1,1,0,0,0,0,0,0,0,0.7646087076987876,0.8097000051237832,0.2404831200390868,0.2404649757410681,0.2104179919317406,0.1683437188797648,0.1947464901453988,104
102,1,2399,0.0004166666666666,1,0.0004166666666666,0,0.0,0,0.0,0,0.0,1,1,1,0,0,0,0,0,0,0,0.7664014398005684,0.9087300046114049,0.2401500294184292,0.2401336995502124,0.2101270114489113,0.168110001960064,0.1918724960991347,104
103,1,2399,0.0004166666666666,1,0.0004166666666666,0,0.0,0,0.0,0,0.0,1,1,1,0,0,0,0,0,0,0,0.766954447976424,0.9978570041502643,0.2382618885036026,0.2382471916222074,0.2084753145776593,0.166787805182969,0.1881740499081326,104
104,0,2400,0.0,0,0.0,0,0.0,0,0.0,0,0.0,0,0,0,0,0,0,0,0,0,0,0.0,0.0,0.0,0.0,0.0,0.0,0.0,104
105,0,2400,0.0,0,0.0,0,0.0,0,0.0,0,0.0,0,0,0,0,0,0,0,0,0,0,0.0,0.0,0.0,0.0,0.0,0.0,0.0,104
106,0,2400,0.0,0,0.0,0,0.0,0,0.0,0,0.0,0,0,0,0,0,0,0,0,0,0,0.0,0.0,0.0,0.0,0.0,0.0,0.0,104
107,0,2400,0.0,0,0.0,0,0.0,0,0.0,0,0.0,0,0,0,0,0,0,0,0,0,0,0.0,0.0,0.0,0.0,0.0,0.0,0.0,104
108,0,2400,0.0,0,0.0,0,0.0,0,0.0,0,0.0,0,0,0,0,0,0,0,0,0,0,0.0,0.0,0.0,0.0,0.0,0.0,0.0,104
109,0,2400,0.0,0,0.0,0,0.0,0,0.0,0,0.0,0,0,0,0,0,0,0,0,0,0,0.0,0.0,0.0,0.0,0.0,0.0,0.0,104
110,0,2400,0.0,0,0.0,0,0.0,0,0.0,0,0.0,0,0,0,0,0,0,0,0,0,0,0.0,0.0,0.0,0.0,0.0,0.0,0.0,104
111,0,2400,0.0,0,0.0,0,0.0,0,0.0,0,0.0,0,0,0,0,0,0,0,0,0,0,0.0,0.0,0.0,0.0,0.0,0.0,0.0,104
112,0,2400,0.0,0,0.0,0,0.0,0,0.0,0,0.0,0,0,0,0,0,0,0,0,0,0,0.0,0.0,0.0,0.0,0.0,0.0,0.0,104
113,0,2400,0.0,0,0.0,0,0.0,0,0.0,0,0.0,0,0,0,0,0,0,0,0,0,0,0.0,0.0,0.0,0.0,0.0,0.0,0.0,104
114,0,2400,0.0,0,0.0,0,0.0,0,0.0,0,0.0,0,0,0,0,0,0,0,0,0,0,0.0,0.0,0.0,0.0,0.0,0.0,0.0,104
115,0,2400,0.0,0,0.0,0,0.0,0,0.0,0,0.0,0,0,0,0,0,0,0,0,0,0,0.0,0.0,0.0,0.0,0.0,0.0,0.0,104
116,0,2400,0.0,0,0.0,0,0.0,0,0.0,0,0.0,0,0,0,0,0,0,0,0,0,0,0.0,0.0,0.0,0.0,0.0,0.0,0.0,104
117,0,2400,0.0,0,0.0,0,0.0,0,0.0,0,0.0,0,0,0,0,0,0,0,0,0,0,0.0,0.0,0.0,0.0,0.0,0.0,0.0,104
118,0,2400,0.0,0,0.0,0,0.0,0,0.0,0,0.0,0,0,0,0,0,0,0,0,0,0,0.0,0.0,0.0,0.0,0.0,0.0,0.0,104
119,0,2400,0.0,0,0.0,0,0.0,0,0.0,0,0.0,0,0,0,0,0,0,0,0,0,0,0.0,0.0,0.0,0.0,0.0,0.0,0.0,104
0,30,2370,0.0125,0,0.0,30,0.0125,0,0.0,30,0.0125,0,0,0,0,0,0,0,0,0,0,0.814284620503459,0.4213477021364857,0.5331520810910546,0.52746027528933,0.5445632973951474,0.4195786104010203,0.3884838437833017,107
1,45,2355,0.01875,0,0.0,45,0.01875,0,0.0,45,0.01875,0,0,0,0,0,0,0,0,0,0,0.6411167767247635,0.2781419546152247,0.331716857015381,0.3419337731601972,0.3475252179157763,0.275096370869535,0.2511106318606005,107
2,53,2347,0.0220833333333333,0,0.0,53,0.0220833333333333,0,0.0,53,0.0220833333333333,0,0,0,0,0,0,0,0,0,0,0.682688470376792,0.260089606828615,0.2885582169377283,0.2915518492312571,0.29147619475638,0.2312118034217514,0.2156175797687238,107
3,59,2341,0.0245833333333333,29,0.0120833333333333,30,0.0125,0,0.0,30,0.0125,7,7,5,4,3,4,7,0,4,2,0.7565622884976912,0.25481820755466,0.2631554507577512,0.2690840154664947,0.2649704340985027,0.2116493879098915,0.1995120703034353,107
4,60,2340,0.025,30,0.0125,30,0.0125,0,0.0,30,0.0125,7,7,6,4,3,4,7,0,4,2,0.8936649940979801,0.2749141136858741,0.2926090993997444,0.299728451471524,0.2889865749253473,0.2326599839630922,0.2056105506671135,107
5,68,2332,0.0283333333333333,41,0.0170833333333333,27,0.01125,0,0.0,27,0.01125,8,10,10,5,5,5,9,1,4,2,0.910401604198761,0.2553729726329001,0.2935758372037009,0.2959072112150363,0.2822410364960989,0.2305687325557911,0.190326728297592,107
6,88,2312,0.0366666666666666,63,0.02625,25,0.0104166666666666,0,0.0,25,0.0104166666666666,8,20,20,10,6,8,11,2,4,2,0.8085027187865989,0.2142821127856077,0.2540933335556867,0.2616269062522793,0.244912729937316,0.2059122061162742,0.1570289575966009,107
7,105,2295,0.04375,79,0.0329166666666666,26,0.0108333333333333,0,0.0,26,0.0108333333333333,8,24,24,12,8,13,14,2,4,2,0.799527612397603,0.2095156507868584,0.248013232193217,0.2571394085246068,0.235310348706084,0.206746099512131,0.1451404217674574,107
8,110,2290,0.0458333333333333,84,0.035,26,0.0108333333333333,0,0.0,26,0.0108333333333333,8,27,27,12,8,14,15,2,4,2,0.9024673172459184,0.2361748090850737,0.272566994188165,0.2931278585874723,0.2621984168535458,0.2327772248477136,0.1552067554032487,107
9,119,2281,0.0495833333333333,95,0.0395833333333333,24,0.01,0,0.0,24,0.01,8,29,29,12,9,15,19,2,7,2,0.9593701503498446,0.2469017319279185,0.2871724795115187,0.3161323350390684,0.2790028577760204,0.251353510894208,0.1595700142316319,107
10,131,2269,0.0545833333333333,111,0.04625,20,0.0083333333333333,0,0.0,20,0.0083333333333333,8,36,36,12,12,16,21,3,8,3,0.9887549850615708,0.2537952327441228,0.2989234614237406,0.3327228910802587,0.2903299553040145,0.2604483732097444,0.1615244005983857,107
11,147,2253,0.06125,130,0.0541666666666666,17,0.0070833333333333,0,0.0,17,0.0070833333333333,8,46,46,12,13,19,24,4,8,4,0.9931679916353492,0.2584929111600821,0.3037354059561989,0.3418689294205465,0.2982466342309926,0.2606248982633077,0.1609715610004773,107
12,172,2228,0.0716666666666666,153,0.06375,19,0.0079166666666666,0,0.0,19,0.0079166666666666,8,58,58,17,15,20,27,4,8,4,0.9554397059060372,0.2529686752702261,0.3025176387113658,0.3358426422725457,0.294638772666966,0.2546271974515356,0.1541657563740746,107
13,197,2203,0.0820833333333333,173,0.0720833333333333,24,0.01,0,0.0,24,0.01,8,63,63,22,15,23,34,4,8,4,0.9455265855633024,0.2609723397554871,0.2997829174137056,0.3353176281363911,0.293637526544412,0.2507896417010992,0.1525302095942233,107
14,223,2177,0.0929166666666666,204,0.085,19,0.0079166666666666,0,0.0,19,0.0079166666666666,8,77,77,24,25,25,36,5,8,4,0.94823134256702,0.2721183669894523,0.3042130064549299,0.3386522570313405,0.2955468710817342,0.2566083739726814,0.1530141374692402,107
15,237,2163,0.09875,221,0.0920833333333333,16,0.0066666666666666,0,0.0,16,0.0066666666666666,8,81,81,24,28,29,37,7,11,4,1.011735263724093,0.2974774525518273,0.3224750229346487,0.365515482656874,0.3118756052762142,0.2724311263342639,0.1630565416561976,107
16,262,2138,0.1091666666666666,249,0.10375,13,0.0054166666666666,0,0.0,13,0.0054166666666666,8,87,87,25,30,37,44,7,15,4,1.024104399751556,0.30543488789811,0.3276156303916815,0.3760171896112559,0.3197020177236558,0.2790540127725828,0.1655461686811963,107
17,295,2105,0.1229166666666666,288,0.12,7,0.0029166666666666,0,0.0,7,0.0029166666666666,8,99,99,27,32,43,56,8,16,7,1.014485899523892,0.3139442256487265,0.3295375061548929,0.3797114633033708,0.3238061257771408,0.2813967557488779,0.1656861234913162,107
18,322,2078,0.1341666666666666,315,0.13125,7,0.0029166666666666,0,0.0,7,0.0029166666666666,8,112,112,27,36,46,62,8,17,7,1.0377665000180305,0.332646558725891,0.3421544446479604,0.3962118182212323,0.3342992912460394,0.2902965762344965,0.1710084911772633,107
19,364,2036,0.1516666666666666,358,0.1491666666666666,6,0.0025,0,0.0,6,0.0025,8,125,125,33,47,52,68,8,17,8,1.0201402765706098,0.335420254721877,0.3425711596775415,0.3960517746124185,0.3306257188643197,0.2882267229773216,0.1694453941485055,107
20,408,1992,0.17,403,0.1679166666666666,5,0.0020833333333333,0,0.0,5,0.0020833333333333,8,142,142,41,52,55,76,11,18,8,1.0137366290211005,0.3427639104090366,0.3419896968165922,0.3995542012025345,0.3313492363621629,0.2866359951871606,0.1696124951773882,107
21,454,1946,0.1891666666666666,452,0.1883333333333333,2,0.0008333333333333,0,0.0,2,0.0008333333333333,8,160,160,44,60,65,85,12,18,8,1.0149462794247912,0.3554425284189389,0.3452697330903668,0.4044763258415556,0.3340202581641123,0.2877443808896006,0.1713693231376295,107
22,498,1902,0.2075,497,0.2070833333333333,1,0.0004166666666666,0,0.0,1,0.0004166666666666,8,172,172,49,60,78,97,14,19,8,1.0292408688612924,0.3727667010280688,0.3502024675234725,0.4153400206192771,0.3409481259730864,0.2918752092744029,0.1753918030215137,107
23,536,1864,0.2233333333333333,535,0.2229166666666666,1,0.0004166666666666,0,0.0,1,0.0004166666666666,8,178,178,50,67,83,110,16,23,8,1.0596501048270697,0.3932873794790679,0.3608925243277157,0.4334581480271274,0.3529752481964291,0.3040947857535942,0.1819955693748669,107
24,576,1824,0.24,576,0.24,0,0.0,0,0.0,0,0.0,8,187,187,50,73,89,124,18,27,8,1.0857359774550828,0.413294846980386,0.3716880055024169,0.4510385878777792,0.3646593646284282,0.3136660318710422,0.1883897115849927,107
25,613,1787,0.2554166666666667,613,0.2554166666666667,0,0.0,0,0.0,0,0.0,8,195,195,51,83,94,131,20,30,9,1.1172524056276958,0.4393279749994001,0.3871331005105555,0.4717117128052381,0.3767871323857312,0.3221695242253731,0.1965426422207167,107
26,659,1741,0.2745833333333333,659,0.2745833333333333,0,0.0,0,0.0,0,0.0,8,205,205,55,92,102,142,22,30,11,1.1304300693110088,0.4589153927271153,0.394078618247018,0.4852205704667501,0.386499992221222,0.3273023456661362,0.201913624432817,107
27,708,1692,0.295,708,0.295,0,0.0,0,0.0,0,0.0,8,222,222,57,99,106,155,25,31,13,1.1399792664337902,0.4795575133141974,0.4017653018684653,0.4974879556898943,0.3945275854812407,0.3328005770531809,0.2070544876417154,107
28,768,1632,0.32,768,0.32,0,0.0,0,0.0,0,0.0,8,235,235,60,106,121,170,29,33,14,1.1347571181646658,0.4939609993278742,0.4059990995588794,0.502771901501699,0.397932119646421,0.3327807671837683,0.2094925338759041,107
29,817,1583,0.3404166666666666,817,0.3404166666666666,0,0.0,0,0.0,0,0.0,8,250,250,63,114,133,179,30,34,14,1.1500770523191182,0.5185726349270818,0.4165055711568372,0.5176850210024293,0.4070874241549936,0.3404328390406294,0.2157556255859634,107
30,862,1538,0.3591666666666667,862,0.3591666666666667,0,0.0,0,0.0,0,0.0,8,266,266,67,122,139,187,32,35,14,1.170694186609458,0.5464251258258511,0.4272994301157553,0.5349056256262928,0.41900211681747,0.3478882358985204,0.2231945578145052,107
31,901,1499,0.3754166666666667,901,0.3754166666666667,0,0.0,0,0.0,0,0.0,8,279,279,71,123,146,198,34,36,14,1.1963451261286515,0.5734612792627024,0.4397079987528001,0.5546715979386043,0.4329932717292894,0.3574691999721239,0.2314060662816386,107
32,938,1462,0.3908333333333333,938,0.3908333333333333,0,0.0,0,0.0,0,0.0,8,287,287,71,128,159,207,36,36,14,1.2205569373729594,0.6044730824670851,0.4526999748069391,0.5739519067942521,0.445495887259165,0.3677073410489859,0.2402638187750494,107
33,985,1415,0.4104166666666666,985,0.4104166666666666,0,0.0,0,0.0,0,0.0,8,304,304,74,134,166,216,40,36,15,1.2272629419075352,0.6271514479377799,0.4600809291710132,0.586375431147008,0.4531820143147381,0.3737544222630988,0.2459781073956991,107
34,1016,1384,0.4233333333333333,1016,0.4233333333333333,0,0.0,0,0.0,0,0.0,8,311,311,76,147,167,222,41,37,15,1.2517277477291775,0.6594781088551595,0.4732537591650555,0.6074427552537731,0.4667511530242003,0.3854372262146825,0.2553708719926132,107
35,1042,1358,0.4341666666666666,1042,0.4341666666666666,0,0.0,0,0.0,0,0.0,8,320,320,77,151,173,226,43,37,15,1.2763603673945596,0.6951850122237598,0.4875784353484344,0.6296745003801775,0.4821799595974607,0.3962811975803671,0.2655610817125834,107
36,1070,1330,0.4458333333333333,1070,0.4458333333333333,0,0.0,0,0.0,0,0.0,8,322,322,78,158,175,237,46,39,15,1.2921831767756242,0.7269500041714408,0.498519703973121,0.6484024356558002,0.4951858507639333,0.4065056073310468,0.27430148057634,107
37,1105,1295,0.4604166666666666,1105,0.4604166666666666,0,0.0,0,0.0,0,0.0,8,330,330,80,165,181,247,48,39,15,1.294055159200793,0.7507084651738442,0.5062608288542039,0.6614533624892616,0.5029875470425336,0.4119329442295551,0.2802295201854154,107
38,1140,1260,0.475,1140,0.475,0,0.0,0,0.0,0,0.0,8,337,337,84,168,189,255,52,40,15,1.2923374706263713,0.7757890952766568,0.5134628051078788,0.6733992987685088,0.5099612307501139,0.4165068782296696,0.2858551227585665,107
39,1162,1238,0.4841666666666667,1162,0.4841666666666667,0,0.0,0,0.0,0,0.0,8,341,341,86,169,196,259,54,41,16,1.301503659876433,0.8085538827485802,0.525432597977094,0.6917448953570394,0.5217070366207135,0.4256618310643213,0.294047398845235,107
40,1177,1223,0.4904166666666666,1177,0.4904166666666666,0,0.0,0,0.0,0,0.0,8,347,347,86,173,197,262,55,41,16,1.3132838080393217,0.8439912069485681,0.538354598740109,0.7120655760963255,0.534409004451985,0.4362347724404453,0.3030547406652785,107
41,1192,1208,0.4966666666666666,1192,0.4966666666666666,0,0.0,0,0.0,0,0.0,8,352,352,87,175,199,267,55,41,16,1.3189296704352913,0.877040172416626,0.5498612190889528,0.7298243446590943,0.5459256017106702,0.4451112790324099,0.3110163377844746,107
42,1206,1194,0.5025,1206,0.5025,0,0.0,0,0.0,0,0.0,8,356,356,88,178,203,269,55,41,16,1.3199186624118535,0.9079939444183708,0.5601322105983731,0.7458120193388573,0.5557455975120653,0.4529120925830155,0.3181236683547698,107
43,1217,1183,0.5070833333333333,1217,0.5070833333333333,0,0.0,0,0.0,0,0.0,8,360,360,90,179,205,270,56,41,16,1.319135265152973,0.939648830954561,0.5694632715592525,0.7614285800238358,0.5658137219691243,0.4608980780232788,0.3250886449476562,107
44,1224,1176,0.51,1224,0.51,0,0.0,0,0.0,0,0.0,8,362,362,90,180,205,271,57,43,16,1.317549676679419,0.9710043827978156,0.5790459666112193,0.7771574855399256,0.5754437821409112,0.469131056345129,0.331916029274265,107
45,1230,1170,0.5125,1230,0.5125,0,0.0,0,0.0,0,0.0,8,364,364,91,180,207,272,57,43,16,1.3114777917805471,1.0016605106423395,0.5876327837998213,0.7910704972855243,0.5843445251292557,0.4762911292966173,0.3380535087494465,107
46,1236,1164,0.515,1236,0.515,0,0.0,0,0.0,0,0.0,8,366,366,91,181,208,274,57,43,16,1.3010220248927769,1.0296910884151056,0.5943935473261804,0.8027044449641747,0.5913629168063658,0.4822460323688008,0.3430766922508802,107
47,1240,1160,0.5166666666666667,1240,0.5166666666666667,0,0.0,0,0.0,0,0.0,8,368,368,91,181,209,275,57,43,16,1.288579182108044,1.0564390054459385,0.6004655753620661,0.8136245530064798,0.5980151511844409,0.4874606859973268,0.3475223606974206,107
48,1243,1157,0.5179166666666667,1243,0.5179166666666667,0,0.0,0,0.0,0,0.0,8,368,368,91,182,209,277,57,43,16,1.2739267747308238,1.082112574479215,0.6055576446654595,0.823166817913402,0.6034487366603238,0.4921649827967668,0.3512874513243034,107
49,1245,1155,0.51875,1245,0.51875,0,0.0,0,0.0,0,0.0,8,370,370,91,182,209,277,57,43,16,1.2573485782833376,1.104857298851325,0.6098859353576304,0.8316059098436893,0.6080550330794049,0.4959084749230968,0.3541442721168417,107
50,1249,1151,0.5204166666666666,1249,0.5204166666666666,0,0.0,0,0.0,0,0.0,8,371,371,91,182,210,278,58,43,16,1.2365957192321335,1.1252334694658996,0.6117285935266528,0.8368164572097393,0.6103775486550721,0.4979376704264147,0.3557275340748575,107
51,1249,1151,0.5204166666666666,1249,0.5204166666666666,0,0.0,0,0.0,0,0.0,8,371,371,91,182,210,278,58,43,16,1.217859938371541,1.1458630448571816,0.6143136128294501,0.8432874059168457,0.6134803195186186,0.5005818643993619,0.3573381380000146,107
52,1249,1151,0.5204166666666666,1249,0.5204166666666666,0,0.0,0,0.0,0,0.0,8,371,371,91,182,210,278,58,43,16,1.1976632025123266,1.1652751390904397,0.6157090465130213,0.8481801760642944,0.6154581150679842,0.5023098803927524,0.3581935690672876,107
53,1250,1150,0.5208333333333334,1250,0.5208333333333334,0,0.0,0,0.0,0,0.0,8,372,372,91,182,210,278,58,43,16,1.175278254188231,1.1839790270812485,0.6155837707006019,0.850931059964258,0.6159572615090612,0.5028834187227632,0.3582201066540418,107
54,1247,1153,0.5195833333333333,1247,0.5195833333333333,0,0.0,0,0.0,0,0.0,8,371,371,91,182,208,278,58,43,16,1.1533464676958989,1.2030705181993058,0.6156291557210029,0.8528965485442723,0.6152964553444128,0.5022018808127814,0.3580733925555663,107
55,1244,1156,0.5183333333333333,1244,0.5183333333333333,0,0.0,0,0.0,0,0.0,8,371,371,91,180,207,278,58,43,16,1.1305454694094816,1.2201584247046815,0.6147299199780251,0.8521552889106405,0.6122496090740325,0.5007085988531266,0.3570752714877507,107
56,1239,1161,0.51625,1239,0.51625,0,0.0,0,0.0,0,0.0,8,370,370,91,180,204,278,57,43,16,1.1076168982941468,1.238713400068647,0.6126964756148088,0.8512071968381253,0.6096548147816659,0.4976225217284934,0.3558101797472134,107
57,1232,1168,0.5133333333333333,1232,0.5133333333333333,0,0.0,0,0.0,0,0.0,8,370,370,91,179,198,278,57,43,16,1.0865579836820636,1.2581794730838272,0.6115710447335134,0.8482264736273687,0.6042373538342996,0.493138705314272,0.3541492731000311,107
58,1220,1180,0.5083333333333333,1220,0.5083333333333333,0,0.0,0,0.0,0,0.0,8,369,369,90,176,194,276,57,42,16,1.066034696932555,1.2766997151445902,0.6088158969012025,0.8450969338449292,0.5987821840735745,0.4900228998255023,0.3517827140479842,107
59,1203,1197,0.50125,1203,0.50125,0,0.0,0,0.0,0,0.0,8,368,368,90,171,189,270,57,42,16,1.0451949873177688,1.2924844640423947,0.604643033425358,0.8373699563052841,0.5917002555382282,0.4870813575218136,0.3488341090787273,107
60,1182,1218,0.4925,1182,0.4925,0,0.0,0,0.0,0,0.0,8,369,369,87,169,182,264,54,41,16,1.026311186262595,1.310597202155188,0.5979984927831948,0.8300389773244392,0.5863106477260809,0.4792662270961905,0.3456971611237063,107
61,1143,1257,0.47625,1143,0.47625,0,0.0,0,0.0,0,0.0,8,362,362,84,157,175,256,53,40,16,1.009477715124124,1.3253244711552212,0.5961791732703305,0.8227248405386921,0.5779869102357525,0.4770425130361299,0.3429006358578789,107
62,1090,1310,0.4541666666666666,1090,0.4541666666666666,0,0.0,0,0.0,0,0.0,8,355,355,80,144,165,244,52,37,13,0.993317543279474,1.334524697331139,0.59087750544743,0.8150219603068012,0.5656593396665137,0.4725886479795989,0.3402634955704507,107
63,1039,1361,0.4329166666666666,1039,0.4329166666666666,0,0.0,0,0.0,0,0.0,8,347,347,75,136,150,232,49,37,13,0.978502713290218,1.3448670241047134,0.5882052501687266,0.8034588555881413,0.5568773996266723,0.4623403906689728,0.3370691051406745,107
64,990,1410,0.4125,990,0.4125,0,0.0,0,0.0,0,0.0,8,335,335,73,127,142,218,47,36,12,0.962517165624892,1.355776616937585,0.5813694229014862,0.7940605013863211,0.5501908632235455,0.4600739384366314,0.3331377958848087,107
65,924,1476,0.385,924,0.385,0,0.0,0,0.0,0,0.0,8,321,321,67,120,129,197,47,33,10,0.9483428363151112,1.3617122704801914,0.5719430899297986,0.7852345718920357,0.5428081560080174,0.4545386467504941,0.3295980429775194,107
66,864,1536,0.36,864,0.36,0,0.0,0,0.0,0,0.0,8,311,311,60,111,114,185,43,30,10,0.9351028190021572,1.3723243269441443,0.566882536490103,0.7724754198230757,0.5299332888408503,0.4408648851262815,0.3255914692283936,107
67,797,1603,0.3320833333333333,797,0.3320833333333333,0,0.0,0,0.0,0,0.0,8,295,295,57,102,99,165,41,28,10,0.9235194107726948,1.3785329453606396,0.5589413773453717,0.756047274881124,0.51984140932906,0.4351973513281179,0.3218562781506775,107
68,723,1677,0.30125,723,0.30125,0,0.0,0,0.0,0,0.0,8,279,279,54,87,88,146,36,24,9,0.9125546143475336,1.376701628177778,0.547043363144285,0.7369326088539938,0.50521204886253,0.4320056436319901,0.318279430830705,107
69,653,1747,0.2720833333333333,653,0.2720833333333333,0,0.0,0,0.0,0,0.0,8,260,260,48,80,76,131,29,23,6,0.9009343249533596,1.3741336120661976,0.5352052390915795,0.7237061387409698,0.4972700241897881,0.4143495682188105,0.3142099472113296,107
70,588,1812,0.245,588,0.245,0,0.0,0,0.0,0,0.0,8,237,237,43,74,65,117,24,23,5,0.8908093868865704,1.3632981765972585,0.5300826423503251,0.7134051072805658,0.4952074624958267,0.4020124988023994,0.3096049895784966,107
71,538,1862,0.2241666666666666,538,0.2241666666666666,0,0.0,0,0.0,0,0.0,8,219,219,41,65,59,106,22,21,5,0.8808328109437348,1.3619160674456892,0.5252783327145153,0.7023186598352322,0.4866898960866677,0.4022943558147626,0.3046065721447589,107
72,487,1913,0.2029166666666666,487,0.2029166666666666,0,0.0,0,0.0,0,0.0,8,203,203,37,59,50,99,19,19,1,0.8692803945833493,1.3712802690240236,0.5166227281289277,0.6946910114711439,0.4680458971602049,0.382321815799038,0.2992506785988852,107
73,428,1972,0.1783333333333333,428,0.1783333333333333,0,0.0,0,0.0,0,0.0,8,179,179,30,48,42,93,18,17,1,0.8592302131001036,1.3614071287144345,0.5308000468515774,0.6948733807235752,0.4526002202063072,0.372890787022496,0.2942245105428832,107
74,378,2022,0.1575,378,0.1575,0,0.0,0,0.0,0,0.0,7,162,162,25,38,33,89,17,14,0,0.8486220581665382,1.3637976749083192,0.541387719108369,0.6885926586504747,0.4211002865289929,0.355261968857923,0.2890268609783673,107
75,328,2072,0.1366666666666666,328,0.1366666666666666,0,0.0,0,0.0,0,0.0,7,148,148,20,31,21,82,15,11,0,0.8397702246214666,1.3747026958129875,0.5469280799031172,0.6690859340197014,0.3836847500306087,0.3239439900019162,0.2844981995111389,107
76,269,2131,0.1120833333333333,269,0.1120833333333333,0,0.0,0,0.0,0,0.0,7,124,124,17,18,19,71,13,7,0,0.8319177499881986,1.3737971843061865,0.5505975876307763,0.6595524958544583,0.3508066173386449,0.3313350054406038,0.2810217426783136,107
77,228,2172,0.095,228,0.095,0,0.0,0,0.0,0,0.0,7,111,111,14,13,14,63,9,4,0,0.8250004103270558,1.3752368376297277,0.5419574373628271,0.6404641938081659,0.320145617927173,0.3089628222090184,0.2773206567257789,107
78,191,2209,0.0795833333333333,191,0.0795833333333333,0,0.0,0,0.0,0,0.0,7,97,97,8,10,11,55,7,3,0,0.8181442964371411,1.3689974241335423,0.5452271336218049,0.6375336762661228,0.3071206543200568,0.2809086517392742,0.2729425090111032,107
79,151,2249,0.0629166666666666,151,0.0629166666666666,0,0.0,0,0.0,0,0.0,7,86,86,5,7,9,37,5,2,0,0.8128845015319933,1.3548076058129292,0.4920639040793609,0.5828372416110521,0.2963150608719199,0.2672267157020435,0.2693200980810924,107
80,125,2275,0.0520833333333333,125,0.0520833333333333,0,0.0,0,0.0,0,0.0,7,75,75,5,6,6,28,4,1,0,0.8111713109007308,1.3446052175390135,0.464359136925159,0.5509494125954142,0.281068341431318,0.26129314205836,0.2672190063074374,107
81,106,2294,0.0441666666666666,106,0.0441666666666666,0,0.0,0,0.0,0,0.0,7,68,68,3,4,6,22,2,1,0,0.8053188696489164,1.3375744756210526,0.4322909042993584,0.5158737891232011,0.2770702846670434,0.2422463781366396,0.2616111431245536,107
82,88,2312,0.0366666666666666,88,0.0366666666666666,0,0.0,0,0.0,0,0.0,7,59,59,2,3,5,16,2,1,0,0.7983655053135768,1.3280636974890243,0.4076018315819281,0.4859280472343414,0.2711925196084006,0.237223992607007,0.2567859727036883,107
83,74,2326,0.0308333333333333,74,0.0308333333333333,0,0.0,0,0.0,0,0.0,7,52,52,1,2,4,12,2,1,0,0.7927836022547627,1.331330133647577,0.3898936977640043,0.4563967394030447,0.2594914548302428,0.2263938128001177,0.2533925787402181,107
84,61,2339,0.0254166666666666,61,0.0254166666666666,0,0.0,0,0.0,0,0.0,5,46,46,1,0,3,9,2,0,0,0.7906115113805698,1.2911064103717045,0.3680030737134653,0.4164636583745171,0.2147255538097655,0.2302317197437557,0.2507211243815601,107
85,51,2349,0.02125,51,0.02125,0,0.0,0,0.0,0,0.0,5,39,39,1,0,3,6,2,0,0,0.7876832359512761,1.2462966056636642,0.3461427020351529,0.4043009027501445,0.2255906491952371,0.2502269884704789,0.2473621848490018,107
86,41,2359,0.0170833333333333,41,0.0170833333333333,0,0.0,0,0.0,0,0.0,5,32,32,1,0,3,3,2,0,0,0.7851691142049219,1.1932897558792257,0.313824634526014,0.3860383201583481,0.2413943459788648,0.2799249987758885,0.2459750740235269,107
87,37,2363,0.0154166666666666,37,0.0154166666666666,0,0.0,0,0.0,0,0.0,5,31,31,1,0,2,2,1,0,0,0.7835887479262245,1.1787752623688414,0.2737657797473506,0.3270860297513165,0.2227649408334794,0.2423653111659409,0.2421346427029332,107
88,34,2366,0.0141666666666666,34,0.0141666666666666,0,0.0,0,0.0,0,0.0,4,29,29,0,0,2,2,1,0,0,0.7796182235071668,1.175663890244898,0.2806981379706831,0.3387410633614157,0.2273519423613957,0.2225955396124568,0.2367861098446608,107
89,30,2370,0.0125,30,0.0125,0,0.0,0,0.0,0,0.0,4,26,26,0,0,1,2,1,0,0,0.7768862812550632,1.1594924834410656,0.2951252379204707,0.3280100218368216,0.2046248234014281,0.2032644159723781,0.2349757714374854,107
90,28,2372,0.0116666666666666,28,0.0116666666666666,0,0.0,0,0.0,0,0.0,4,24,24,0,0,1,2,1,0,0,0.774085399470853,1.1795975617656822,0.3001570399399821,0.3354090938160844,0.2051984410735929,0.2065513630405417,0.2300573761026381,107
91,22,2378,0.0091666666666666,22,0.0091666666666666,0,0.0,0,0.0,0,0.0,2,21,21,0,0,0,1,0,0,0,0.7719118675540879,1.2337447629962484,0.2335658361228229,0.2335298589565467,0.165009760986171,0.132027100439904,0.2368593980296922,107
92,18,2382,0.0075,18,0.0075,0,0.0,0,0.0,0,0.0,2,17,17,0,0,0,1,0,0,0,0.7686051121797683,1.151317943760385,0.25110292178117,0.2510780565738603,0.171624664976785,0.1373049742049385,0.2343169557239816,107
93,17,2383,0.0070833333333333,17,0.0070833333333333,0,0.0,0,0.0,0,0.0,1,17,17,0,0,0,0,0,0,0,0.7679156426848799,1.17450748280446,0.1954054061605724,0.1953807196861517,0.1709810506025406,0.136793823509532,0.2333432560636668,107
94,12,2388,0.005,12,0.005,0,0.0,0,0.0,0,0.0,1,12,12,0,0,0,0,0,0,0,0.7643453139945234,1.0523082676311477,0.1990788991427007,0.1990618455233348,0.174200398527196,0.1393617353495689,0.2336096671229211,107
95,11,2389,0.0045833333333333,11,0.0045833333333333,0,0.0,0,0.0,0,0.0,1,11,11,0,0,0,0,0,0,0,0.7603218247932908,1.046298221585282,0.2013138305830162,0.2012972572851689,0.1761538547977973,0.1409185659199202,0.2307043034366946,107
96,10,2390,0.0041666666666666,10,0.0041666666666666,0,0.0,0,0.0,0,0.0,1,10,10,0,0,0,0,0,0,0,0.7580591669570789,1.0341813694826896,0.2040149165371418,0.2040012621887771,0.1785218820229353,0.142807802725835,0.2253765391959163,107
97,10,2390,0.0041666666666666,10,0.0041666666666666,0,0.0,0,0.0,0,0.0,1,10,10,0,0,0,0,0,0,0,0.7560845845914766,1.0567632325344205,0.2043669227340425,0.2043546338205143,0.1788290044399299,0.1430544709486819,0.2200663337717551,107
98,7,2393,0.0029166666666666,7,0.0029166666666666,0,0.0,0,0.0,0,0.0,1,7,7,0,0,0,0,0,0,0,0.7526777562575953,1.0526875916962524,0.1969972364980403,0.1969937178856651,0.1723769847378967,0.1379071883538787,0.2197587487756052,107
99,6,2394,0.0025,6,0.0025,0,0.0,0,0.0,0,0.0,1,6,6,0,0,0,0,0,0,0,0.7500860860286381,1.039962950756722,0.1967057824891062,0.1967085973074007,0.172118698438021,0.1377106545420666,0.2204869833763574,107
100,5,2395,0.0020833333333333,5,0.0020833333333333,0,0.0,0,0.0,0,0.0,1,5,5,0,0,0,0,0,0,0,0.7479865989095427,1.0240402045604646,0.1912571566225304,0.1912646717758129,0.1673522550500224,0.1338983047209613,0.2218010978964594,107
101,4,2396,0.0016666666666666,4,0.0016666666666666,0,0.0,0,0.0,0,0.0,1,4,4,0,0,0,0,0,0,0,0.7461933762921946,0.8793482743788408,0.2047482600796906,0.2047406763241778,0.1791360818452738,0.1433251952668856,0.2212343687731509,107
102,4,2396,0.0016666666666666,4,0.0016666666666666,0,0.0,0,0.0,0,0.0,1,4,4,0,0,0,0,0,0,0,0.7456234337153311,0.9144134469409568,0.2072879469177858,0.2072811215378243,0.1813601724010527,0.1451028347324421,0.2174710908880809,107
103,4,2396,0.0016666666666666,4,0.0016666666666666,0,0.0,0,0.0,0,0.0,1,4,4,0,0,0,0,0,0,0,0.7448221927011625,0.9609721022468608,0.2087125335353572,0.2087063906933919,0.1826083638066286,0.1460999181757428,0.2157313487158177,107
104,4,2396,0.0016666666666666,4,0.0016666666666666,0,0.0,0,0.0,0,0.0,1,4,4,0,0,0,0,0,0,0,0.7442684986321934,1.002874892022175,0.2092244648860295,0.2092189363282607,0.1830578140421478,0.1464581556511142,0.2136264431371816,107
105,4,2396,0.0016666666666666,4,0.0016666666666666,0,0.0,0,0.0,0,0.0,1,4,4,0,0,0,0,0,0,0,0.7437312290597378,1.0555874028199574,0.2087209045435878,0.2087159288415958,0.1826185580158241,0.1461055603883156,0.2133070191257763,107
106,2,2398,0.0008333333333333,2,0.0008333333333333,0,0.0,0,0.0,0,0.0,1,2,2,0,0,0,0,0,0,0,0.7420171647784606,0.918620774193446,0.1984638670723367,0.1984620367967462,0.1736477241747513,0.1389264334296129,0.2227256788271565,107
107,2,2398,0.0008333333333333,2,0.0008333333333333,0,0.0,0,0.0,0,0.0,1,2,2,0,0,0,0,0,0,0,0.7408077806983331,0.8927586967741015,0.2018830879072812,0.2018814406592498,0.1766403583566821,0.1413197153661763,0.2212390362239655,107
108,2,2398,0.0008333333333333,2,0.0008333333333333,0,0.0,0,0.0,0,0.0,1,2,2,0,0,0,0,0,0,0,0.7400060550693381,0.9114828270966912,0.2046002626148096,0.2045987800915813,0.1790186205819883,0.1432215822783382,0.2151489710503485,107
109,2,2398,0.0008333333333333,2,0.0008333333333333,0,0.0,0,0.0,0,0.0,1,2,2,0,0,0,0,0,0,0,0.7389877928573239,0.958334544387022,0.2061730629886531,0.2061717287177477,0.1803954818296984,0.1443224026952316,0.2135570525900408,107
110,2,2398,0.0008333333333333,2,0.0008333333333333,0,0.0,0,0.0,0,0.0,1,2,2,0,0,0,0,0,0,0,0.7383070461818395,1.0425010899483198,0.206053980000755,0.2060527791569401,0.1802918790438249,0.1442389187433855,0.2065501036487138,107
111,2,2398,0.0008333333333333,2,0.0008333333333333,0,0.0,0,0.0,0,0.0,1,2,2,0,0,0,0,0,0,0,0.7374472712416263,1.1482509809534878,0.2040185457552756,0.2040174649958422,0.1785114094247139,0.1428140014972642,0.2033940679120597,107
112,1,2399,0.0004166666666666,1,0.0004166666666666,0,0.0,0,0.0,0,0.0,1,1,1,0,0,0,0,0,0,0,0.7379440756031929,1.0971088034492475,0.213121037382952,0.2131158539823208,0.1864700015281054,0.1491661472916698,0.2012169063196296,107
113,0,2400,0.0,0,0.0,0,0.0,0,0.0,0,0.0,0,0,0,0,0,0,0,0,0,0,0.0,0.0,0.0,0.0,0.0,0.0,0.0,107
114,0,2400,0.0,0,0.0,0,0.0,0,0.0,0,0.0,0,0,0,0,0,0,0,0,0,0,0.0,0.0,0.0,0.0,0.0,0.0,0.0,107
115,0,2400,0.0,0,0.0,0,0.0,0,0.0,0,0.0,0,0,0,0,0,0,0,0,0,0,0.0,0.0,0.0,0.0,0.0,0.0,0.0,107
116,0,2400,0.0,0,0.0,0,0.0,0,0.0,0,0.0,0,0,0,0,0,0,0,0,0,0,0.0,0.0,0.0,0.0,0.0,0.0,0.0,107
117,0,2400,0.0,0,0.0,0,0.0,0,0.0,0,0.0,0,0,0,0,0,0,0,0,0,0,0.0,0.0,0.0,0.0,0.0,0.0,0.0,107
118,0,2400,0.0,0,0.0,0,0.0,0,0.0,0,0.0,0,0,0,0,0,0,0,0,0,0,0.0,0.0,0.0,0.0,0.0,0.0,0.0,107
119,0,2400,0.0,0,0.0,0,0.0,0,0.0,0,0.0,0,0,0,0,0,0,0,0,0,0,0.0,0.0,0.0,0.0,0.0,0.0,0.0,107
0,30,2370,0.0125,0,0.0,30,0.0125,0,0.0,30,0.0125,0,0,0,0,0,0,0,0,0,0,0.8995688892635988,0.4309185205029212,0.5124784026562592,0.5508987713260378,0.5922427245196789,0.3956260946908939,0.3784165759736852,38
1,46,2354,0.0191666666666666,0,0.0,46,0.0191666666666666,0,0.0,46,0.0191666666666666,0,0,0,0,0,0,0,0,0,0,0.6773127882656906,0.277713044643019,0.328037755835477,0.3496005305811517,0.372460924699001,0.2598724184475661,0.2406825621291408,38
2,56,2344,0.0233333333333333,0,0.0,56,0.0233333333333333,0,0.0,56,0.0233333333333333,0,0,0,0,0,0,0,0,0,0,0.6873510201974969,0.2563092865753748,0.2729248060240942,0.288422534474397,0.2956091491070048,0.2182952340294716,0.2021249651303752,38
3,59,2341,0.0245833333333333,27,0.01125,32,0.0133333333333333,0,0.0,32,0.0133333333333333,5,14,14,4,5,0,2,2,0,0,0.8032288466081677,0.2714235261593031,0.273222149928423,0.2817133967607631,0.2824295093182068,0.2100312667859167,0.2001409239412492,38
4,60,2340,0.025,28,0.0116666666666666,32,0.0133333333333333,0,0.0,32,0.0133333333333333,5,14,14,4,5,0,3,2,0,0,0.9350749121480958,0.2886098206509834,0.2876416412959853,0.3036015368314229,0.2938325840660781,0.2241204819141838,0.2066793441767088,38
5,72,2328,0.03,40,0.0166666666666666,32,0.0133333333333333,0,0.0,32,0.0133333333333333,5,18,18,8,7,0,4,3,0,0,0.8909595867200201,0.2547906988215708,0.2594734604104427,0.2775245561423155,0.2568665141596512,0.2069983626252194,0.1815108905956553,38
6,89,2311,0.0370833333333333,56,0.0233333333333333,33,0.01375,0,0.0,33,0.01375,6,23,23,8,11,0,7,3,4,0,0.8322448440942667,0.2314880593667167,0.2385053054335367,0.2519995208011122,0.227077713117226,0.1884991984592234,0.1587388987628352,38
7,109,2291,0.0454166666666666,74,0.0308333333333333,35,0.0145833333333333,0,0.0,35,0.0145833333333333,6,30,30,10,16,0,8,4,6,0,0.7963528963625917,0.2182219592226973,0.2215968164445605,0.2379625793067487,0.2115658191325654,0.1804386450858089,0.1430515363366023,38
8,114,2286,0.0475,83,0.0345833333333333,31,0.0129166666666666,0,0.0,31,0.0129166666666666,6,38,38,10,16,0,9,4,6,0,0.9013032889731474,0.2485225806995316,0.2473966625775561,0.2677835057259057,0.233405782210912,0.1947819747308687,0.1541332381627503,38
9,120,2280,0.05,95,0.0395833333333333,25,0.0104166666666666,0,0.0,25,0.0104166666666666,6,46,46,10,18,0,10,5,6,0,0.984862603072294,0.2691868064980995,0.2693271827696362,0.2934985778471656,0.25501113237558,0.2073818746294553,0.1635919949452128,38
10,124,2276,0.0516666666666666,109,0.0454166666666666,15,0.00625,0,0.0,15,0.00625,6,57,57,10,18,0,13,5,6,0,1.0759463867066097,0.2930014121112481,0.2954611321875831,0.3251071531602275,0.2785829710377947,0.2236604164657038,0.1762326117995567,38
11,152,2248,0.0633333333333333,138,0.0575,14,0.0058333333333333,0,0.0,14,0.0058333333333333,6,71,71,13,26,0,16,6,6,0,0.9736095496853664,0.2626510367869425,0.2741555711631392,0.3001409093469407,0.2552961781089832,0.2092262217700427,0.1587130357004476,38
12,182,2218,0.0758333333333333,167,0.0695833333333333,15,0.00625,0,0.0,15,0.00625,6,88,88,15,31,0,18,8,7,0,0.9188915352924448,0.2578168232552404,0.2638794333914968,0.2885666503135505,0.2454631992963487,0.2014251940266435,0.1496452805203546,38
13,203,2197,0.0845833333333333,188,0.0783333333333333,15,0.00625,0,0.0,15,0.00625,6,100,100,18,34,0,20,9,7,0,0.9416804113080558,0.2737063825084156,0.270025648076023,0.2989730766322426,0.2531542566728761,0.2029705216027778,0.1525902414469164,38
14,227,2173,0.0945833333333333,211,0.0879166666666666,16,0.0066666666666666,0,0.0,16,0.0066666666666666,6,112,112,19,36,0,23,10,11,0,0.957257998625899,0.2852605994902535,0.2737350507386175,0.3066342563128202,0.2595917523683583,0.2104894670396178,0.1546997959029132,38
15,247,2153,0.1029166666666666,232,0.0966666666666666,15,0.00625,0,0.0,15,0.00625,6,122,122,19,40,0,30,10,11,0,0.9960687270726384,0.300367370347606,0.2840638407300703,0.3211035616722578,0.270541829202136,0.2170158566497096,0.1605324255902918,38
16,270,2130,0.1125,260,0.1083333333333333,10,0.0041666666666666,0,0.0,10,0.0041666666666666,6,129,129,21,53,0,33,13,11,0,1.0230998474605637,0.3146802460306405,0.2932544350039439,0.3339762969551382,0.2801081744110426,0.2213739034959604,0.1655257522274924,38
17,289,2111,0.1204166666666666,280,0.1166666666666666,9,0.00375,0,0.0,9,0.00375,6,134,134,22,59,0,38,16,11,0,1.0666859118629697,0.3355961930292235,0.3105274886330685,0.3562273665936971,0.2967183838203737,0.2285050035399604,0.1738321312841403,38
18,322,2078,0.1341666666666666,314,0.1308333333333333,8,0.0033333333333333,0,0.0,8,0.0033333333333333,6,148,148,27,65,0,44,18,12,0,1.0592529912364517,0.3404738192760904,0.3138882323289316,0.3630231066274124,0.2994822366299521,0.227630846611076,0.1743507110096558,38
19,364,2036,0.1516666666666666,357,0.14875,7,0.0029166666666666,0,0.0,7,0.0029166666666666,6,170,170,33,71,0,53,18,12,0,1.0372647751047224,0.3400036066654147,0.3133419827906817,0.3632396889014562,0.2998935614545225,0.2268385751983608,0.1721465422314628,38
20,406,1994,0.1691666666666666,399,0.16625,7,0.0029166666666666,0,0.0,7,0.0029166666666666,6,189,189,36,84,0,58,18,14,0,1.0330646992783827,0.3471162106984969,0.3145175188805226,0.3673645707686079,0.2983474460515514,0.2288767359868889,0.1727278147502059,38
21,446,1954,0.1858333333333333,441,0.18375,5,0.0020833333333333,0,0.0,5,0.0020833333333333,6,213,213,37,92,0,64,20,15,0,1.044712565919513,0.3645118013211451,0.3211076659355373,0.3764032228353501,0.3032374063531748,0.2296961105418388,0.1765545286271908,38
22,484,1916,0.2016666666666666,483,0.20125,1,0.0004166666666666,0,0.0,1,0.0004166666666666,6,225,225,40,105,0,71,24,18,0,1.0662094634375672,0.3860558616741893,0.3280823706988742,0.3885104172147787,0.3111480538165626,0.2341048948936339,0.1822515280806711,38
23,533,1867,0.2220833333333333,532,0.2216666666666666,1,0.0004166666666666,0,0.0,1,0.0004166666666666,6,238,238,47,118,0,79,29,21,0,1.066824286886738,0.3993056910793185,0.3308407591770189,0.3945448001350257,0.3136329234182032,0.2341309028976997,0.184530645675775,38
24,567,1833,0.23625,567,0.23625,0,0.0,0,0.0,0,0.0,6,249,249,47,128,0,89,31,23,0,1.1033703627154512,0.4302908994898572,0.346216064929199,0.4142102087823223,0.3289629802731592,0.2432343462429396,0.1935791607743077,38
25,613,1787,0.2554166666666667,613,0.2554166666666667,0,0.0,0,0.0,0,0.0,6,266,266,49,139,0,104,32,23,0,1.1148640535090448,0.4480741370467768,0.3543788439936801,0.4255590138005133,0.3359004859582289,0.2462515123871115,0.1981180911676941,38
26,654,1746,0.2725,654,0.2725,0,0.0,0,0.0,0,0.0,6,281,281,53,152,0,110,35,23,0,1.137833545270036,0.4698019899215701,0.366051267519116,0.4418053842205756,0.34595341607193,0.2516931256848534,0.20466837959293,38
27,696,1704,0.29,696,0.29,0,0.0,0,0.0,0,0.0,6,297,297,55,167,0,117,36,24,0,1.158298090608966,0.4901859932009146,0.3770489280935182,0.4573253629253575,0.3553045651253383,0.257714568329656,0.2109582911480903,38
28,749,1651,0.3120833333333333,749,0.3120833333333333,0,0.0,0,0.0,0,0.0,6,324,324,56,184,0,124,37,24,0,1.160833170671478,0.5052450015234345,0.3821240857339923,0.465828382799858,0.3609987004736721,0.2596674793333702,0.2144486909767936,38
29,801,1599,0.33375,801,0.33375,0,0.0,0,0.0,0,0.0,6,342,342,60,201,0,131,41,26,0,1.1682626948593131,0.5261294076491231,0.3882621340472841,0.475676151686729,0.368269450550185,0.2608383453601499,0.2192690909443651,38
30,842,1558,0.3508333333333333,842,0.3508333333333333,0,0.0,0,0.0,0,0.0,6,354,354,62,209,0,140,47,30,0,1.1920255713743666,0.5566777790668078,0.3984954828365565,0.4925523427874422,0.380024517416957,0.2663802067724992,0.2275321639846048,38
31,889,1511,0.3704166666666666,889,0.3704166666666666,0,0.0,0,0.0,0,0.0,6,375,375,64,224,0,146,49,31,0,1.2043488226331989,0.5842771889503126,0.4075603370254459,0.5051763167180908,0.3883590563521071,0.2702634425445172,0.2341529583871488,38
32,920,1480,0.3833333333333333,920,0.3833333333333333,0,0.0,0,0.0,0,0.0,6,383,383,66,233,0,154,52,32,0,1.236112375145766,0.6192219335642873,0.4218998653796323,0.5262742274762848,0.4024408739153823,0.2778258824052534,0.2443756356478086,38
33,952,1448,0.3966666666666666,952,0.3966666666666666,0,0.0,0,0.0,0,0.0,6,392,392,69,240,0,162,53,36,0,1.2603918861525627,0.6516342027218801,0.4332498296701638,0.5453430433091373,0.4156621342119943,0.2848001198024066,0.2536621724079197,38
34,1002,1398,0.4175,1002,0.4175,0,0.0,0,0.0,0,0.0,6,410,410,72,253,0,172,57,38,0,1.2562262970782168,0.6685351146627819,0.4372195932005874,0.5525198564568612,0.4208263525000313,0.2864693855135314,0.2573460409010576,38
35,1042,1358,0.4341666666666666,1042,0.4341666666666666,0,0.0,0,0.0,0,0.0,6,419,419,77,266,0,182,58,40,0,1.264009633388431,0.6939318295613215,0.4466359111993933,0.5651952443874073,0.4292249222063337,0.2909290476714526,0.2636850156946172,38
36,1081,1319,0.4504166666666667,1081,0.4504166666666667,0,0.0,0,0.0,0,0.0,6,431,431,80,282,0,188,60,40,0,1.27011801582927,0.7200196760061112,0.4558819699419617,0.5776339384773309,0.4372759659563378,0.2943098974441965,0.2699301931856145,38
37,1105,1295,0.4604166666666666,1105,0.4604166666666666,0,0.0,0,0.0,0,0.0,6,440,440,81,289,0,191,63,41,0,1.2900814625372083,0.7557675500328934,0.4691455907765368,0.5972229815730525,0.4506338321836614,0.3010857707535175,0.2794633665844576,38
38,1127,1273,0.4695833333333333,1127,0.4695833333333333,0,0.0,0,0.0,0,0.0,6,447,447,82,297,0,196,63,42,0,1.306282456281609,0.7885100519145619,0.48151413813647,0.615783792115589,0.463036712593595,0.3078763602015398,0.2883056548767967,38
39,1151,1249,0.4795833333333333,1151,0.4795833333333333,0,0.0,0,0.0,0,0.0,6,454,454,82,308,0,201,64,42,0,1.3144051039300733,0.8187295791980371,0.4913511252938666,0.6312146071504557,0.4734710120270922,0.3132187126651999,0.2958771368224742,38
40,1172,1228,0.4883333333333333,1172,0.4883333333333333,0,0.0,0,0.0,0,0.0,6,460,460,83,318,0,203,66,42,0,1.3208511842584425,0.8484453678252953,0.501152963636834,0.6467618520482076,0.484371505529202,0.3184293284742779,0.3032457349588235,38
41,1185,1215,0.49375,1185,0.49375,0,0.0,0,0.0,0,0.0,6,467,467,83,321,0,206,66,42,0,1.330747375596807,0.8829807375376547,0.5125973823934151,0.6649748260279663,0.4965911529703635,0.3241927303592301,0.3119139564105063,38
42,1190,1210,0.4958333333333333,1190,0.4958333333333333,0,0.0,0,0.0,0,0.0,6,469,469,83,323,0,207,66,42,0,1.3435735703832004,0.9180999635158898,0.5258133880333491,0.6853898354155363,0.5106546599083965,0.3313723263237763,0.3212446311275363,38
43,1200,1200,0.5,1200,0.5,0,0.0,0,0.0,0,0.0,6,473,473,83,326,0,209,66,43,0,1.3440569879649022,0.948554217437934,0.5350089085314346,0.7003652934478726,0.5205133190484562,0.336097479367679,0.3283677390189809,38
44,1203,1197,0.50125,1203,0.50125,0,0.0,0,0.0,0,0.0,6,473,473,83,329,0,209,66,43,0,1.347394553974196,0.981544933360737,0.5455541635819877,0.7173079913645227,0.531877350343294,0.341445570516321,0.3362682924538422,38
45,1208,1192,0.5033333333333333,1208,0.5033333333333333,0,0.0,0,0.0,0,0.0,6,474,474,83,333,0,209,66,43,0,1.342988000829504,1.0100552146934358,0.553647955229326,0.7308276584487862,0.540999511292201,0.3454418517474771,0.3424551280205384,38
46,1213,1187,0.5054166666666666,1213,0.5054166666666666,0,0.0,0,0.0,0,0.0,6,476,476,83,336,0,209,66,43,0,1.3340658242228547,1.0356801561539188,0.5599063931420498,0.7423607410270284,0.5488873530481386,0.3483862858003012,0.347511326631588,38
47,1218,1182,0.5075,1218,0.5075,0,0.0,0,0.0,0,0.0,6,477,477,83,340,0,209,66,43,0,1.3209399621458842,1.060443371488696,0.5647712736716413,0.7519257150006798,0.5550408157513755,0.3503480153191006,0.3517389369522484,38
48,1219,1181,0.5079166666666667,1219,0.5079166666666667,0,0.0,0,0.0,0,0.0,6,477,477,83,340,0,209,66,44,0,1.3088377441488204,1.0849959178227309,0.5698648873362891,0.7622745010715822,0.5618207719857733,0.3524828843893979,0.3559039182139581,38
49,1226,1174,0.5108333333333334,1226,0.5108333333333334,0,0.0,0,0.0,0,0.0,6,483,483,83,341,0,209,66,44,0,1.2872682371672028,1.1018735900842738,0.5709136712032906,0.7669283078891868,0.5649018491832429,0.3521323176372603,0.3573365529486864,38
50,1228,1172,0.5116666666666667,1228,0.5116666666666667,0,0.0,0,0.0,0,0.0,6,484,484,83,342,0,209,66,44,0,1.2690626613904046,1.1227649179959178,0.5731496874411662,0.7730824730336687,0.5687482853182875,0.3525314124716288,0.3595561562669974,38
51,1229,1171,0.5120833333333333,1229,0.5120833333333333,0,0.0,0,0.0,0,0.0,6,484,484,83,343,0,209,66,44,0,1.2500933788958537,1.1422618286160189,0.5745399139183528,0.7783368089413035,0.5718632709615513,0.3525057679147589,0.3611773768923683,38
52,1230,1170,0.5125,1230,0.5125,0,0.0,0,0.0,0,0.0,6,485,485,83,343,0,209,66,44,0,1.2295464890367185,1.1602730151481135,0.5748540406117529,0.782186467188807,0.5738863677658617,0.3517575950603562,0.3620484583505927,38
53,1232,1168,0.5133333333333333,1232,0.5133333333333333,0,0.0,0,0.0,0,0.0,6,486,486,84,343,0,209,66,44,0,1.2067425214507983,1.176177132929351,0.5739218634591878,0.7840395052981144,0.5745018250926772,0.3501173272893162,0.3619323208917143,38
54,1232,1168,0.5133333333333333,1232,0.5133333333333333,0,0.0,0,0.0,0,0.0,6,487,487,84,343,0,209,66,43,0,1.1843960235063946,1.1930553935194956,0.5717988975886211,0.78568514226837,0.5740848843976594,0.3484207354275759,0.3616349773576463,38
55,1232,1168,0.5133333333333333,1232,0.5133333333333333,0,0.0,0,0.0,0,0.0,6,489,489,83,343,0,208,66,43,0,1.1608106862903813,1.2079707847877992,0.5688324980438072,0.7853311631920712,0.5733563085514806,0.3453672412233286,0.360494602449613,38
56,1231,1169,0.5129166666666667,1231,0.5129166666666667,0,0.0,0,0.0,0,0.0,6,489,489,82,343,0,208,66,43,0,1.138876985646488,1.225878237088583,0.5663228162390103,0.785459964992232,0.5723898905233896,0.3422284858944204,0.3592985655157081,38
57,1228,1172,0.5116666666666667,1228,0.5116666666666667,0,0.0,0,0.0,0,0.0,6,489,489,81,342,0,207,66,43,0,1.1170849426961835,1.2455817341423048,0.5629017079748149,0.7840353310956343,0.5705530299525732,0.338971563438515,0.3578290930342858,38
58,1219,1181,0.5079166666666667,1219,0.5079166666666667,0,0.0,0,0.0,0,0.0,6,486,486,80,339,0,206,66,42,0,1.095810007444732,1.2615195317946528,0.5594657764798094,0.7827521810737634,0.5673910838055525,0.3359612356385118,0.3557759187866426,38
59,1203,1197,0.50125,1203,0.50125,0,0.0,0,0.0,0,0.0,6,482,482,78,333,0,204,64,42,0,1.0749711937416626,1.2753681221736035,0.5556795677015097,0.7790884533468079,0.5641051440170683,0.3311465202140174,0.3535666664149663,38
60,1188,1212,0.495,1188,0.495,0,0.0,0,0.0,0,0.0,6,478,478,76,329,0,200,63,42,0,1.0551097027560552,1.2944966366855553,0.5503438749514695,0.775100869849277,0.5614848361954233,0.3266674385478125,0.3510533737213112,38
61,1161,1239,0.48375,1161,0.48375,0,0.0,0,0.0,0,0.0,6,473,473,73,321,0,193,59,42,0,1.0369278179733563,1.3117344763939198,0.5427103420558259,0.7677317085785975,0.5586902227790319,0.3201201742673293,0.3485609762169039,38
62,1141,1259,0.4754166666666666,1141,0.4754166666666666,0,0.0,0,0.0,0,0.0,6,470,470,73,310,0,189,58,41,0,1.019201276080851,1.330375157310526,0.5371321124692259,0.7591587113433031,0.5503544848604249,0.3174625472255079,0.3452526203406394,38
63,1098,1302,0.4575,1098,0.4575,0,0.0,0,0.0,0,0.0,6,459,459,67,290,0,186,56,40,0,1.002574307995578,1.3460031982397993,0.5365501568639135,0.7521608224905996,0.5399996963921173,0.3110801779190144,0.3422357821890369,38
64,1039,1361,0.4329166666666666,1039,0.4329166666666666,0,0.0,0,0.0,0,0.0,6,443,443,64,271,0,169,54,38,0,0.987835380419643,1.353910998006748,0.5271438062741856,0.740675904015139,0.5341246614082946,0.3094498450973107,0.3396558630073791,38
65,990,1410,0.4125,990,0.4125,0,0.0,0,0.0,0,0.0,6,425,425,61,254,0,161,53,36,0,0.9730679908528316,1.3615119067518515,0.5239779850090752,0.7346878544527938,0.5264404840536219,0.3076201223229443,0.3359990544323331,38
66,921,1479,0.38375,921,0.38375,0,0.0,0,0.0,0,0.0,6,403,403,56,228,0,149,50,35,0,0.9591868146035276,1.3659969500300653,0.5210796467077707,0.722499947337712,0.5160073756058735,0.3041937920334081,0.3328080421923957,38
67,867,1533,0.36125,867,0.36125,0,0.0,0,0.0,0,0.0,6,386,386,48,213,0,137,49,34,0,0.9454901451400612,1.3756049985177177,0.5156556335753156,0.7150185574065907,0.5114668754244391,0.2972257783778414,0.3289944797703446,38
68,818,1582,0.3408333333333333,818,0.3408333333333333,0,0.0,0,0.0,0,0.0,6,371,371,43,198,0,128,47,31,0,0.9324360970292132,1.3823375525752304,0.5093082352079417,0.7070234120542133,0.5030981410783808,0.292130827310359,0.3247284053306846,38
69,753,1647,0.31375,753,0.31375,0,0.0,0,0.0,0,0.0,6,344,344,42,174,0,119,45,29,0,0.9202295055058868,1.384971916374137,0.5092370547417269,0.6964293676028587,0.4894950179428737,0.2942131161889577,0.3210521841663683,38
70,691,1709,0.2879166666666666,691,0.2879166666666666,0,0.0,0,0.0,0,0.0,6,314,314,37,160,0,113,41,26,0,0.9071733131877904,1.384576756840846,0.5087930247466239,0.6977466134038656,0.4853535972660023,0.2884233827200604,0.3163759170138541,38
71,639,1761,0.26625,639,0.26625,0,0.0,0,0.0,0,0.0,6,292,292,32,142,0,106,41,26,0,0.8950851706479953,1.3916285146270897,0.513298402437656,0.6905807837718396,0.4746124417051711,0.2858048205790846,0.3112028446958544,38
72,581,1819,0.2420833333333333,581,0.2420833333333333,0,0.0,0,0.0,0,0.0,6,269,269,30,124,0,97,38,23,0,0.884174324718991,1.3927170260272277,0.5101187384150503,0.6801487589910349,0.4611272276165189,0.2853875050787463,0.3064237019445452,38
73,505,1895,0.2104166666666666,505,0.2104166666666666,0,0.0,0,0.0,0,0.0,6,237,237,23,102,0,91,34,18,0,0.873718671433781,1.3725351563040866,0.5183084282475056,0.6812931835096239,0.4436253153481683,0.2791923277037204,0.3018173588933736,38
74,446,1954,0.1858333333333333,446,0.1858333333333333,0,0.0,0,0.0,0,0.0,6,213,213,20,85,0,80,31,17,0,0.8643378364082122,1.3601329677975464,0.5189340857314664,0.6685651409502887,0.4321829422615362,0.278330266366471,0.2970519492848643,38
75,398,2002,0.1658333333333333,398,0.1658333333333333,0,0.0,0,0.0,0,0.0,6,191,191,16,80,0,67,27,17,0,0.854508743175764,1.3631437270066724,0.5053906842717526,0.6608207269837894,0.4419407922578025,0.268145022797939,0.2916630349911602,38
76,348,2052,0.145,348,0.145,0,0.0,0,0.0,0,0.0,6,173,173,14,72,0,53,22,14,0,0.846373448606289,1.361232900779972,0.4789297045615709,0.6427451410832243,0.4420773447281878,0.2610218860857506,0.2875391808674654,38
77,300,2100,0.125,300,0.125,0,0.0,0,0.0,0,0.0,6,154,154,11,60,0,45,21,9,0,0.8371656720537374,1.3567851790900332,0.4682380542421836,0.6354993373850399,0.4208599030367741,0.2605979972544253,0.2825337210301101,38
78,259,2141,0.1079166666666666,259,0.1079166666666666,0,0.0,0,0.0,0,0.0,6,137,137,8,47,0,40,18,9,0,0.8311472018197655,1.3466099151145283,0.4737630017518267,0.6182268824648611,0.4047063015823207,0.2522265310811039,0.2779208822754736,38
79,220,2180,0.0916666666666666,220,0.0916666666666666,0,0.0,0,0.0,0,0.0,6,121,121,6,37,0,36,13,7,0,0.824106684557799,1.3281465949250193,0.4666203314722754,0.6009877305812356,0.3859960998257763,0.2362217901027418,0.2723036954874411,38
80,187,2213,0.0779166666666666,187,0.0779166666666666,0,0.0,0,0.0,0,0.0,6,111,111,5,28,0,29,11,3,0,0.818169546866834,1.3281271085860755,0.4393174740916005,0.5710675197044687,0.3495329131961958,0.2332647494147216,0.2688014954900416,38
81,159,2241,0.06625,159,0.06625,0,0.0,0,0.0,0,0.0,6,93,93,4,24,0,25,10,3,0,0.8119327848290213,1.322692442400555,0.446857067662401,0.5770747090659507,0.3522920274385983,0.2347210842160803,0.2638448206796477,38
82,130,2270,0.0541666666666666,130,0.0541666666666666,0,0.0,0,0.0,0,0.0,6,78,78,4,19,0,17,9,3,0,0.8077023440219445,1.3205678031937034,0.4288366423409707,0.5502138354056278,0.3496333641091059,0.2448033155486693,0.2592365127512996,38
83,106,2294,0.0441666666666666,106,0.0441666666666666,0,0.0,0,0.0,0,0.0,6,65,65,3,16,0,14,5,3,0,0.802639015673054,1.3046929477994231,0.4125037758894772,0.5335199245970417,0.3586115868228295,0.2198869705790507,0.2544162572672011,38
84,75,2325,0.03125,75,0.03125,0,0.0,0,0.0,0,0.0,6,50,50,2,10,0,10,2,1,0,0.7981786643428517,1.2605000561398445,0.3766050084607619,0.4950757265914534,0.3246029801635011,0.1965476736174129,0.2509714698634487,38
85,58,2342,0.0241666666666666,58,0.0241666666666666,0,0.0,0,0.0,0,0.0,5,42,42,2,8,0,5,1,0,0,0.7942477298748754,1.218845541390789,0.30486816632279,0.4410928093461282,0.3136548665301835,0.1930771864183563,0.2453345102998447,38
86,46,2354,0.0191666666666666,46,0.0191666666666666,0,0.0,0,0.0,0,0.0,4,37,37,2,5,0,2,0,0,0,0.7928033845979208,1.167767313588983,0.2473487903273684,0.3547126366353521,0.2863082788375322,0.1861364496599555,0.2425555858448997,38
87,39,2361,0.01625,39,0.01625,0,0.0,0,0.0,0,0.0,4,32,32,1,5,0,1,0,0,0,0.7875843118645791,1.1544994447572146,0.2271049726700857,0.3537621726937964,0.3032750751601554,0.166636492004955,0.2388602956137926,38
88,33,2367,0.01375,33,0.01375,0,0.0,0,0.0,0,0.0,4,28,28,1,3,0,1,0,0,0,0.7843427351147899,1.1640298902282582,0.2277675516661309,0.3175841720891749,0.2629780840129632,0.1684901901256015,0.2345865457598749,38
89,27,2373,0.01125,27,0.01125,0,0.0,0,0.0,0,0.0,3,25,25,1,0,0,1,0,0,0,0.7859110118904128,1.134600179527811,0.239215212907466,0.2391752386264492,0.1773042861676117,0.1785069195360049,0.2328733227428137,38
90,26,2374,0.0108333333333333,26,0.0108333333333333,0,0.0,0,0.0,0,0.0,3,24,24,1,0,0,1,0,0,0,0.7824547456324352,1.1742870324335275,0.2393284033955302,0.2392912335560637,0.1761596891595722,0.1790047294840926,0.2263447093762172,38
91,20,2380,0.0083333333333333,20,0.0083333333333333,0,0.0,0,0.0,0,0.0,3,18,18,1,0,0,1,0,0,0,0.775078129658896,1.1854958064007666,0.2497301418817086,0.2496923428034684,0.1752776126176902,0.1897318341926616,0.2217184891686212,38
92,13,2387,0.0054166666666666,13,0.0054166666666666,0,0.0,0,0.0,0,0.0,1,13,13,0,0,0,0,0,0,0,0.7698541311935239,1.1663490402521988,0.1954822354566465,0.1954523934148873,0.1710386161246712,0.1368477682991584,0.2184403143660827,38
93,12,2388,0.005,12,0.005,0,0.0,0,0.0,0,0.0,1,12,12,0,0,0,0,0,0,0,0.7665577637272293,1.2216887040421236,0.1938227471267229,0.1937906130365721,0.1695796854091999,0.1356835682637941,0.2123294508306644,38
94,5,2395,0.0020833333333333,5,0.0020833333333333,0,0.0,0,0.0,0,0.0,1,5,5,0,0,0,0,0,0,0,0.7614903991195031,1.097815181309842,0.2094374075525442,0.2094117619440399,0.1832225503176158,0.1465914750431499,0.2143037916502338,38
95,4,2396,0.0016666666666666,4,0.0016666666666666,0,0.0,0,0.0,0,0.0,1,4,4,0,0,0,0,0,0,0,0.7587176134605694,1.1121542270973863,0.210636368538568,0.2105924505289334,0.1842636603888057,0.1474140661911988,0.2070184889733294,38
96,3,2397,0.00125,3,0.00125,0,0.0,0,0.0,0,0.0,1,3,3,0,0,0,0,0,0,0,0.7587680198203147,1.1726443989091413,0.2020408332504291,0.2019922303058964,0.1767436814177966,0.141389472886971,0.2001087248236532,38
97,1,2399,0.0004166666666666,1,0.0004166666666666,0,0.0,0,0.0,0,0.0,1,1,1,0,0,0,0,0,0,0,0.7589041972687546,1.1635986363941764,0.1964073321958937,0.1963406425114884,0.1718068652842961,0.1374399295517561,0.1994601421990407,38
98,1,2399,0.0004166666666666,1,0.0004166666666666,0,0.0,0,0.0,0,0.0,1,1,1,0,0,0,0,0,0,0,0.7571618394549442,1.227238772754759,0.1944825620430211,0.1944225413270563,0.1701276464392436,0.1360971107432822,0.1919153021258383,38
99,0,2400,0.0,0,0.0,0,0.0,0,0.0,0,0.0,0,0,0,0,0,0,0,0,0,0,0.0,0.0,0.0,0.0,0.0,0.0,0.0,38
100,0,2400,0.0,0,0.0,0,0.0,0,0.0,0,0.0,0,0,0,0,0,0,0,0,0,0,0.0,0.0,0.0,0.0,0.0,0.0,0.0,38
101,0,2400,0.0,0,0.0,0,0.0,0,0.0,0,0.0,0,0,0,0,0,0,0,0,0,0,0.0,0.0,0.0,0.0,0.0,0.0,0.0,38
102,0,2400,0.0,0,0.0,0,0.0,0,0.0,0,0.0,0,0,0,0,0,0,0,0,0,0,0.0,0.0,0.0,0.0,0.0,0.0,0.0,38
103,0,2400,0.0,0,0.0,0,0.0,0,0.0,0,0.0,0,0,0,0,0,0,0,0,0,0,0.0,0.0,0.0,0.0,0.0,0.0,0.0,38
104,0,2400,0.0,0,0.0,0,0.0,0,0.0,0,0.0,0,0,0,0,0,0,0,0,0,0,0.0,0.0,0.0,0.0,0.0,0.0,0.0,38
105,0,2400,0.0,0,0.0,0,0.0,0,0.0,0,0.0,0,0,0,0,0,0,0,0,0,0,0.0,0.0,0.0,0.0,0.0,0.0,0.0,38
106,0,2400,0.0,0,0.0,0,0.0,0,0.0,0,0.0,0,0,0,0,0,0,0,0,0,0,0.0,0.0,0.0,0.0,0.0,0.0,0.0,38
107,0,2400,0.0,0,0.0,0,0.0,0,0.0,0,0.0,0,0,0,0,0,0,0,0,0,0,0.0,0.0,0.0,0.0,0.0,0.0,0.0,38
108,0,2400,0.0,0,0.0,0,0.0,0,0.0,0,0.0,0,0,0,0,0,0,0,0,0,0,0.0,0.0,0.0,0.0,0.0,0.0,0.0,38
109,0,2400,0.0,0,0.0,0,0.0,0,0.0,0,0.0,0,0,0,0,0,0,0,0,0,0,0.0,0.0,0.0,0.0,0.0,0.0,0.0,38
110,0,2400,0.0,0,0.0,0,0.0,0,0.0,0,0.0,0,0,0,0,0,0,0,0,0,0,0.0,0.0,0.0,0.0,0.0,0.0,0.0,38
111,0,2400,0.0,0,0.0,0,0.0,0,0.0,0,0.0,0,0,0,0,0,0,0,0,0,0,0.0,0.0,0.0,0.0,0.0,0.0,0.0,38
112,0,2400,0.0,0,0.0,0,0.0,0,0.0,0,0.0,0,0,0,0,0,0,0,0,0,0,0.0,0.0,0.0,0.0,0.0,0.0,0.0,38
113,0,2400,0.0,0,0.0,0,0.0,0,0.0,0,0.0,0,0,0,0,0,0,0,0,0,0,0.0,0.0,0.0,0.0,0.0,0.0,0.0,38
114,0,2400,0.0,0,0.0,0,0.0,0,0.0,0,0.0,0,0,0,0,0,0,0,0,0,0,0.0,0.0,0.0,0.0,0.0,0.0,0.0,38
115,0,2400,0.0,0,0.0,0,0.0,0,0.0,0,0.0,0,0,0,0,0,0,0,0,0,0,0.0,0.0,0.0,0.0,0.0,0.0,0.0,38
116,0,2400,0.0,0,0.0,0,0.0,0,0.0,0,0.0,0,0,0,0,0,0,0,0,0,0,0.0,0.0,0.0,0.0,0.0,0.0,0.0,38
117,0,2400,0.0,0,0.0,0,0.0,0,0.0,0,0.0,0,0,0,0,0,0,0,0,0,0,0.0,0.0,0.0,0.0,0.0,0.0,0.0,38
118,0,2400,0.0,0,0.0,0,0.0,0,0.0,0,0.0,0,0,0,0,0,0,0,0,0,0,0.0,0.0,0.0,0.0,0.0,0.0,0.0,38
119,0,2400,0.0,0,0.0,0,0.0,0,0.0,0,0.0,0,0,0,0,0,0,0,0,0,0,0.0,0.0,0.0,0.0,0.0,0.0,0.0,38
0,30,2370,0.0125,0,0.0,30,0.0125,0,0.0,30,0.0125,0,0,0,0,0,0,0,0,0,0,0.8544779979026222,0.4426820607439607,0.5744209325607039,0.5532774567678221,0.6118338994571083,0.4196483650864179,0.3911944745214192,40
1,46,2354,0.0191666666666666,0,0.0,46,0.0191666666666666,0,0.0,46,0.0191666666666666,0,0,0,0,0,0,0,0,0,0,0.6507799093931835,0.2833133834801509,0.3552964473905763,0.3501317625037765,0.378804187957701,0.2814712487516927,0.2473815137345236,40
2,56,2344,0.0233333333333333,0,0.0,56,0.0233333333333333,0,0.0,56,0.0233333333333333,0,0,0,0,0,0,0,0,0,0,0.6676119565958711,0.25723525135854,0.2906996157999816,0.2882301142479422,0.3096930959648936,0.2355338916465494,0.2061856548173064,40
3,60,2340,0.025,26,0.0108333333333333,34,0.0141666666666666,0,0.0,34,0.0141666666666666,7,6,6,3,5,5,4,1,2,0,0.7733393441654605,0.2616776111411737,0.2803377236931766,0.2764752720796954,0.2878934233454027,0.2236636929551733,0.1990493333245343,40
4,65,2335,0.0270833333333333,27,0.01125,38,0.0158333333333333,0,0.0,38,0.0158333333333333,7,6,6,4,5,5,4,1,2,0,0.8529009153709265,0.260778323101898,0.2819129028559206,0.2890182241207494,0.2947704612612334,0.2239608414400925,0.1924265832677917,40
5,75,2325,0.03125,38,0.0158333333333333,37,0.0154166666666666,0,0.0,37,0.0154166666666666,7,12,12,5,7,6,5,1,2,0,0.8623276760635287,0.2466070920194805,0.2704791002992994,0.2812303242284636,0.2757144115097331,0.2189981160560831,0.1770900115388728,40
6,91,2309,0.0379166666666666,52,0.0216666666666666,39,0.01625,0,0.0,39,0.01625,7,17,17,6,12,8,6,1,2,0,0.8265051771985125,0.2244613045199442,0.2468579005661055,0.2638734509562581,0.257481607010821,0.200252667063631,0.1573569426922269,40
7,104,2296,0.0433333333333333,63,0.02625,41,0.0170833333333333,0,0.0,41,0.0170833333333333,7,21,21,6,15,9,8,2,2,0,0.8490410429421895,0.2244171234633022,0.2429896064830337,0.269665139519372,0.257152535999989,0.2023590404921838,0.1516556809632825,40
8,114,2286,0.0475,74,0.0308333333333333,40,0.0166666666666666,0,0.0,40,0.0166666666666666,7,26,26,6,16,10,10,4,2,0,0.9031766283426303,0.2428898487382903,0.2499058879608123,0.2889961104875155,0.2698277475166662,0.2130592153069267,0.1550280825768222,40
9,123,2277,0.05125,87,0.03625,36,0.015,0,0.0,36,0.015,7,33,33,6,18,11,12,4,3,0,0.9625412255029488,0.2554837274841348,0.2633839916740754,0.3130655772405761,0.2883207184436367,0.2245510901867256,0.1601067220941642,40
10,134,2266,0.0558333333333333,108,0.045,26,0.0108333333333333,0,0.0,26,0.0108333333333333,7,44,44,7,22,14,14,4,3,0,1.0016789009057003,0.2691794674066696,0.276617462703536,0.3324013264143443,0.2970235758745161,0.2316204790628045,0.1643963206949049,40
11,160,2240,0.0666666666666666,138,0.0575,22,0.0091666666666666,0,0.0,22,0.0091666666666666,7,54,54,15,27,16,17,5,4,0,0.9430123708394764,0.2585440235577773,0.2623077557869013,0.3215399636409491,0.2872793687354596,0.2239390144456989,0.1540447014230805,40
12,187,2213,0.0779166666666666,167,0.0695833333333333,20,0.0083333333333333,0,0.0,20,0.0083333333333333,7,69,69,18,32,18,20,6,4,0,0.9177205994323968,0.2594135796380742,0.2557763603161009,0.3191767097087594,0.2805761895430545,0.221098227029891,0.1490638501111899,40
13,211,2189,0.0879166666666666,190,0.0791666666666666,21,0.00875,0,0.0,21,0.00875,7,80,80,20,35,20,24,7,4,0,0.9295488153158268,0.2735132959861985,0.2603802973951546,0.328044165813933,0.2867443579021209,0.2239383658947148,0.1505619009177357,40
14,231,2169,0.09625,207,0.08625,24,0.01,0,0.0,24,0.01,7,86,86,20,40,24,26,7,4,0,0.9673673958633248,0.288121969297745,0.2724399780380863,0.3456505530343092,0.2985569526800675,0.2341208805425962,0.1557129370055396,40
15,252,2148,0.105,229,0.0954166666666666,23,0.0095833333333333,0,0.0,23,0.0095833333333333,7,93,93,20,47,29,28,8,4,0,1.0017126028186063,0.3014149103849255,0.2827439901901853,0.3631927036846949,0.308168145101509,0.2445294793112587,0.161017014088686,40
16,269,2131,0.1120833333333333,252,0.105,17,0.0070833333333333,0,0.0,17,0.0070833333333333,7,102,102,20,53,32,32,8,5,0,1.052422576846295,0.3253267720271416,0.2969476759240207,0.3887516771482416,0.3258825337014008,0.2582220122355753,0.1702993530310251,40
17,303,2097,0.12625,288,0.12,15,0.00625,0,0.0,15,0.00625,7,109,109,22,61,36,40,14,6,0,1.0366908507630372,0.3305135693325775,0.2969637466140509,0.3913456735001584,0.325147733574581,0.2598392147573289,0.1697843036035718,40
18,343,2057,0.1429166666666666,332,0.1383333333333333,11,0.0045833333333333,0,0.0,11,0.0045833333333333,7,122,122,30,71,41,45,16,7,0,1.0178316112288266,0.334982654102023,0.2953389266222155,0.3939047523190383,0.3256541187820724,0.2607881725256201,0.1684764869097664,40
19,388,2012,0.1616666666666666,378,0.1575,10,0.0041666666666666,0,0.0,10,0.0041666666666666,7,143,143,35,81,44,50,17,8,0,1.0029022206467235,0.3413328487662231,0.2953988050353503,0.3961916469059243,0.3262920854955976,0.2628925098357553,0.1675478476290539,40
20,427,1973,0.1779166666666666,417,0.17375,10,0.0041666666666666,0,0.0,10,0.0041666666666666,7,159,159,39,86,54,53,18,8,0,1.0179438439027126,0.3594881283118623,0.3022352902970613,0.4077221629042665,0.3312564542772223,0.2674601987458024,0.1716069712282593,40
21,470,1930,0.1958333333333333,458,0.1908333333333333,12,0.005,0,0.0,12,0.005,7,173,173,40,97,62,59,19,8,0,1.0293280307253494,0.376432527043082,0.3061272288414458,0.4170446643600499,0.3366675847842921,0.2730186112117951,0.1752396054778717,40
22,511,1889,0.2129166666666666,500,0.2083333333333333,11,0.0045833333333333,0,0.0,11,0.0045833333333333,7,188,188,42,112,63,66,21,8,0,1.0500795746308444,0.3969686084916317,0.3118694735461745,0.4307933206405524,0.3480616994797704,0.280637258009371,0.1806557706325922,40
23,555,1845,0.23125,546,0.2275,9,0.00375,0,0.0,9,0.00375,7,204,204,42,126,67,72,27,8,0,1.0672180552160024,0.4188502036852273,0.318127362329808,0.4434809874276525,0.358387345689674,0.2857178736264474,0.1860523582265928,40
24,595,1805,0.2479166666666666,588,0.245,7,0.0029166666666666,0,0.0,7,0.0029166666666666,7,211,211,42,139,73,82,33,8,0,1.0941301719946743,0.4394549188920522,0.3273240422112544,0.4612759759093771,0.3715421473504717,0.2950675642019784,0.192601461590521,40
25,628,1772,0.2616666666666666,620,0.2583333333333333,8,0.0033333333333333,0,0.0,8,0.0033333333333333,7,216,216,43,149,81,89,34,8,0,1.1327335946105688,0.4688345685775384,0.3414141165603741,0.4861204650029232,0.3895265666931366,0.3059107522626603,0.2020991075276735,40
26,676,1724,0.2816666666666667,668,0.2783333333333333,8,0.0033333333333333,0,0.0,8,0.0033333333333333,7,226,226,48,159,89,102,35,9,0,1.1408467878453616,0.4822386067455989,0.3471475621646206,0.4990374636035136,0.3991461139514708,0.3103309814293704,0.2061232878373778,40
27,734,1666,0.3058333333333333,726,0.3025,8,0.0033333333333333,0,0.0,8,0.0033333333333333,7,245,245,51,177,96,108,38,11,0,1.1358458254369297,0.4923024091880407,0.3509540706601989,0.5059999529962689,0.4042325690528691,0.3116952668345163,0.2080662250276285,40
28,782,1618,0.3258333333333333,775,0.3229166666666667,7,0.0029166666666666,0,0.0,7,0.0029166666666666,7,254,254,57,186,106,118,42,12,0,1.151389277440067,0.5165715748204858,0.3593744788207615,0.5212486396585125,0.4138965861694806,0.3172229053902181,0.2143310170559925,40
29,846,1554,0.3525,839,0.3495833333333333,7,0.0029166666666666,0,0.0,7,0.0029166666666666,7,276,276,65,199,117,122,48,12,0,1.143768975199673,0.5301123810386031,0.3605482436020047,0.5265649451302016,0.4171338020756974,0.3189199950081235,0.2163947700897756,40
30,889,1511,0.3704166666666666,885,0.36875,4,0.0016666666666666,0,0.0,4,0.0016666666666666,7,292,292,69,213,122,127,50,12,0,1.1687571195973807,0.561983764817539,0.3713247119845095,0.5457813355478066,0.431144575676701,0.3291614027947756,0.224862000677459,40
31,939,1461,0.39125,935,0.3895833333333333,4,0.0016666666666666,0,0.0,4,0.0016666666666666,7,305,305,74,224,134,133,52,13,0,1.1811008672250058,0.5847574123860624,0.3779369106185203,0.5595599827052077,0.4414273576626363,0.336173583588337,0.2307449529008603,40
32,983,1417,0.4095833333333333,979,0.4079166666666666,4,0.0016666666666666,0,0.0,4,0.0016666666666666,7,314,314,77,233,146,139,56,14,0,1.1990603584902038,0.611640375592535,0.3871074198401906,0.5764665869292346,0.4540110629784524,0.3450779605650983,0.2380563776130252,40
33,1019,1381,0.4245833333333333,1018,0.4241666666666667,1,0.0004166666666666,0,0.0,1,0.0004166666666666,8,328,328,80,247,147,144,57,14,1,1.2230218236901298,0.6446577431665501,0.3982262180835185,0.5972403760503766,0.4695747042173473,0.3562886232386033,0.2472049508258783,40
34,1066,1334,0.4441666666666666,1065,0.44375,1,0.0004166666666666,0,0.0,1,0.0004166666666666,8,342,342,81,259,154,151,62,15,1,1.2286502318196466,0.6688926981782776,0.4046929699242485,0.6096266236587276,0.4788494913949307,0.3630264293655515,0.2530414097218535,40
35,1095,1305,0.45625,1094,0.4558333333333333,1,0.0004166666666666,0,0.0,1,0.0004166666666666,8,344,344,82,269,158,157,68,15,1,1.2523058441755697,0.7045585887052418,0.4173880465988752,0.6316380365814824,0.4947890700919333,0.3739607538605066,0.2628590279544516,40
36,1125,1275,0.46875,1124,0.4683333333333333,1,0.0004166666666666,0,0.0,1,0.0004166666666666,8,348,348,82,285,161,162,70,15,1,1.268009713013719,0.7399666570391261,0.4287847245722507,0.651410199953469,0.5094977635261304,0.3843102808226808,0.2719280044237633,40
37,1154,1246,0.4808333333333333,1153,0.4804166666666666,1,0.0004166666666666,0,0.0,1,0.0004166666666666,8,351,351,82,300,166,166,72,15,1,1.2789365267346249,0.7719898095772219,0.4382786346995927,0.6701861060499839,0.5226922987764532,0.3931791178739754,0.2800737103372743,40
38,1174,1226,0.4891666666666667,1173,0.48875,1,0.0004166666666666,0,0.0,1,0.0004166666666666,8,356,356,84,307,169,168,73,15,1,1.293773427932913,0.8103855334130345,0.4507418422134256,0.6926254299641856,0.5387167246116802,0.4035009073892587,0.2898358016017055,40
39,1190,1210,0.4958333333333333,1189,0.4954166666666666,1,0.0004166666666666,0,0.0,1,0.0004166666666666,8,363,363,84,312,171,170,73,15,1,1.3063567006383798,0.8468213063900946,0.4622397518841006,0.7147693897155982,0.5550911365083008,0.4138230479046198,0.2992064614246585,40
40,1203,1197,0.50125,1203,0.50125,0,0.0,0,0.0,0,0.0,8,364,364,84,321,172,172,74,15,1,1.3155890153956502,0.8819331829956694,0.472877895757118,0.7359061167945311,0.5701012910851305,0.4234443534894322,0.3081124269897763,40
41,1215,1185,0.50625,1215,0.50625,0,0.0,0,0.0,0,0.0,8,367,367,85,323,173,174,77,15,1,1.319526364411639,0.9152239154151544,0.4824553758227699,0.7553394832648567,0.5843488275242891,0.4322927467764653,0.316159644741715,40
42,1223,1177,0.5095833333333334,1223,0.5095833333333334,0,0.0,0,0.0,0,0.0,8,371,371,85,325,174,175,77,15,1,1.3220143863184548,0.9480763299317012,0.4920806429785277,0.7747181456612166,0.5981304690920394,0.4412257018255118,0.3240057796897369,40
43,1237,1163,0.5154166666666666,1237,0.5154166666666666,0,0.0,0,0.0,0,0.0,8,375,375,86,330,176,176,78,15,1,1.312895676359748,0.9731573293094776,0.4975262660004486,0.7875502328557955,0.6069629729453583,0.4466382811135074,0.3290614585964553,40
44,1244,1156,0.5183333333333333,1244,0.5183333333333333,0,0.0,0,0.0,0,0.0,8,376,376,87,334,177,176,78,15,1,1.306459124768114,1.0017267320902268,0.5044839557150933,0.8027827826433163,0.6178717475723291,0.4529943346272829,0.3349868143202435,40
45,1252,1148,0.5216666666666666,1252,0.5216666666666666,0,0.0,0,0.0,0,0.0,8,381,381,87,335,177,178,78,15,1,1.294230224824046,1.0272661735209396,0.5094566709138324,0.8150470996131008,0.626789282291117,0.4582142289133382,0.3395847388184093,40
46,1258,1142,0.5241666666666667,1258,0.5241666666666667,0,0.0,0,0.0,0,0.0,8,384,384,87,335,178,179,79,15,1,1.280749510273017,1.0523016886513472,0.5136536082095852,0.8263408739771202,0.634522349362352,0.4625121288447069,0.3437209117917377,40
47,1265,1135,0.5270833333333333,1265,0.5270833333333333,0,0.0,0,0.0,0,0.0,8,386,386,87,339,178,180,79,15,1,1.2629902246751616,1.0744379224435208,0.5160671716689207,0.8348651746151949,0.640127440502792,0.4653674749091231,0.3466121993601053,40
48,1276,1124,0.5316666666666666,1276,0.5316666666666666,0,0.0,0,0.0,0,0.0,8,389,389,87,342,179,181,82,15,1,1.2387459952776514,1.0906485695156345,0.5160611584351242,0.8389971894874783,0.6423418610933219,0.4660948836014293,0.3474292145079282,40
49,1279,1121,0.5329166666666667,1279,0.5329166666666667,0,0.0,0,0.0,0,0.0,8,389,389,87,344,180,181,82,15,1,1.221028069686348,1.1148559947081746,0.5182063551968479,0.8470672172398445,0.6473727726947929,0.4687578185817668,0.3500240256845526,40
50,1280,1120,0.5333333333333333,1280,0.5333333333333333,0,0.0,0,0.0,0,0.0,8,390,390,87,344,180,181,82,15,1,1.203256540947129,1.1373240121160773,0.5198846738445957,0.8548023262899264,0.652170900069728,0.4711388633223158,0.3520235067858697,40
51,1285,1115,0.5354166666666667,1285,0.5354166666666667,0,0.0,0,0.0,0,0.0,8,392,392,88,346,180,181,82,15,1,1.180123480711887,1.1560445618348023,0.5188003669657124,0.8580700225252467,0.6537280234951106,0.4712011143448712,0.3522827775553183,40
52,1285,1115,0.5354166666666667,1285,0.5354166666666667,0,0.0,0,0.0,0,0.0,8,392,392,88,346,180,181,82,15,1,1.160850131509636,1.1773521679081316,0.5186554166685136,0.8632899354658679,0.6565725462586702,0.4722911275922792,0.3530568423805143,40
53,1286,1114,0.5358333333333334,1286,0.5358333333333334,0,0.0,0,0.0,0,0.0,8,392,392,88,346,181,181,82,15,1,1.1388621910469718,1.1973460418712802,0.5168881314117268,0.8660455499238536,0.6574319658040625,0.4720021306566116,0.3526599104041503,40
54,1283,1117,0.5345833333333333,1283,0.5345833333333333,0,0.0,0,0.0,0,0.0,8,391,391,87,344,182,181,82,15,1,1.117730458163951,1.217136321353101,0.515379315370298,0.8683212551847835,0.6576709877215594,0.4714425013300628,0.3520072850408869,40
55,1276,1124,0.5316666666666666,1276,0.5316666666666666,0,0.0,0,0.0,0,0.0,8,388,388,86,342,182,181,81,15,1,1.097227568282538,1.2380626559677417,0.5132441464075769,0.8707539860569691,0.6584317385817654,0.470656077945286,0.3512279480260403,40
56,1262,1138,0.5258333333333334,1262,0.5258333333333334,0,0.0,0,0.0,0,0.0,8,387,387,85,338,179,178,80,14,1,1.0776307520785795,1.257065638933281,0.5088834998030465,0.869704030007638,0.6564161202100202,0.4686901885966759,0.3499926650919649,40
57,1250,1150,0.5208333333333334,1250,0.5208333333333334,0,0.0,0,0.0,0,0.0,7,384,384,85,336,176,178,79,12,0,1.057608987276584,1.2778328556151242,0.5039533235151922,0.8701341786314833,0.652698066289792,0.4655562098387635,0.3479341542973224,40
58,1226,1174,0.5108333333333334,1226,0.5108333333333334,0,0.0,0,0.0,0,0.0,7,377,377,84,330,174,178,73,10,0,1.0383213925808392,1.29952020229974,0.4975395128532578,0.8694772686227645,0.6507199085450777,0.4614785147277189,0.3459445480101979,40
59,1197,1203,0.49875,1197,0.49875,0,0.0,0,0.0,0,0.0,7,374,374,84,320,167,172,72,8,0,1.0210158614138871,1.318033220113654,0.4913842621677194,0.8632829197016164,0.6432502326095806,0.4591582851350478,0.3434371042094262,40
60,1155,1245,0.48125,1155,0.48125,0,0.0,0,0.0,0,0.0,7,367,367,83,303,162,167,67,6,0,1.0033971279082237,1.3317761710928286,0.4844216709365091,0.8553433048026601,0.6347346509768412,0.4569884828325522,0.3405507169422522,40
61,1100,1300,0.4583333333333333,1100,0.4583333333333333,0,0.0,0,0.0,0,0.0,7,356,356,83,287,148,158,63,5,0,0.9895377751484864,1.3428416317290073,0.4788663175483266,0.845728731180191,0.6255217461785899,0.4523772817324352,0.338423246583115,40
62,1053,1347,0.43875,1053,0.43875,0,0.0,0,0.0,0,0.0,7,348,348,82,276,133,148,62,4,0,0.975006340110574,1.353753723036205,0.4726921392754422,0.8355662188753527,0.6155684297567716,0.4459663612569242,0.3352737669461121,40
63,986,1414,0.4108333333333333,986,0.4108333333333333,0,0.0,0,0.0,0,0.0,7,335,335,82,246,119,140,61,3,0,0.9624804046454224,1.3611275711157642,0.4724086229146775,0.8206085494502215,0.5952660171011859,0.4465066434989538,0.3328591686032583,40
64,934,1466,0.3891666666666666,934,0.3891666666666666,0,0.0,0,0.0,0,0.0,7,323,323,80,237,107,131,54,2,0,0.9495792783122392,1.3675534202849962,0.4618880168717477,0.8106668575504047,0.5897387779522096,0.4364544681606877,0.3293607271082671,40
65,882,1518,0.3675,882,0.3675,0,0.0,0,0.0,0,0.0,7,314,314,76,218,102,122,49,1,0,0.936426225937884,1.3716429028183896,0.4530352094598263,0.798623458669358,0.580677970753289,0.4334148784957917,0.3253334974969883,40
66,821,1579,0.3420833333333333,821,0.3420833333333333,0,0.0,0,0.0,0,0.0,7,291,291,73,203,93,114,46,1,0,0.9240429961771528,1.377229818650227,0.4497489833483039,0.7944213496551581,0.5754620985309551,0.4314953832781797,0.322003737882889,40
67,750,1650,0.3125,750,0.3125,0,0.0,0,0.0,0,0.0,7,268,268,71,177,81,108,44,1,0,0.9130501618246064,1.371992531505097,0.4537837788687471,0.7836603847290541,0.5571359697183277,0.4322890189252966,0.3183257377440643,40
68,697,1703,0.2904166666666666,697,0.2904166666666666,0,0.0,0,0.0,0,0.0,7,252,252,70,163,73,99,39,1,0,0.9026930631265232,1.378254584223039,0.4458539652012138,0.7715913556173931,0.5495391802487973,0.4297498547982511,0.314447488823015,40
69,638,1762,0.2658333333333333,638,0.2658333333333333,0,0.0,0,0.0,0,0.0,7,238,238,65,150,62,87,35,1,0,0.8924137308730963,1.3832926657712898,0.4348320589843191,0.7553262254174744,0.5403079302117018,0.4200497681367961,0.3100868411029351,40
70,577,1823,0.2404166666666666,577,0.2404166666666666,0,0.0,0,0.0,0,0.0,7,222,222,59,134,46,83,32,1,0,0.8820180011509964,1.39341973847361,0.437687333278168,0.738917642396231,0.5164212299770167,0.4007482779157018,0.3058219480998241,40
71,514,1886,0.2141666666666666,514,0.2141666666666666,0,0.0,0,0.0,0,0.0,6,200,200,56,122,36,70,30,0,0,0.8733423950468951,1.395109321293592,0.4277134054515306,0.7267746225156344,0.5072460018957173,0.3981879214598736,0.30206955855148,40
72,448,1952,0.1866666666666666,448,0.1866666666666666,0,0.0,0,0.0,0,0.0,6,183,183,49,100,28,62,26,0,0,0.8647227535499408,1.3876159646398711,0.42564534350525,0.704092894361677,0.4829739823041086,0.3883987698325624,0.2979645208716449,40
73,397,2003,0.1654166666666666,397,0.1654166666666666,0,0.0,0,0.0,0,0.0,6,170,170,40,86,23,56,22,0,0,0.8555204728217908,1.3911861679518809,0.4208498613571525,0.6888847250885836,0.4680955484590512,0.3696012352304646,0.2935287827633883,40
74,344,2056,0.1433333333333333,344,0.1433333333333333,0,0.0,0,0.0,0,0.0,6,149,149,36,74,18,49,18,0,0,0.8475729912274381,1.3787887566520989,0.4160664037283545,0.6773577640003345,0.4582468396958625,0.3628413531161352,0.2887187328998091,40
75,293,2107,0.1220833333333333,293,0.1220833333333333,0,0.0,0,0.0,0,0.0,6,132,132,30,59,13,43,16,0,0,0.8391363596673795,1.373175298745115,0.4187246730597569,0.6595995162503206,0.4341423541325386,0.3523213150421665,0.2847142798333593,40
76,253,2147,0.1054166666666666,253,0.1054166666666666,0,0.0,0,0.0,0,0.0,6,117,117,26,51,10,36,13,0,0,0.8318004021567253,1.3749245540580717,0.4064360945175311,0.6430353666127698,0.4256474860243076,0.341468921175946,0.2800479570846946,40
77,216,2184,0.09,216,0.09,0,0.0,0,0.0,0,0.0,6,106,106,20,41,9,28,12,0,0,0.8254253223817442,1.3740008836244513,0.3938076382923838,0.6211483889566131,0.412563728167066,0.334696887109382,0.2754876959303706,40
78,176,2224,0.0733333333333333,176,0.0733333333333333,0,0.0,0,0.0,0,0.0,6,92,92,15,30,6,24,9,0,0,0.8204349149162894,1.3847579029227703,0.3915417232313039,0.5926451786428938,0.3822510381938885,0.3125901572589243,0.2744301727200799,40
79,148,2252,0.0616666666666666,148,0.0616666666666666,0,0.0,0,0.0,0,0.0,6,83,83,14,22,2,19,8,0,0,0.8171282932593322,1.3731526634867712,0.3835471470687959,0.5429843497859242,0.3378502578749859,0.3023395164132087,0.2701532181325312,40
80,122,2278,0.0508333333333333,122,0.0508333333333333,0,0.0,0,0.0,0,0.0,6,72,72,13,16,2,14,5,0,0,0.8129417725373047,1.3736300237834411,0.3535897828388141,0.4986460467131113,0.3202648700747263,0.3015313415395343,0.2682874366314881,40
81,102,2298,0.0425,102,0.0425,0,0.0,0,0.0,0,0.0,6,66,66,11,12,2,8,3,0,0,0.8092302569948221,1.3697347081328288,0.3028773859209955,0.4378592122843988,0.3071425142365465,0.2921661709846559,0.2659323608999645,40
82,87,2313,0.03625,87,0.03625,0,0.0,0,0.0,0,0.0,6,59,59,8,10,2,6,2,0,0,0.8029252603234175,1.3610218375179433,0.284910387380228,0.420571309190281,0.3058048553341581,0.271886916630255,0.2626194961898015,40
83,76,2324,0.0316666666666666,76,0.0316666666666666,0,0.0,0,0.0,0,0.0,6,52,52,8,7,2,6,1,0,0,0.7983410836889886,1.3565588243319315,0.2832587219278573,0.3997425906781415,0.2850022024853283,0.2773926050514337,0.2572333923055273,40
84,64,2336,0.0266666666666666,64,0.0266666666666666,0,0.0,0,0.0,0,0.0,6,43,43,8,5,2,5,1,0,0,0.7949378795981269,1.3502012653872946,0.2868473800320862,0.394426906471334,0.2778257968759708,0.3055650137713979,0.254424658572174,40
85,53,2347,0.0220833333333333,53,0.0220833333333333,0,0.0,0,0.0,0,0.0,5,37,37,7,5,1,3,0,0,0,0.7918486372187328,1.33667114650515,0.2511245429203023,0.3624980243151341,0.2825187029350657,0.2855988213294124,0.2522687045447931,40
86,44,2356,0.0183333333333333,44,0.0183333333333333,0,0.0,0,0.0,0,0.0,5,34,34,5,2,1,2,0,0,0,0.7893806435772496,1.3382525511124932,0.2371507858036649,0.3043071750211643,0.2356629141250185,0.269374884873005,0.2499526090219497,40
87,31,2369,0.0129166666666666,31,0.0129166666666666,0,0.0,0,0.0,0,0.0,4,26,26,3,1,1,0,0,0,0,0.7874039921517076,1.295856544291465,0.1924571765789507,0.2561920224969704,0.2321746323981423,0.2622991357843818,0.251109940240094,40
88,25,2375,0.0104166666666666,25,0.0104166666666666,0,0.0,0,0.0,0,0.0,4,21,21,2,1,1,0,0,0,0,0.7817177214286575,1.2539210094607265,0.1932861086350621,0.2723217102454671,0.2482005494243539,0.2539421592099557,0.2479146033328216,40
89,23,2377,0.0095833333333333,23,0.0095833333333333,0,0.0,0,0.0,0,0.0,4,19,19,2,1,1,0,0,0,0,0.7771305523876874,1.2765196484860453,0.1894589343305392,0.2753892426681213,0.2517390348395802,0.2615919531451061,0.2398769253558893,40
90,20,2380,0.0083333333333333,20,0.0083333333333333,0,0.0,0,0.0,0,0.0,4,17,17,1,1,1,0,0,0,0,0.7723741718213077,1.293101054133198,0.18762877044455,0.2864631993853777,0.2630374607391075,0.2302200085856291,0.2342139936532378,40
91,14,2386,0.0058333333333333,14,0.0058333333333333,0,0.0,0,0.0,0,0.0,2,13,13,0,1,0,0,0,0,0,0.7680834552238416,1.280643770817086,0.1893042488219628,0.2598732088917624,0.2362436223960882,0.132501553136397,0.234638370080018,40
92,10,2390,0.0041666666666666,10,0.0041666666666666,0,0.0,0,0.0,0,0.0,1,10,10,0,0,0,0,0,0,0,0.7688039292981464,1.2954038038021705,0.1843582339235402,0.1843460070657895,0.1613180808853653,0.1290531262637269,0.2357256539322763,40
93,7,2393,0.0029166666666666,7,0.0029166666666666,0,0.0,0,0.0,0,0.0,1,7,7,0,0,0,0,0,0,0,0.7643859746385478,1.1907294970696924,0.1816215860937548,0.1816095951481303,0.1589141927439103,0.1271480798015234,0.229702795593428,40
94,5,2395,0.0020833333333333,5,0.0020833333333333,0,0.0,0,0.0,0,0.0,1,5,5,0,0,0,0,0,0,0,0.7605585050631622,1.0724576517293056,0.1870393062099098,0.1870313145400833,0.1636594278816415,0.1309457572776037,0.2252846839918588,40
95,5,2395,0.0020833333333333,5,0.0020833333333333,0,0.0,0,0.0,0,0.0,1,5,5,0,0,0,0,0,0,0,0.7598673848841024,1.0708118865563752,0.1889449423155661,0.1889377498127223,0.1653268559792938,0.1322778782584965,0.2189829123013261,40
96,5,2395,0.0020833333333333,5,0.0020833333333333,0,0.0,0,0.0,0,0.0,1,5,5,0,0,0,0,0,0,0,0.7600025038609267,1.0693306979007375,0.1906905676329909,0.1906840943804315,0.1668542749867231,0.1334981741169339,0.2133327047554805,40
97,4,2396,0.0016666666666666,4,0.0016666666666666,0,0.0,0,0.0,0,0.0,1,4,4,0,0,0,0,0,0,0,0.7580506060257439,0.9697833812707704,0.2002027395471115,0.2002014372240322,0.1751824391104018,0.1401603918112509,0.2130526174566059,40
98,3,2397,0.00125,3,0.00125,0,0.0,0,0.0,0,0.0,1,3,3,0,0,0,0,0,0,0,0.7523589588985216,0.8814241308765552,0.1986079765936945,0.1986017967923267,0.1737821581469204,0.1390337202887663,0.217248384397766,40
99,3,2397,0.00125,3,0.00125,0,0.0,0,0.0,0,0.0,1,3,3,0,0,0,0,0,0,0,0.7514407664849222,0.8492817177888998,0.2031016020888907,0.2030960402676596,0.1777140625924732,0.1421784444680856,0.2155716421661853,40
100,3,2397,0.00125,3,0.00125,0,0.0,0,0.0,0,0.0,1,3,3,0,0,0,0,0,0,0,0.7503057152121281,0.8683535460100099,0.2067698826499307,0.2067648770108228,0.1809237920069138,0.1447455085602274,0.2137993864885172,40
101,3,2397,0.00125,3,0.00125,0,0.0,0,0.0,0,0.0,1,3,3,0,0,0,0,0,0,0,0.7494089132477919,0.8655181914090089,0.2100965436411119,0.2100920385659147,0.1838346059053749,0.1470735121835266,0.2092220023189874,40
102,3,2397,0.00125,3,0.00125,0,0.0,0,0.0,0,0.0,1,3,3,0,0,0,0,0,0,0,0.7483060363205759,0.8829663722681079,0.2127447084222073,0.2127406538545299,0.1861517370668932,0.1489266343668187,0.2078602754887333,40
103,3,2397,0.00125,3,0.00125,0,0.0,0,0.0,0,0.0,1,3,3,0,0,0,0,0,0,0,0.7473339542591475,0.9266697350412972,0.2143134002319067,0.214309751120997,0.187524330680634,0.1500241847864809,0.203064461796204,40
104,2,2398,0.0008333333333333,2,0.0008333333333333,0,0.0,0,0.0,0,0.0,1,2,2,0,0,0,0,0,0,0,0.7478774116038369,0.9923098086918112,0.2055936303177708,0.2055913655517229,0.1798976056979137,0.1439210983815481,0.2074474405142679,40
105,2,2398,0.0008333333333333,2,0.0008333333333333,0,0.0,0,0.0,0,0.0,1,2,2,0,0,0,0,0,0,0,0.7471956242414877,1.0730788278226302,0.2052380823633412,0.2052360440738981,0.1795861833208014,0.1436716590975365,0.2008453670169844,40
106,2,2398,0.0008333333333333,2,0.0008333333333333,0,0.0,0,0.0,0,0.0,1,2,2,0,0,0,0,0,0,0,0.7467611680852343,1.175770945040367,0.2030571187571352,0.2030552842966365,0.1776775540400834,0.1421444844288726,0.1981008215563756,40
107,0,2400,0.0,0,0.0,0,0.0,0,0.0,0,0.0,0,0,0,0,0,0,0,0,0,0,0.0,0.0,0.0,0.0,0.0,0.0,0.0,40
108,0,2400,0.0,0,0.0,0,0.0,0,0.0,0,0.0,0,0,0,0,0,0,0,0,0,0,0.0,0.0,0.0,0.0,0.0,0.0,0.0,40
109,0,2400,0.0,0,0.0,0,0.0,0,0.0,0,0.0,0,0,0,0,0,0,0,0,0,0,0.0,0.0,0.0,0.0,0.0,0.0,0.0,40
110,0,2400,0.0,0,0.0,0,0.0,0,0.0,0,0.0,0,0,0,0,0,0,0,0,0,0,0.0,0.0,0.0,0.0,0.0,0.0,0.0,40
111,0,2400,0.0,0,0.0,0,0.0,0,0.0,0,0.0,0,0,0,0,0,0,0,0,0,0,0.0,0.0,0.0,0.0,0.0,0.0,0.0,40
112,0,2400,0.0,0,0.0,0,0.0,0,0.0,0,0.0,0,0,0,0,0,0,0,0,0,0,0.0,0.0,0.0,0.0,0.0,0.0,0.0,40
113,0,2400,0.0,0,0.0,0,0.0,0,0.0,0,0.0,0,0,0,0,0,0,0,0,0,0,0.0,0.0,0.0,0.0,0.0,0.0,0.0,40
114,0,2400,0.0,0,0.0,0,0.0,0,0.0,0,0.0,0,0,0,0,0,0,0,0,0,0,0.0,0.0,0.0,0.0,0.0,0.0,0.0,40
115,0,2400,0.0,0,0.0,0,0.0,0,0.0,0,0.0,0,0,0,0,0,0,0,0,0,0,0.0,0.0,0.0,0.0,0.0,0.0,0.0,40
116,0,2400,0.0,0,0.0,0,0.0,0,0.0,0,0.0,0,0,0,0,0,0,0,0,0,0,0.0,0.0,0.0,0.0,0.0,0.0,0.0,40
117,0,2400,0.0,0,0.0,0,0.0,0,0.0,0,0.0,0,0,0,0,0,0,0,0,0,0,0.0,0.0,0.0,0.0,0.0,0.0,0.0,40
118,0,2400,0.0,0,0.0,0,0.0,0,0.0,0,0.0,0,0,0,0,0,0,0,0,0,0,0.0,0.0,0.0,0.0,0.0,0.0,0.0,40
119,0,2400,0.0,0,0.0,0,0.0,0,0.0,0,0.0,0,0,0,0,0,0,0,0,0,0,0.0,0.0,0.0,0.0,0.0,0.0,0.0,40
0,30,2370,0.0125,0,0.0,30,0.0125,0,0.0,30,0.0125,0,0,0,0,0,0,0,0,0,0,0.91278149683933,0.4284090782921338,0.5768513279173678,0.6271988251212677,0.5982320118849933,0.3510533116890216,0.3796561333973558,53
1,50,2350,0.0208333333333333,0,0.0,50,0.0208333333333333,0,0.0,50,0.0208333333333333,0,0,0,0,0,0,0,0,0,0,0.6302573534125658,0.2529409022777523,0.3339391580568896,0.363085841102767,0.354839167419583,0.2035533469351604,0.2220932449106697,53
2,57,2343,0.02375,0,0.0,57,0.02375,0,0.0,57,0.02375,0,0,0,0,0,0,0,0,0,0,0.696501941337312,0.2523217649561202,0.297181848715607,0.317953654485594,0.3060376917961167,0.1918397176759186,0.2004095235125997,53
3,59,2341,0.0245833333333333,28,0.0116666666666666,31,0.0129166666666666,0,0.0,31,0.0129166666666666,7,8,8,2,6,2,3,0,4,3,0.8256486066485977,0.2643407888516773,0.2937006397786746,0.3128683842333524,0.2962890784143298,0.1924196631026483,0.2012670693636634,53
4,60,2340,0.025,29,0.0120833333333333,31,0.0129166666666666,0,0.0,31,0.0129166666666666,7,8,8,2,6,2,3,0,4,4,0.9550170524531696,0.2753415981337345,0.3184665204304771,0.3352868623907608,0.3187648696170252,0.2099540582335692,0.207195196027813,53
5,80,2320,0.0333333333333333,41,0.0170833333333333,39,0.01625,0,0.0,39,0.01625,7,12,12,3,9,3,4,0,6,4,0.815420464389159,0.2173555787402708,0.2567389421164219,0.2730028410708465,0.2677689984063387,0.1861150151194285,0.1636819535887318,53
6,100,2300,0.0416666666666666,64,0.0266666666666666,36,0.015,0,0.0,36,0.015,8,24,24,6,10,4,4,2,9,5,0.7683357924256708,0.202096016692995,0.2300806765244884,0.2452923880923951,0.2516915670126751,0.1762593927762513,0.1433942463488566,53
7,110,2290,0.0458333333333333,73,0.0304166666666666,37,0.0154166666666666,0,0.0,37,0.0154166666666666,8,26,26,6,11,4,5,2,12,7,0.8340962785781745,0.2193512863851777,0.2428866660286616,0.2551310581073504,0.2654127519819202,0.1879385599528173,0.1460195745076564,53
8,115,2285,0.0479166666666666,79,0.0329166666666666,36,0.015,0,0.0,36,0.015,8,29,29,6,11,5,6,2,12,8,0.9339308478203988,0.2467458900185442,0.2716144150715387,0.2782468672023518,0.2916571778199087,0.2073563428119615,0.1569967683409384,53
9,125,2275,0.0520833333333333,99,0.04125,26,0.0108333333333333,0,0.0,26,0.0108333333333333,8,40,40,6,16,6,8,2,12,9,0.9806613848087654,0.2590255969353547,0.2884128663864014,0.2895369931812036,0.3094992918998592,0.2173726072610728,0.1613317351826563,53
10,132,2268,0.055,109,0.0454166666666666,23,0.0095833333333333,0,0.0,23,0.0095833333333333,8,44,44,6,20,7,8,2,12,10,1.048768189624439,0.2789422701153589,0.3116799526180704,0.312993500369451,0.3341743453217604,0.2347114293542145,0.1706725865845935,53
11,163,2237,0.0679166666666666,138,0.0575,25,0.0104166666666666,0,0.0,25,0.0104166666666666,8,64,64,9,21,7,9,3,15,10,0.9463136088846256,0.2504928938018689,0.2925673706228499,0.2879144558222339,0.3122933405227303,0.22099858987175,0.1532227190481168,53
12,186,2214,0.0775,159,0.06625,27,0.01125,0,0.0,27,0.01125,8,73,73,10,23,8,12,3,18,12,0.9424059401224828,0.2584693952727645,0.2936775352984708,0.2866342756655733,0.3110536101851642,0.2208482997207571,0.1520355919765116,53
13,217,2183,0.0904166666666666,188,0.0783333333333333,29,0.0120833333333333,0,0.0,29,0.0120833333333333,8,86,86,13,27,10,16,4,20,12,0.9182759794844728,0.2598330726666394,0.288961122493276,0.2793019692440884,0.2973872111552519,0.2187925228946131,0.147760934573978,53
14,237,2163,0.09875,207,0.08625,30,0.0125,0,0.0,30,0.0125,8,92,92,13,32,11,18,4,22,15,0.960609456980142,0.280748519374661,0.3029164305246361,0.2930621827817799,0.3112728353582266,0.2278996641398722,0.1541782887360162,53
15,253,2147,0.1054166666666666,232,0.0966666666666666,21,0.00875,0,0.0,21,0.00875,8,103,103,14,39,13,21,4,23,15,1.0179096336105866,0.3078879809589534,0.320898164298143,0.3131460018830308,0.3332894854674469,0.2396530729551101,0.1640504798803536,53
16,260,2140,0.1083333333333333,240,0.1,20,0.0083333333333333,0,0.0,20,0.0083333333333333,8,104,104,14,40,14,21,7,24,16,1.107082594333398,0.3395157433244374,0.3494883256143961,0.3468509439091394,0.3647917272656094,0.2589451127641126,0.1791989416157061,53
17,292,2108,0.1216666666666666,280,0.1166666666666666,12,0.005,0,0.0,12,0.005,8,124,124,14,44,18,26,8,26,20,1.0843972085395357,0.3349543970476656,0.3460227413313283,0.3469861209890073,0.360517907802341,0.2575466847384697,0.1770881193695592,53
18,329,2071,0.1370833333333333,318,0.1325,11,0.0045833333333333,0,0.0,11,0.0045833333333333,8,139,139,17,51,21,31,8,30,21,1.0619929678672946,0.3343404727784999,0.3451521144480095,0.3465975200159667,0.3579218306670909,0.2576520490692215,0.1750601818020047,53
19,369,2031,0.15375,355,0.1479166666666666,14,0.0058333333333333,0,0.0,14,0.0058333333333333,8,157,157,18,61,24,34,8,31,22,1.047949623706452,0.3402228021401461,0.3446456745790925,0.3480095828345965,0.3601422270876934,0.2593262224142658,0.1745247346992965,53
20,414,1986,0.1725,398,0.1658333333333333,16,0.0066666666666666,0,0.0,16,0.0066666666666666,8,178,178,20,69,25,39,8,36,23,1.035506143145691,0.349207711571842,0.3426365533135029,0.3491140904316205,0.3584633920839382,0.2556945857965328,0.1743358456018389,53
21,458,1942,0.1908333333333333,442,0.1841666666666666,16,0.0066666666666666,0,0.0,16,0.0066666666666666,8,197,197,21,73,29,47,12,39,24,1.0391403878501095,0.3631414701564808,0.3440494462314177,0.3541568759536022,0.3617165943082264,0.2544749733010674,0.1765676712567571,53
22,494,1906,0.2058333333333333,480,0.2,14,0.0058333333333333,0,0.0,14,0.0058333333333333,8,206,206,25,82,32,51,14,43,27,1.0679997604184992,0.3850909190253062,0.3545735313212849,0.368293283416048,0.3722538208246097,0.261961113589422,0.1829965313960576,53
23,529,1871,0.2204166666666666,518,0.2158333333333333,11,0.0045833333333333,0,0.0,11,0.0045833333333333,8,214,214,26,91,39,58,15,45,30,1.0986807219141064,0.4076283981070918,0.3672004562580582,0.3841462698194804,0.3852883483340609,0.2700749502101564,0.1901336217544392,53
24,563,1837,0.2345833333333333,557,0.2320833333333333,6,0.0025,0,0.0,6,0.0025,8,230,230,27,98,43,64,15,47,33,1.1301644276601033,0.4296907288433148,0.3803815593138126,0.4022761835005475,0.4005333500604768,0.2788445256677044,0.1976684438581102,53
25,610,1790,0.2541666666666666,605,0.2520833333333333,5,0.0020833333333333,0,0.0,5,0.0020833333333333,8,242,242,27,116,48,71,16,51,34,1.1349350101686972,0.4384463808277173,0.3850955444850371,0.4112651461916115,0.4062748463019193,0.283422842952921,0.2004237350834642,53
26,642,1758,0.2675,641,0.2670833333333333,1,0.0004166666666666,0,0.0,1,0.0004166666666666,8,254,254,29,126,50,76,18,54,34,1.1713174325544835,0.4642789144461323,0.4000008234596904,0.4328746867987763,0.4246291060264637,0.2940164916040501,0.2093972260541366,53
27,683,1717,0.2845833333333333,683,0.2845833333333333,0,0.0,0,0.0,0,0.0,8,272,272,29,134,50,85,19,59,35,1.18823786479774,0.4834441533923495,0.4094239137473955,0.4477754695552632,0.436116280804353,0.3020410910070201,0.2153772670363377,53
28,738,1662,0.3075,738,0.3075,0,0.0,0,0.0,0,0.0,8,291,291,32,147,54,94,21,62,37,1.1819054513064269,0.4976979960572863,0.411274544450468,0.453337198076209,0.4391634865084664,0.3023271636554338,0.2178667964477942,53
29,788,1612,0.3283333333333333,788,0.3283333333333333,0,0.0,0,0.0,0,0.0,8,315,315,32,155,60,102,23,63,38,1.188541586302687,0.5174099098746827,0.4169433831497181,0.463589927635462,0.4464030203593268,0.3054047206326007,0.2225087987446611,53
30,841,1559,0.3504166666666666,841,0.3504166666666666,0,0.0,0,0.0,0,0.0,8,335,335,35,166,65,109,25,66,40,1.1923730318742598,0.5362605327980079,0.422889985178447,0.4725140231438682,0.452513801934678,0.3059282758965307,0.2266559593569089,53
31,900,1500,0.375,900,0.375,0,0.0,0,0.0,0,0.0,8,349,349,40,180,76,115,27,68,45,1.1896542561368748,0.5531017747497913,0.4246483388787185,0.4786605040952392,0.4552854854277547,0.3059059249796745,0.2296760092610323,53
32,935,1465,0.3895833333333333,935,0.3895833333333333,0,0.0,0,0.0,0,0.0,8,358,358,41,192,80,120,29,68,47,1.220102966482797,0.5889544786602477,0.4382577050608785,0.4986736225911656,0.4714098995926837,0.3155827043131926,0.2395471098025171,53
33,980,1420,0.4083333333333333,980,0.4083333333333333,0,0.0,0,0.0,0,0.0,8,371,371,42,206,82,126,30,70,53,1.2324119377112206,0.6150052997883653,0.4460990443093516,0.5123242392368994,0.4819279917520078,0.3218898191510819,0.2460513506408212,53
34,1011,1389,0.42125,1011,0.42125,0,0.0,0,0.0,0,0.0,8,385,385,43,214,83,131,30,70,55,1.2591473871109142,0.6522004692515697,0.4592885044148636,0.5324031429362369,0.4980341762448902,0.3314793584581246,0.2561521367124807,53
35,1035,1365,0.43125,1035,0.43125,0,0.0,0,0.0,0,0.0,8,390,390,44,219,85,135,30,73,59,1.2887583436613987,0.6905634849971061,0.4737001417045665,0.5541292084444891,0.5158259791053997,0.3420148527845743,0.2670835815288306,53
36,1071,1329,0.44625,1071,0.44625,0,0.0,0,0.0,0,0.0,8,400,400,46,233,88,138,31,75,60,1.2966991342092071,0.7165825268672302,0.4824987156866326,0.5671470636488805,0.5260811384437408,0.3477273855651123,0.273760839818341,53
37,1094,1306,0.4558333333333333,1094,0.4558333333333333,0,0.0,0,0.0,0,0.0,8,405,405,47,237,96,141,31,76,61,1.316372977726184,0.750301551780004,0.4954060460729425,0.5860706976026674,0.5424675525393866,0.3573082305266299,0.2831781311418766,53
38,1110,1290,0.4625,1110,0.4625,0,0.0,0,0.0,0,0.0,8,411,411,47,241,98,143,33,76,61,1.337992458201737,0.7876674845789097,0.5095310718421658,0.6069977976770204,0.5604334572049909,0.367858638278649,0.2936516491131763,53
39,1136,1264,0.4733333333333333,1136,0.4733333333333333,0,0.0,0,0.0,0,0.0,8,416,416,47,249,103,147,34,78,62,1.341175431367278,0.8152639234985303,0.5172589113949103,0.6202150101448958,0.5712821650172807,0.3744290567219219,0.30042686057724,53
40,1153,1247,0.4804166666666666,1153,0.4804166666666666,0,0.0,0,0.0,0,0.0,8,419,419,47,255,106,151,34,79,62,1.3499986088662068,0.8476858936555937,0.5283111450042102,0.6370846028973709,0.5857671646274035,0.3823336804410392,0.3087415670356793,53
41,1169,1231,0.4870833333333333,1169,0.4870833333333333,0,0.0,0,0.0,0,0.0,8,422,422,47,263,106,155,34,79,63,1.3538105993022396,0.8803692487993232,0.5375768845218646,0.6526646491892173,0.5991657158079334,0.3898443774267743,0.3165499759160308,53
42,1178,1222,0.4908333333333333,1178,0.4908333333333333,0,0.0,0,0.0,0,0.0,8,422,422,47,268,108,157,34,79,63,1.3600401696766815,0.914754233159396,0.5487388071776621,0.6703712185607658,0.6137452398918103,0.398091987531152,0.3250271666367409,53
43,1187,1213,0.4945833333333333,1187,0.4945833333333333,0,0.0,0,0.0,0,0.0,8,427,427,48,268,108,158,36,79,63,1.3599698611372346,0.9456701246803628,0.5578647922142772,0.6860579306816318,0.6264426223723596,0.4046990114620771,0.3322484755930525,53
44,1192,1208,0.4966666666666666,1192,0.4966666666666666,0,0.0,0,0.0,0,0.0,8,428,428,49,271,108,158,36,79,63,1.35911489777031,0.9766035186208316,0.5675456585672709,0.7016909002065043,0.6393453482399318,0.4117236217480262,0.3393942554239395,53
45,1199,1201,0.4995833333333333,1199,0.4995833333333333,0,0.0,0,0.0,0,0.0,8,428,428,50,274,109,159,36,79,64,1.3512055999302104,1.003579862198856,0.5742952912989623,0.7138919832926376,0.6490735152023357,0.417060395833349,0.3448899085715062,53
46,1205,1195,0.5020833333333333,1205,0.5020833333333333,0,0.0,0,0.0,0,0.0,8,430,430,50,276,110,160,36,79,64,1.340120390714231,1.0283543811608182,0.5800693456617982,0.7247861997369754,0.6578633001269114,0.4211813882244555,0.3495235455584154,53
47,1207,1193,0.5029166666666667,1207,0.5029166666666667,0,0.0,0,0.0,0,0.0,8,431,431,50,276,111,160,36,79,64,1.330046535446328,1.05283374181351,0.5863608256636595,0.7362877492847387,0.6670791085572684,0.4258120363449423,0.354113306543871,53
48,1212,1188,0.505,1212,0.505,0,0.0,0,0.0,0,0.0,8,434,434,50,277,111,161,36,79,64,1.3128700062449925,1.0728096482937446,0.5897512703054607,0.7439723449264192,0.6731053331257931,0.4286159251794269,0.3568828010730804,53
49,1215,1185,0.50625,1215,0.50625,0,0.0,0,0.0,0,0.0,8,437,437,50,277,111,161,36,79,64,1.2956530508341777,1.0931792299249512,0.5927855770816275,0.7511816425037603,0.6789079682272152,0.430966453883534,0.3594351626896696,53
50,1220,1180,0.5083333333333333,1220,0.5083333333333333,0,0.0,0,0.0,0,0.0,8,441,441,50,278,111,161,36,79,64,1.2733554695886788,1.111189744199126,0.5936433525092035,0.7553614894055041,0.6820874677923855,0.4317527515593491,0.3607103066384848,53
51,1221,1179,0.50875,1221,0.50875,0,0.0,0,0.0,0,0.0,8,442,442,50,278,111,161,36,79,64,1.2542325687704858,1.1298364775844725,0.5951630429214285,0.7605521758371782,0.6860073781343279,0.4330967011200305,0.3621869128747096,53
52,1221,1179,0.50875,1221,0.50875,0,0.0,0,0.0,0,0.0,8,442,442,50,278,111,161,36,79,64,1.2340893859458617,1.148007620980816,0.5960919433344396,0.76488810890456,0.689309707951418,0.4339635391665006,0.3632380958390778,53
53,1221,1179,0.50875,1221,0.50875,0,0.0,0,0.0,0,0.0,8,442,442,50,278,111,161,36,79,64,1.2130665885847476,1.1640864657623409,0.5960330779360818,0.7678955728951365,0.6914987884879903,0.4341172803692752,0.3634987794089929,53
54,1222,1178,0.5091666666666667,1222,0.5091666666666667,0,0.0,0,0.0,0,0.0,8,443,443,50,278,111,161,36,79,64,1.190076924226524,1.1795078700705706,0.5946879933543405,0.7690434379581431,0.692207978390648,0.4333060214347915,0.3629848232273417,53
55,1223,1177,0.5095833333333334,1223,0.5095833333333334,0,0.0,0,0.0,0,0.0,8,444,444,50,278,111,161,36,79,64,1.1660490599696136,1.191575721438766,0.5922356221368531,0.7688532693893472,0.6917308321128295,0.4319013605959111,0.3613973943311024,53
56,1223,1177,0.5095833333333334,1223,0.5095833333333334,0,0.0,0,0.0,0,0.0,8,444,444,50,278,111,161,36,79,64,1.1439272280310238,1.207528533595789,0.5897441361766615,0.7686133465861624,0.6911807359013589,0.4302854931222691,0.3599880968281757,53
57,1222,1178,0.5091666666666667,1222,0.5091666666666667,0,0.0,0,0.0,0,0.0,8,444,444,50,277,111,161,36,79,64,1.1221331610662373,1.2252619748485367,0.5868742987535133,0.7671930999356578,0.6895402398915628,0.4283882186658364,0.3581754306687107,53
58,1217,1183,0.5070833333333333,1217,0.5070833333333333,0,0.0,0,0.0,0,0.0,8,444,444,50,276,111,160,35,78,63,1.1007976578120449,1.2462562432495108,0.5812049151857899,0.7648837079805002,0.6869915227799391,0.4252112921426259,0.3561240979492915,53
59,1207,1193,0.5029166666666667,1207,0.5029166666666667,0,0.0,0,0.0,0,0.0,8,443,443,50,276,109,158,33,78,60,1.0799787326480386,1.265551954452311,0.5738044363019826,0.7615165941984301,0.6840412657743272,0.4186520840195837,0.3535987756680888,53
60,1182,1218,0.4925,1182,0.4925,0,0.0,0,0.0,0,0.0,8,440,440,49,266,108,157,32,77,53,1.0600463428256073,1.282730086647524,0.5669323349411387,0.7580042181326988,0.6749084988304169,0.41180775519991,0.3512163243625575,53
61,1153,1247,0.4804166666666666,1153,0.4804166666666666,0,0.0,0,0.0,0,0.0,8,437,437,47,259,101,154,30,74,51,1.04137223274399,1.3001859346121571,0.5609173141351675,0.7508980446510498,0.6667073345264554,0.4031045452023536,0.34821073697163,53
62,1115,1285,0.4645833333333333,1115,0.4645833333333333,0,0.0,0,0.0,0,0.0,8,430,430,46,247,96,149,30,71,46,1.0234324475942291,1.3155047639241544,0.553973066985318,0.744336430126861,0.6561480375437964,0.397069006335882,0.3451074749242963,53
63,1066,1334,0.4441666666666666,1066,0.4441666666666666,0,0.0,0,0.0,0,0.0,8,421,421,44,232,88,142,25,69,45,1.0079965022057746,1.328137714623102,0.5482614452878584,0.7308266480210375,0.6483932365255843,0.3887069010842977,0.3421443920752917,53
64,1013,1387,0.4220833333333333,1013,0.4220833333333333,0,0.0,0,0.0,0,0.0,8,412,412,39,217,82,134,23,66,40,0.9914163599569584,1.341999587139551,0.5390542076882953,0.7201444124478562,0.6374319275757104,0.3774133959675883,0.3381917368410597,53
65,946,1454,0.3941666666666666,946,0.3941666666666666,0,0.0,0,0.0,0,0.0,8,396,396,33,196,77,125,23,63,33,0.9749994398312049,1.3520119272301272,0.5325679793598018,0.7116440086322728,0.624673845423777,0.3679803987723623,0.3346753212613813,53
66,873,1527,0.36375,873,0.36375,0,0.0,0,0.0,0,0.0,8,375,375,31,178,70,114,20,58,27,0.9596334239189188,1.3548834450881433,0.5207902571911034,0.7004440592293462,0.6126055556170724,0.35873563304732,0.3305337796147966,53
67,808,1592,0.3366666666666666,808,0.3366666666666666,0,0.0,0,0.0,0,0.0,8,355,355,26,166,59,104,17,57,24,0.9461152274185096,1.354175035025265,0.5160700979002465,0.6881830549873947,0.6069788896085474,0.3427532825449064,0.3264003784699893,53
68,735,1665,0.30625,735,0.30625,0,0.0,0,0.0,0,0.0,8,334,334,23,152,49,93,15,48,21,0.9327027644949116,1.353174306523225,0.5026364015605472,0.6766263013692033,0.5922627367609622,0.3307818908698774,0.3223670043596116,53
69,676,1724,0.2816666666666667,676,0.2816666666666667,0,0.0,0,0.0,0,0.0,8,314,314,23,136,44,84,12,45,18,0.9203559278966804,1.3500244894943576,0.4928025235868135,0.6609148369758582,0.5811035883679344,0.3243641423210058,0.317865707147599,53
70,615,1785,0.25625,615,0.25625,0,0.0,0,0.0,0,0.0,8,291,291,20,119,43,77,12,40,13,0.9072848211478436,1.3388511429786127,0.4839997736963621,0.6566909047679859,0.5677655618533016,0.3206395389061716,0.3122229802071236,53
71,556,1844,0.2316666666666666,556,0.2316666666666666,0,0.0,0,0.0,0,0.0,8,267,267,18,107,39,70,10,34,11,0.8953268685166772,1.3340474161973206,0.4738965552229184,0.651246836112461,0.5583632493117409,0.3149918265436242,0.3076345363138362,53
72,509,1891,0.2120833333333333,509,0.2120833333333333,0,0.0,0,0.0,0,0.0,8,250,250,16,98,35,66,8,27,9,0.884421568526938,1.3386367613779548,0.4606557551210223,0.6471414540994297,0.5432325046361577,0.3051972514904127,0.302749408249277,53
73,453,1947,0.18875,453,0.18875,0,0.0,0,0.0,0,0.0,8,228,228,14,84,33,55,8,24,7,0.8744384490377248,1.3352098676552786,0.4483235188767912,0.6344444167882372,0.5348012455768903,0.3056679438906639,0.2984670554605538,53
74,408,1992,0.17,408,0.17,0,0.0,0,0.0,0,0.0,8,206,206,14,77,30,50,7,19,5,0.8638016686575059,1.3334485712789017,0.434825014294516,0.6345379510200768,0.5252901277348785,0.3027836068815711,0.2927303387570591,53
75,342,2058,0.1425,342,0.1425,0,0.0,0,0.0,0,0.0,8,176,176,12,64,23,42,6,16,3,0.8566282610923717,1.3011004550074488,0.4306522913125986,0.6260213885564189,0.5130238027059889,0.2932155457615034,0.2887248110522666,53
76,293,2107,0.1220833333333333,293,0.1220833333333333,0,0.0,0,0.0,0,0.0,8,158,158,11,49,18,37,5,12,3,0.8497696083937085,1.289680075059346,0.4270934615875387,0.6015956728167046,0.4815734333212134,0.2892999811992327,0.2846928794336204,53
77,261,2139,0.10875,261,0.10875,0,0.0,0,0.0,0,0.0,8,145,145,8,39,16,34,5,11,3,0.8409644856689893,1.2952295128193572,0.4314961393588138,0.5860343090347815,0.462882559647171,0.2828650278018788,0.2788095168243831,53
78,226,2174,0.0941666666666666,226,0.0941666666666666,0,0.0,0,0.0,0,0.0,8,133,133,5,31,10,30,4,10,3,0.8353375037703106,1.3088518397917837,0.4332863077174867,0.5552352399583479,0.4352407829315824,0.2558109188374945,0.2754143188948801,53
79,187,2213,0.0779166666666666,187,0.0779166666666666,0,0.0,0,0.0,0,0.0,8,119,119,2,25,8,20,4,8,1,0.8278340867489431,1.3194367567752776,0.3964875530803294,0.5229232406414079,0.4161441524315206,0.2348620260710995,0.2703507032707953,53
80,143,2257,0.0595833333333333,143,0.0595833333333333,0,0.0,0,0.0,0,0.0,7,96,96,1,18,6,15,2,5,0,0.8205673805533898,1.3130730317275865,0.3692975237765401,0.5002528835823581,0.390392179506412,0.2143236732433999,0.2669765651432607,53
81,119,2281,0.0495833333333333,119,0.0495833333333333,0,0.0,0,0.0,0,0.0,7,83,83,1,12,5,14,1,3,0,0.8153623534240352,1.312653999705444,0.3625566353892684,0.4785863341986797,0.3525079708738934,0.2073374410538591,0.2609859645016543,53
82,92,2308,0.0383333333333333,92,0.0383333333333333,0,0.0,0,0.0,0,0.0,7,69,69,1,8,3,9,1,1,0,0.8093414128263269,1.3098514920481596,0.3276391779708766,0.4348737794138678,0.3121828646106107,0.2003855825826059,0.2585493022152649,53
83,72,2328,0.03,72,0.03,0,0.0,0,0.0,0,0.0,5,55,55,0,7,3,6,0,1,0,0.8059569567730231,1.294240020157008,0.3040107255985443,0.4273892244517656,0.3329008897763584,0.186726706245295,0.254968285025481,53
84,57,2343,0.02375,57,0.02375,0,0.0,0,0.0,0,0.0,5,44,44,0,5,2,5,0,1,0,0.8009456181674091,1.264696045074543,0.310791188777286,0.4147189135891567,0.3196311416006228,0.1794083531465453,0.2495797219484268,53
85,42,2358,0.0175,42,0.0175,0,0.0,0,0.0,0,0.0,5,35,35,0,3,1,2,0,1,0,0.8001642500150141,1.20689008584043,0.2755438206081688,0.3460751249300814,0.2970185605571728,0.1669899419349395,0.2449858265112722,53
86,35,2365,0.0145833333333333,35,0.0145833333333333,0,0.0,0,0.0,0,0.0,3,31,31,0,3,0,1,0,0,0,0.7926195027982169,1.215015713849333,0.2268545786663665,0.3115412713930436,0.258518275452727,0.1390228398859571,0.2401508862001884,53
87,28,2372,0.0116666666666666,28,0.0116666666666666,0,0.0,0,0.0,0,0.0,3,25,25,0,2,0,1,0,0,0,0.7897377899157937,1.197382096094581,0.2338559083437595,0.304441473200402,0.2443640826531889,0.1389839225994522,0.2389648731307876,53
88,23,2377,0.0095833333333333,23,0.0095833333333333,0,0.0,0,0.0,0,0.0,2,22,22,0,1,0,0,0,0,0,0.789513559038862,1.1562961921457626,0.2010479112327393,0.24399582849015,0.2189137024840776,0.1407305923110492,0.2343636407272827,53
89,19,2381,0.0079166666666666,19,0.0079166666666666,0,0.0,0,0.0,0,0.0,2,18,18,0,1,0,0,0,0,0,0.7803894294704503,1.1543397318089057,0.1981594319895728,0.2501628091517721,0.22543355338379,0.1387065941220988,0.2290618550355124,53
90,17,2383,0.0070833333333333,17,0.0070833333333333,0,0.0,0,0.0,0,0.0,2,16,16,0,1,0,0,0,0,0,0.7778077100272798,1.1419881046918663,0.1996181785718661,0.257769954743668,0.2328547120336354,0.1397407200432852,0.2232270171611458,53
91,12,2388,0.005,12,0.005,0,0.0,0,0.0,0,0.0,2,11,11,0,1,0,0,0,0,0,0.7754669182960233,1.1258746483205686,0.1983487247498238,0.2807591389487895,0.2559917224096985,0.1388493281655214,0.2209803161517135,53
92,10,2390,0.0041666666666666,10,0.0041666666666666,0,0.0,0,0.0,0,0.0,2,9,9,0,1,0,0,0,0,0,0.7756238101059441,1.087505392801335,0.2060111066221006,0.3049268812963467,0.2792001549180181,0.1442176484939401,0.2140638029421135,53
93,7,2393,0.0029166666666666,7,0.0029166666666666,0,0.0,0,0.0,0,0.0,1,7,7,0,0,0,0,0,0,0,0.766538514126619,1.1267558732883107,0.1973175783408174,0.1973103464953864,0.1726727829255061,0.1381529307832624,0.2138438434285766,53
94,5,2395,0.0020833333333333,5,0.0020833333333333,0,0.0,0,0.0,0,0.0,1,5,5,0,0,0,0,0,0,0,0.7641331727139759,1.167783088297868,0.1990875643949301,0.19908373847837,0.1742098378082051,0.1393775994868096,0.2148067426782303,53
95,2,2398,0.0008333333333333,2,0.0008333333333333,0,0.0,0,0.0,0,0.0,1,2,2,0,0,0,0,0,0,0,0.758487045847209,0.9894541323647882,0.2041213276468195,0.2041154846139076,0.1786048625105381,0.1429003857678766,0.2167974321741897,53
96,2,2398,0.0008333333333333,2,0.0008333333333333,0,0.0,0,0.0,0,0.0,1,2,2,0,0,0,0,0,0,0,0.7570097098846578,0.9985087191283092,0.2055379175825061,0.2055326588528854,0.1798445086223067,0.1438904530813469,0.2103977948470288,53
97,1,2399,0.0004166666666666,1,0.0004166666666666,0,0.0,0,0.0,0,0.0,1,1,1,0,0,0,0,0,0,0,0.7472008696770412,0.8222421413314,0.2011280400828534,0.2011212814081911,0.1759645138628775,0.1408067585357099,0.2101320891412682,53
98,1,2399,0.0004166666666666,1,0.0004166666666666,0,0.0,0,0.0,0,0.0,1,1,1,0,0,0,0,0,0,0,0.7479297200349929,0.77601792719826,0.2065872893220071,0.2065812065148111,0.180743609068099,0.1446265199553463,0.2070193175003488,53
99,1,2399,0.0004166666666666,1,0.0004166666666666,0,0.0,0,0.0,0,0.0,1,1,1,0,0,0,0,0,0,0,0.7489249214137956,0.734416134478434,0.212278107705912,0.2122726331794355,0.1857251020628814,0.1486085510810855,0.2047620688715877,53
100,1,2399,0.0004166666666666,1,0.0004166666666666,0,0.0,0,0.0,0,0.0,1,1,1,0,0,0,0,0,0,0,0.7515765672915821,0.8409745210305907,0.2155581606947677,0.2155532336209389,0.1885969726461093,0.1509032006045898,0.2014413666160418,53
101,1,2399,0.0004166666666666,1,0.0004166666666666,0,0.0,0,0.0,0,0.0,1,1,1,0,0,0,0,0,0,0,0.7516912875687504,0.9368770689275316,0.2167872664665753,0.2167828321001294,0.1896740819926223,0.1517623258330299,0.1972466752433367,53
102,1,2399,0.0004166666666666,1,0.0004166666666666,0,0.0,0,0.0,0,0.0,1,1,1,0,0,0,0,0,0,0,0.7529323927610085,1.0231893620347785,0.2163755842148088,0.2163715932850075,0.1893153376388897,0.1514730243261506,0.1924089387954268,53
103,1,2399,0.0004166666666666,1,0.0004166666666666,0,0.0,0,0.0,0,0.0,1,1,1,0,0,0,0,0,0,0,0.7555921227921428,1.100870425831301,0.2146834112647783,0.2146798194279571,0.1878360161625198,0.1502874917235508,0.1871298147458993,53
104,0,2400,0.0,0,0.0,0,0.0,0,0.0,0,0.0,0,0,0,0,0,0,0,0,0,0,0.0,0.0,0.0,0.0,0.0,0.0,0.0,53
105,0,2400,0.0,0,0.0,0,0.0,0,0.0,0,0.0,0,0,0,0,0,0,0,0,0,0,0.0,0.0,0.0,0.0,0.0,0.0,0.0,53
106,0,2400,0.0,0,0.0,0,0.0,0,0.0,0,0.0,0,0,0,0,0,0,0,0,0,0,0.0,0.0,0.0,0.0,0.0,0.0,0.0,53
107,0,2400,0.0,0,0.0,0,0.0,0,0.0,0,0.0,0,0,0,0,0,0,0,0,0,0,0.0,0.0,0.0,0.0,0.0,0.0,0.0,53
108,0,2400,0.0,0,0.0,0,0.0,0,0.0,0,0.0,0,0,0,0,0,0,0,0,0,0,0.0,0.0,0.0,0.0,0.0,0.0,0.0,53
109,0,2400,0.0,0,0.0,0,0.0,0,0.0,0,0.0,0,0,0,0,0,0,0,0,0,0,0.0,0.0,0.0,0.0,0.0,0.0,0.0,53
110,0,2400,0.0,0,0.0,0,0.0,0,0.0,0,0.0,0,0,0,0,0,0,0,0,0,0,0.0,0.0,0.0,0.0,0.0,0.0,0.0,53
111,0,2400,0.0,0,0.0,0,0.0,0,0.0,0,0.0,0,0,0,0,0,0,0,0,0,0,0.0,0.0,0.0,0.0,0.0,0.0,0.0,53
112,0,2400,0.0,0,0.0,0,0.0,0,0.0,0,0.0,0,0,0,0,0,0,0,0,0,0,0.0,0.0,0.0,0.0,0.0,0.0,0.0,53
113,0,2400,0.0,0,0.0,0,0.0,0,0.0,0,0.0,0,0,0,0,0,0,0,0,0,0,0.0,0.0,0.0,0.0,0.0,0.0,0.0,53
114,0,2400,0.0,0,0.0,0,0.0,0,0.0,0,0.0,0,0,0,0,0,0,0,0,0,0,0.0,0.0,0.0,0.0,0.0,0.0,0.0,53
115,0,2400,0.0,0,0.0,0,0.0,0,0.0,0,0.0,0,0,0,0,0,0,0,0,0,0,0.0,0.0,0.0,0.0,0.0,0.0,0.0,53
116,0,2400,0.0,0,0.0,0,0.0,0,0.0,0,0.0,0,0,0,0,0,0,0,0,0,0,0.0,0.0,0.0,0.0,0.0,0.0,0.0,53
117,0,2400,0.0,0,0.0,0,0.0,0,0.0,0,0.0,0,0,0,0,0,0,0,0,0,0,0.0,0.0,0.0,0.0,0.0,0.0,0.0,53
118,0,2400,0.0,0,0.0,0,0.0,0,0.0,0,0.0,0,0,0,0,0,0,0,0,0,0,0.0,0.0,0.0,0.0,0.0,0.0,0.0,53
119,0,2400,0.0,0,0.0,0,0.0,0,0.0,0,0.0,0,0,0,0,0,0,0,0,0,0,0.0,0.0,0.0,0.0,0.0,0.0,0.0,53
0,30,2370,0.0125,0,0.0,30,0.0125,0,0.0,30,0.0125,0,0,0,0,0,0,0,0,0,0,0.8374542363098304,0.4205662868644179,0.6164135030886182,0.5488227392046401,0.5997740222249873,0.3909815246124397,0.3729730918313325,65
1,47,2353,0.0195833333333333,0,0.0,47,0.0195833333333333,0,0.0,47,0.0195833333333333,0,0,0,0,0,0,0,0,0,0,0.6272175632782702,0.26585722862424,0.376993722580357,0.340048945463035,0.3717864033718996,0.2567051834089891,0.2317900854087686,65
2,56,2344,0.0233333333333333,0,0.0,56,0.0233333333333333,0,0.0,56,0.0233333333333333,0,0,0,0,0,0,0,0,0,0,0.664344004862204,0.2492457280500954,0.3117019182698899,0.2866122269688151,0.3044691122515136,0.2130870988542877,0.1986441184787143,65
3,58,2342,0.0241666666666666,19,0.0079166666666666,39,0.01625,0,0.0,39,0.01625,6,6,6,0,2,1,6,3,1,0,0.7971557877811815,0.2627238740297381,0.3090471774716408,0.2846645093560503,0.2965183483121252,0.2104997788952969,0.1992476428228111,65
4,61,2339,0.0254166666666666,21,0.00875,40,0.0166666666666666,0,0.0,40,0.0166666666666666,6,6,6,0,2,1,6,4,2,0,0.8990153751824312,0.2639702659729891,0.3175678550184965,0.3013284958601309,0.2921034671335739,0.2120135101879748,0.1980198779788238,65
5,75,2325,0.03125,40,0.0166666666666666,35,0.0145833333333333,0,0.0,35,0.0145833333333333,7,20,20,1,2,2,8,5,2,0,0.8432127916500618,0.2297062346922281,0.2867198103067491,0.2725222751446774,0.2501349381113746,0.1983571911390995,0.1703834220030422,65
6,88,2312,0.0366666666666666,49,0.0204166666666666,39,0.01625,0,0.0,39,0.01625,7,24,24,3,2,2,9,7,2,0,0.8400309741173686,0.2232405777468795,0.2713395127054351,0.263677443158156,0.2282249656196629,0.195135906725928,0.1580072043541107,65
7,106,2294,0.0441666666666666,61,0.0254166666666666,45,0.01875,0,0.0,45,0.01875,7,31,31,5,3,2,10,8,2,0,0.815240041868495,0.2159306958259704,0.2623393915473436,0.2502266276443977,0.2076211003191661,0.1865404298257072,0.1451198953525632,65
8,115,2285,0.0479166666666666,71,0.0295833333333333,44,0.0183333333333333,0,0.0,44,0.0183333333333333,7,36,36,6,3,2,11,11,2,0,0.884352513761264,0.2337025076678048,0.2739104274924339,0.2652333183650477,0.2131551811221382,0.2010554620666863,0.1500929213124174,65
9,122,2278,0.0508333333333333,89,0.0370833333333333,33,0.01375,0,0.0,33,0.01375,7,47,47,6,3,3,15,12,3,0,0.96310555101886,0.2553131929804739,0.2910383175633904,0.2870323634676819,0.2193875922433424,0.2178641875658897,0.1588764531182583,65
10,131,2269,0.0545833333333333,108,0.045,23,0.0095833333333333,0,0.0,23,0.0095833333333333,7,58,58,6,4,4,18,14,4,0,1.0168288336618343,0.2713388441927941,0.3085574903138877,0.3066841857846124,0.2300543351327339,0.2310801735291124,0.1655524193336465,65
11,153,2247,0.06375,134,0.0558333333333333,19,0.0079166666666666,0,0.0,19,0.0079166666666666,7,77,77,6,7,4,20,16,4,0,0.975459080722926,0.2622669917015059,0.3068058515799622,0.3009937588376297,0.2243097981856219,0.2269008056452173,0.15807461410551,65
12,174,2226,0.0725,156,0.065,18,0.0075,0,0.0,18,0.0075,7,91,91,8,9,4,22,18,4,0,0.9689691342027446,0.2685181882603297,0.3074388246445668,0.3038421824806152,0.2227784235003817,0.2232577357486594,0.1567239297362559,65
13,201,2199,0.08375,183,0.07625,18,0.0075,0,0.0,18,0.0075,7,107,107,9,12,4,26,21,4,0,0.9481056195890616,0.2693231257789435,0.3051934838697188,0.3008689976023546,0.2213772654547181,0.2236512601378369,0.1530753995812137,65
14,228,2172,0.095,207,0.08625,21,0.00875,0,0.0,21,0.00875,7,118,118,13,13,7,29,23,4,0,0.9481284692392212,0.2822655853219774,0.3074732535202085,0.3041648003706886,0.2222500247355359,0.2216918305267002,0.1536451787588476,65
15,249,2151,0.10375,237,0.09875,12,0.005,0,0.0,12,0.005,7,135,135,14,13,8,34,29,4,0,0.9844886142431803,0.3024453739279908,0.3153314420615358,0.3186788016890792,0.2309742766287983,0.2340988892077457,0.1597223851023145,65
16,261,2139,0.10875,251,0.1045833333333333,10,0.0041666666666666,0,0.0,10,0.0041666666666666,7,140,140,14,15,8,38,31,5,0,1.0566320254842247,0.32943298198185,0.3390057538532601,0.3471599039016543,0.2461825267609907,0.2531950576669728,0.1716228249934676,65
17,286,2114,0.1191666666666666,278,0.1158333333333333,8,0.0033333333333333,0,0.0,8,0.0033333333333333,7,150,150,15,17,8,44,37,7,0,1.0694290009983722,0.337831494641736,0.348025792568519,0.3581236982080637,0.2518133821855415,0.2591152053003925,0.1749211992086397,65
18,316,2084,0.1316666666666666,313,0.1304166666666666,3,0.00125,0,0.0,3,0.00125,7,171,171,15,22,9,47,42,7,0,1.0703823323116493,0.3449804643062747,0.3561557519406676,0.3658295144546939,0.2543451319847002,0.2619210713091419,0.1767015105397257,65
19,351,2049,0.14625,348,0.145,3,0.00125,0,0.0,3,0.00125,7,190,190,17,24,9,55,45,8,0,1.0652724813393255,0.3527875898823492,0.357698839658202,0.3707966620438785,0.2567819749859201,0.262166691010235,0.1776760960798814,65
20,395,2005,0.1645833333333333,392,0.1633333333333333,3,0.00125,0,0.0,3,0.00125,7,210,210,19,25,15,64,51,8,0,1.046368339631223,0.3592445560603396,0.3555196021362823,0.369541577158777,0.2551560361434209,0.2579536083898247,0.176627744198161,65
21,432,1968,0.18,430,0.1791666666666666,2,0.0008333333333333,0,0.0,2,0.0008333333333333,7,235,235,21,25,15,71,55,8,0,1.0598833887543069,0.3792394437024322,0.3641147050840682,0.3797794211463913,0.26043982927091,0.2643708760727981,0.1810637466230395,65
22,476,1924,0.1983333333333333,474,0.1975,2,0.0008333333333333,0,0.0,2,0.0008333333333333,7,253,253,21,32,16,76,68,8,0,1.0619460783082282,0.3924796128392976,0.3678240992106701,0.3845871428933222,0.2621962188516317,0.2676412067082119,0.1832992719325443,65
23,516,1884,0.215,514,0.2141666666666666,2,0.0008333333333333,0,0.0,2,0.0008333333333333,7,269,269,25,38,16,83,74,9,0,1.0798826420058951,0.4135935390316961,0.3769257410595316,0.3963945643242137,0.2659798457656822,0.2746138240602265,0.188543667284803,65
24,546,1854,0.2275,544,0.2266666666666666,2,0.0008333333333333,0,0.0,2,0.0008333333333333,7,277,277,27,41,16,94,80,9,0,1.1204827964158932,0.4401993397917936,0.3928983543889562,0.4167687260765044,0.2756765115458857,0.2861876725888078,0.1974751670750686,65
25,587,1813,0.2445833333333333,586,0.2441666666666666,1,0.0004166666666666,0,0.0,1,0.0004166666666666,7,291,291,29,44,16,108,88,10,0,1.1354223777618435,0.4586200265309836,0.4016438070773225,0.4290398114874933,0.2815466519561557,0.2920655062806299,0.2026394365333962,65
26,631,1769,0.2629166666666667,630,0.2625,1,0.0004166666666666,0,0.0,1,0.0004166666666666,7,305,305,29,47,18,119,100,12,0,1.1463244905189407,0.4768953407548633,0.4107942020460807,0.440550048858719,0.2869678503375807,0.2974164102473555,0.2073951794220274,65
27,668,1732,0.2783333333333333,667,0.2779166666666666,1,0.0004166666666666,0,0.0,1,0.0004166666666666,7,323,323,31,52,20,125,104,12,0,1.1716786753722614,0.501863568884262,0.4268776512230725,0.4583371081180895,0.2928747993061539,0.3060972266731752,0.2148803790823076,65
28,707,1693,0.2945833333333333,706,0.2941666666666667,1,0.0004166666666666,0,0.0,1,0.0004166666666666,7,341,341,31,55,24,132,110,13,0,1.191604935708151,0.5221334902591486,0.4408456852173126,0.4738240193245722,0.3003764690565645,0.3144569053970279,0.2212768069131507,65
29,752,1648,0.3133333333333333,751,0.3129166666666667,1,0.0004166666666666,0,0.0,1,0.0004166666666666,7,360,360,33,57,24,142,119,16,0,1.2005440503589615,0.5417094944839047,0.4492483243166701,0.4849302481435442,0.3054694637482419,0.3189310941492927,0.2263649712955342,65
30,800,1600,0.3333333333333333,800,0.3333333333333333,0,0.0,0,0.0,0,0.0,7,374,374,33,65,27,152,133,16,0,1.205427347836049,0.5592512323333839,0.4575466587006858,0.4941432753651154,0.3097313782127807,0.3222381244232568,0.2306723655209963,65
31,843,1557,0.35125,843,0.35125,0,0.0,0,0.0,0,0.0,7,394,394,34,68,27,161,143,16,0,1.2184328093189432,0.5817804119573379,0.4686342035605843,0.5080187679829321,0.3160710021862583,0.3294457105432062,0.236700673046058,65
32,900,1500,0.375,900,0.375,0,0.0,0,0.0,0,0.0,7,419,419,35,77,28,171,154,16,0,1.2110284551900312,0.5950942206133697,0.4721784933855142,0.5131757449480446,0.3174433385024363,0.3315231948976394,0.2388968138547294,65
33,937,1463,0.3904166666666667,937,0.3904166666666667,0,0.0,0,0.0,0,0.0,7,439,439,36,78,29,179,160,16,0,1.2322939230327865,0.626047298502486,0.4864753920019575,0.5305631062548198,0.3257845542063494,0.3402483342119237,0.2471292563813516,65
34,981,1419,0.40875,981,0.40875,0,0.0,0,0.0,0,0.0,7,458,458,38,81,31,189,168,16,0,1.2407242082932062,0.6511495278564189,0.496219247653525,0.5423035698816191,0.3302084417699963,0.3455202228709486,0.2530728400518025,65
35,1015,1385,0.4229166666666666,1015,0.4229166666666666,0,0.0,0,0.0,0,0.0,7,471,471,39,87,31,195,176,16,0,1.25939406551676,0.6818876040831834,0.5102716755844386,0.5588624065468641,0.3373491161542023,0.3542132472883402,0.2612149507776814,65
36,1046,1354,0.4358333333333333,1046,0.4358333333333333,0,0.0,0,0.0,0,0.0,7,477,477,40,89,31,214,178,17,0,1.2768873766135933,0.7144783234512315,0.5239449642594569,0.5757319190723043,0.3451561278191571,0.3625586465958846,0.269697421428069,65
37,1077,1323,0.44875,1077,0.44875,0,0.0,0,0.0,0,0.0,7,487,487,42,91,31,222,187,17,0,1.289768041170522,0.7449451194958128,0.5371244080384963,0.5915264918495184,0.3517550974831386,0.3705572149921847,0.2774127713161282,65
38,1103,1297,0.4595833333333333,1103,0.4595833333333333,0,0.0,0,0.0,0,0.0,7,497,497,42,93,33,230,191,17,0,1.3034942430389436,0.7796621072776885,0.5521672675639802,0.6085671229319305,0.3582428052517252,0.3775738774479135,0.2860235130259744,65
39,1128,1272,0.47,1128,0.47,0,0.0,0,0.0,0,0.0,7,508,508,43,95,33,234,198,17,0,1.313015996510599,0.8099632747292214,0.5655623029040036,0.6244160030793144,0.3648575187457084,0.38498584698661,0.2935940685799136,65
40,1149,1251,0.47875,1149,0.47875,0,0.0,0,0.0,0,0.0,7,517,517,44,95,33,236,205,19,0,1.3216283178223744,0.8429440526589256,0.5793646223865972,0.6405149037595762,0.371673065194486,0.3930794018355338,0.3015916858902268,65
41,1166,1234,0.4858333333333333,1166,0.4858333333333333,0,0.0,0,0.0,0,0.0,7,526,526,44,98,33,239,207,19,0,1.3288319134124444,0.876562988726069,0.5941352063578503,0.6565998256332036,0.3782338498718923,0.4013478896026986,0.309660820477238,65
42,1179,1221,0.49125,1179,0.49125,0,0.0,0,0.0,0,0.0,7,529,529,45,101,33,240,212,19,0,1.3353233638924955,0.9081774388203,0.6079031649452953,0.6727859943159307,0.3843508720763223,0.4090534351122766,0.3174148822766014,65
43,1186,1214,0.4941666666666666,1186,0.4941666666666666,0,0.0,0,0.0,0,0.0,7,531,531,45,104,33,241,213,19,0,1.3428208357511764,0.941965497750608,0.623307354279408,0.6904608784529846,0.3914433921267958,0.4180932930728851,0.3257618042810498,65
44,1202,1198,0.5008333333333334,1202,0.5008333333333334,0,0.0,0,0.0,0,0.0,7,539,539,46,105,33,244,216,19,0,1.333947138697182,0.9673959836098176,0.6314572300688217,0.7005843682428426,0.3946362815421079,0.4227877972887826,0.3307271033000173,65
45,1211,1189,0.5045833333333334,1211,0.5045833333333334,0,0.0,0,0.0,0,0.0,7,543,543,46,106,33,246,217,20,0,1.3289391717872396,0.9963839595946328,0.6417445422768507,0.7129315753265503,0.3992692323163868,0.4289700818423636,0.336655456695871,65
46,1216,1184,0.5066666666666667,1216,0.5066666666666667,0,0.0,0,0.0,0,0.0,7,546,546,46,106,33,247,218,20,0,1.3237365266280845,1.0283346032583796,0.6522588294590952,0.7255511910394945,0.4039258879577417,0.4350644599968502,0.3429354188336859,65
47,1221,1179,0.50875,1221,0.50875,0,0.0,0,0.0,0,0.0,7,549,549,46,106,33,248,219,20,0,1.3143606413365032,1.056433570684661,0.6609345957169437,0.736059095444376,0.4070879496189792,0.4399719359741034,0.3479433045179034,65
48,1227,1173,0.51125,1227,0.51125,0,0.0,0,0.0,0,0.0,7,554,554,46,107,33,248,219,20,0,1.3000092762538178,1.0800577431339635,0.6672445599272574,0.7440198797632549,0.4088940279939581,0.4432802986116185,0.3514694654235589,65
49,1227,1173,0.51125,1227,0.51125,0,0.0,0,0.0,0,0.0,7,554,554,46,107,33,248,219,20,0,1.2887828109114534,1.1074651717545514,0.6749960743302073,0.7537760137718484,0.4116989110267194,0.4476240788342751,0.3558622996251678,65
50,1231,1169,0.5129166666666667,1231,0.5129166666666667,0,0.0,0,0.0,0,0.0,7,558,558,46,107,33,248,219,20,0,1.2703073893705363,1.1281606735731535,0.6790755662065425,0.7592299119553976,0.4122063555194138,0.4495162927552208,0.358008656541237,65
51,1233,1167,0.51375,1233,0.51375,0,0.0,0,0.0,0,0.0,7,558,558,46,107,33,249,219,21,0,1.252137761350185,1.1484908436753425,0.6826799539022953,0.7642953174626954,0.4124613928245371,0.45111817325764,0.3598470441730086,65
52,1238,1162,0.5158333333333334,1238,0.5158333333333334,0,0.0,0,0.0,0,0.0,7,561,561,47,107,33,249,220,21,0,1.228943633039003,1.1657902174689234,0.683414032355033,0.7660446627238304,0.4109070560877415,0.4507810753539986,0.3601730290657605,65
53,1239,1161,0.51625,1239,0.51625,0,0.0,0,0.0,0,0.0,7,562,562,47,107,33,249,220,21,0,1.208747574985952,1.1861367718352482,0.6851504293281292,0.7689917049145765,0.4098393885893326,0.4513674735458594,0.3610377081619517,65
54,1240,1160,0.5166666666666667,1240,0.5166666666666667,0,0.0,0,0.0,0,0.0,7,563,563,47,107,33,249,220,21,0,1.1875243568029168,1.2028331566721675,0.6856547054743539,0.7706913580027959,0.4081849123953342,0.4512955855216257,0.3608674935585875,65
55,1237,1163,0.5154166666666666,1237,0.5154166666666666,0,0.0,0,0.0,0,0.0,7,563,563,46,107,33,249,218,21,0,1.1670637876339425,1.2200394498700076,0.6852937991806953,0.7715359768934651,0.4065133764976301,0.449223506167431,0.3605909294992591,65
56,1235,1165,0.5145833333333333,1235,0.5145833333333333,0,0.0,0,0.0,0,0.0,7,563,563,46,107,32,249,217,21,0,1.14620036363486,1.2360727218945842,0.6845786334808058,0.7710989839544319,0.403491473807602,0.4471527416339661,0.3596096945468897,65
57,1234,1166,0.5141666666666667,1234,0.5141666666666667,0,0.0,0,0.0,0,0.0,7,564,564,47,107,32,249,214,21,0,1.1238220399903698,1.2500711132344122,0.6807221120507787,0.7682759882234123,0.400371110437327,0.4434270858848479,0.3577689787888604,65
58,1229,1171,0.5120833333333333,1229,0.5120833333333333,0,0.0,0,0.0,0,0.0,7,563,563,46,107,32,248,212,21,0,1.10312971732549,1.2668794219298782,0.6779211002208195,0.766550706378909,0.3974764654866407,0.440269929383884,0.3560126201831281,65
59,1218,1182,0.5075,1218,0.5075,0,0.0,0,0.0,0,0.0,7,563,563,43,107,32,244,208,21,0,1.0809389053086094,1.283112519019675,0.6721252454164419,0.7621829071357051,0.3946456713049933,0.4345016667575081,0.3536751779710467,65
60,1203,1197,0.50125,1203,0.50125,0,0.0,0,0.0,0,0.0,7,562,562,42,106,30,243,200,20,0,1.061878649582967,1.2998353841623866,0.6660459400704661,0.7562450383178575,0.389265117473465,0.4263045764149589,0.3512616615290117,65
61,1189,1211,0.4954166666666666,1189,0.4954166666666666,0,0.0,0,0.0,0,0.0,7,553,553,41,105,30,241,199,20,0,1.042175542900011,1.3214547903339602,0.6639295592941582,0.7549927095052805,0.3853095774940009,0.4240982540931559,0.3484178514807845,65
62,1160,1240,0.4833333333333333,1160,0.4833333333333333,0,0.0,0,0.0,0,0.0,7,547,547,37,103,27,234,192,20,0,1.024055113702505,1.338011103174222,0.657685948734342,0.747500254402137,0.3797953973145569,0.4150896160955972,0.3454568217763224,65
63,1115,1285,0.4645833333333333,1115,0.4645833333333333,0,0.0,0,0.0,0,0.0,7,536,536,30,92,23,228,186,20,0,1.007275814961614,1.3544843594002267,0.6579200891317832,0.7390136766772106,0.3672566787223362,0.4056946359167984,0.3429286035509553,65
64,1068,1332,0.445,1068,0.445,0,0.0,0,0.0,0,0.0,7,523,523,28,85,19,218,177,18,0,0.9905674990276327,1.3681667877179895,0.651181846762815,0.7280265658717685,0.3559244963292907,0.3977974971842797,0.3396048508111609,65
65,1022,1378,0.4258333333333333,1022,0.4258333333333333,0,0.0,0,0.0,0,0.0,7,508,508,25,79,17,209,167,17,0,0.974202285320888,1.3838625634870998,0.6445810368968358,0.7184923551625609,0.3475563922072505,0.3893440502584152,0.3360321633485228,65
66,963,1437,0.40125,963,0.40125,0,0.0,0,0.0,0,0.0,7,491,491,23,72,15,199,149,14,0,0.960620534255044,1.398881191152863,0.6321538898808288,0.7048853434208614,0.3376845340286933,0.3761531169282491,0.3332231290386625,65
67,909,1491,0.37875,909,0.37875,0,0.0,0,0.0,0,0.0,7,472,472,20,64,14,183,142,14,0,0.9443915797575334,1.4088067207248238,0.6240571541792999,0.6915989039899229,0.3286752654002202,0.3716166582722535,0.3289634599426315,65
68,831,1569,0.34625,831,0.34625,0,0.0,0,0.0,0,0.0,7,445,445,17,54,13,166,124,12,0,0.9322822498178848,1.4099274611932815,0.6108388169989002,0.6744114761095366,0.3185346013328191,0.3605765791934691,0.3262280387774132,65
69,770,1630,0.3208333333333333,770,0.3208333333333333,0,0.0,0,0.0,0,0.0,7,423,423,16,46,11,151,113,10,0,0.919177073383686,1.411188315186503,0.5981892181596471,0.657089670142961,0.3056657255996334,0.3534168428274928,0.321950075920129,65
70,707,1693,0.2945833333333333,707,0.2945833333333333,0,0.0,0,0.0,0,0.0,7,396,396,15,40,11,133,103,9,0,0.9082595582349688,1.4108351496254783,0.584891931919524,0.6422301673307091,0.2994773868960416,0.3508663016320169,0.3182581155826652,65
71,653,1747,0.2720833333333333,653,0.2720833333333333,0,0.0,0,0.0,0,0.0,7,371,371,13,35,10,123,92,9,0,0.8964001009950269,1.4104310541772065,0.5773130958451373,0.6303022065029352,0.2929393515880162,0.3415194075815194,0.3138820029645106,65
72,611,1789,0.2545833333333333,611,0.2545833333333333,0,0.0,0,0.0,0,0.0,7,352,352,13,32,10,112,83,9,0,0.8865097632406113,1.417371634920418,0.5640562651001803,0.6160869125767818,0.2895044407756289,0.335815852994005,0.3094832181050225,65
73,551,1849,0.2295833333333333,551,0.2295833333333333,0,0.0,0,0.0,0,0.0,7,325,325,10,25,10,100,72,9,0,0.8773589285756404,1.4110523201482132,0.5551701724003429,0.6007644203659017,0.2826477375361156,0.3272203423681014,0.3054457748591162,65
74,496,1904,0.2066666666666666,496,0.2066666666666666,0,0.0,0,0.0,0,0.0,7,296,296,8,22,6,93,62,9,0,0.8678188818468754,1.40140519119499,0.5532265249142252,0.5901080381593565,0.2735422840858284,0.3106022911170181,0.301102978948162,65
75,453,1947,0.18875,453,0.18875,0,0.0,0,0.0,0,0.0,7,277,277,6,20,5,81,55,9,0,0.8590377211204792,1.4040739516067704,0.538217000426222,0.5721945646730362,0.2696837483887991,0.2998453221623796,0.2974265178498388,65
76,404,1996,0.1683333333333333,404,0.1683333333333333,0,0.0,0,0.0,0,0.0,7,251,251,5,11,4,74,50,9,0,0.8509703281602348,1.4048382668351806,0.5422896095913812,0.5561436481669553,0.2497414707533956,0.2966680634037534,0.293644905923285,65
77,363,2037,0.15125,363,0.15125,0,0.0,0,0.0,0,0.0,7,232,232,5,9,4,63,43,7,0,0.8425850768756566,1.4066186981673865,0.5205281015192174,0.5360801634642454,0.2416443272418099,0.2909260370971582,0.2897192166339231,65
78,330,2070,0.1375,330,0.1375,0,0.0,0,0.0,0,0.0,7,212,212,4,7,4,57,39,7,0,0.8341693048839088,1.41850497411634,0.5173240310405304,0.5285488977823832,0.2374219518739903,0.2872385079332474,0.2851801680264417,65
79,287,2113,0.1195833333333333,287,0.1195833333333333,0,0.0,0,0.0,0,0.0,7,189,189,3,4,2,50,34,5,0,0.8257904177362847,1.428361273770444,0.5096122376897527,0.5123441551941755,0.2162239921509696,0.2767280574584119,0.2809734811066469,65
80,242,2158,0.1008333333333333,242,0.1008333333333333,0,0.0,0,0.0,0,0.0,7,170,170,2,3,1,37,25,4,0,0.8204914778292972,1.4478272938062506,0.4671953607828261,0.4665196712752683,0.2059383449584218,0.2529323305281292,0.2789548296514434,65
81,210,2190,0.0875,210,0.0875,0,0.0,0,0.0,0,0.0,6,154,154,2,2,0,30,18,4,0,0.8166739029270528,1.4561872011977997,0.4387718385611346,0.4287568573914468,0.1982215788670462,0.23014970869561,0.275334611997694,65
82,172,2228,0.0716666666666666,172,0.0716666666666666,0,0.0,0,0.0,0,0.0,6,128,128,2,1,0,21,17,3,0,0.8100490367882124,1.45909315338762,0.4246225467052475,0.412563533890658,0.1886029304763047,0.2416390392059892,0.2731550172864105,65
83,144,2256,0.06,144,0.06,0,0.0,0,0.0,0,0.0,6,114,114,2,1,0,13,13,1,0,0.803375396944882,1.4620749927773788,0.367982643803821,0.3673823810690516,0.1736297127952435,0.230897601317228,0.2691955007643731,65
84,124,2276,0.0516666666666666,124,0.0516666666666666,0,0.0,0,0.0,0,0.0,6,100,100,2,1,0,10,10,1,0,0.7978132536270789,1.4615373969422625,0.3462315880577039,0.3456782137413,0.1723924099768591,0.2209058365590831,0.2645134826070172,65
85,103,2297,0.0429166666666666,103,0.0429166666666666,0,0.0,0,0.0,0,0.0,5,86,86,2,0,0,7,7,1,0,0.7979711370277153,1.4574002724297122,0.322450709139045,0.3124000685641405,0.1656538635533851,0.2112828547815466,0.2624792612686769,65
86,83,2317,0.0345833333333333,83,0.0345833333333333,0,0.0,0,0.0,0,0.0,4,72,72,2,0,0,4,5,0,0,0.793726062776314,1.4551842299192312,0.2819788200567839,0.2816071655623577,0.1528887920797212,0.2056241073304505,0.2591764126216435,65
87,65,2335,0.0270833333333333,65,0.0270833333333333,0,0.0,0,0.0,0,0.0,4,60,60,2,0,0,1,2,0,0,0.7871328418572937,1.4581910847722002,0.2118994819943376,0.2114726683980509,0.1453627521675029,0.1770730617155644,0.2545407292730183,65
88,55,2345,0.0229166666666666,55,0.0229166666666666,0,0.0,0,0.0,0,0.0,3,52,52,2,0,0,0,1,0,0,0.7831452905334675,1.4273613446240003,0.1837582374350723,0.1833230872452459,0.1449379198320477,0.1698316665978047,0.2487970183029788,65
89,43,2357,0.0179166666666666,43,0.0179166666666666,0,0.0,0,0.0,0,0.0,3,41,41,1,0,0,0,1,0,0,0.7798933367050387,1.3907220616443867,0.186491174627576,0.185929488593471,0.1427632846455155,0.1600855642849975,0.2466672641763072,65
90,36,2364,0.015,36,0.015,0,0.0,0,0.0,0,0.0,3,34,34,1,0,0,0,1,0,0,0.7776367456445962,1.354752681426333,0.1894015684622337,0.1893682583816084,0.1417110674050645,0.1683123597427852,0.2413987579236686,65
91,32,2368,0.0133333333333333,32,0.0133333333333333,0,0.0,0,0.0,0,0.0,3,30,30,1,0,0,0,1,0,0,0.7749683465688487,1.322806610035808,0.1959651066869739,0.1959396845061456,0.1444310752105732,0.1773747154094256,0.2368404951468889,65
92,29,2371,0.0120833333333333,29,0.0120833333333333,0,0.0,0,0.0,0,0.0,3,27,27,1,0,0,0,1,0,0,0.771344131830175,1.2721483138267475,0.2033500009337468,0.2033293708565111,0.1480898611662727,0.1867064263658745,0.2289085513297034,65
93,25,2375,0.0104166666666666,25,0.0104166666666666,0,0.0,0,0.0,0,0.0,3,23,23,1,0,0,0,1,0,0,0.7707876414135761,1.2675080070136977,0.2113859249971514,0.2113778440785496,0.1503473712456048,0.1994414095618585,0.22718909884738,65
94,18,2382,0.0075,18,0.0075,0,0.0,0,0.0,0,0.0,2,17,17,0,0,0,0,1,0,0,0.7669189360497555,1.2142300622925957,0.2240416447020074,0.2240386675881361,0.1479481456624293,0.1733374737321314,0.2271967524463722,65
95,16,2384,0.0066666666666666,16,0.0066666666666666,0,0.0,0,0.0,0,0.0,2,15,15,0,0,0,0,1,0,0,0.7640365035156493,1.1964333335246429,0.2361283211472629,0.2361251524199658,0.1525116570086198,0.183847972739726,0.224136090038099,65
96,14,2386,0.0058333333333333,14,0.0058333333333333,0,0.0,0,0.0,0,0.0,2,13,13,0,0,0,0,1,0,0,0.7621436051949574,1.147552627850315,0.2515443013832699,0.251545513623494,0.1582643397893968,0.1972976234041104,0.2194916166348854,65
97,12,2388,0.005,12,0.005,0,0.0,0,0.0,0,0.0,2,11,11,0,0,0,0,1,0,0,0.762657556302361,1.1415244200671415,0.2695109477898671,0.26951949513748,0.1636820746137419,0.2134065863987373,0.21659615118586,65
98,11,2389,0.0045833333333333,11,0.0045833333333333,0,0.0,0,0.0,0,0.0,2,10,10,0,0,0,0,1,0,0,0.7612260956690211,1.2056081046680918,0.275700004141843,0.2757086857028115,0.1625354657064751,0.2199914584190093,0.2110161930692098,65
99,7,2393,0.0029166666666666,7,0.0029166666666666,0,0.0,0,0.0,0,0.0,1,7,7,0,0,0,0,0,0,0,0.7625152775761472,1.2361634900056784,0.1842009142234493,0.1842143525537319,0.1611960634340571,0.1289634483304154,0.215219125384077,65
100,7,2393,0.0029166666666666,7,0.0029166666666666,0,0.0,0,0.0,0,0.0,1,7,7,0,0,0,0,0,0,0,0.7611584502066755,1.2805471410051104,0.1826523376289646,0.182664432126219,0.1598390325650291,0.1278771638768761,0.2067929875108858,65
101,3,2397,0.00125,3,0.00125,0,0.0,0,0.0,0,0.0,1,3,3,0,0,0,0,0,0,0,0.7643391490923364,1.3259854339017314,0.1704668151410518,0.1704906633136514,0.1491854973374972,0.1193366825576531,0.2100116478141769,65
102,1,2399,0.0004166666666666,1,0.0004166666666666,0,0.0,0,0.0,0,0.0,1,1,1,0,0,0,0,0,0,0,0.7522397081539021,0.7022397942326528,0.224497274016826,0.2244983098198379,0.1964391156634948,0.157150385403308,0.2084919416644664,65
103,1,2399,0.0004166666666666,1,0.0004166666666666,0,0.0,0,0.0,0,0.0,1,1,1,0,0,0,0,0,0,0,0.7508631597459868,0.6680158148093875,0.2296481209492588,0.2296490531719695,0.2009457066394963,0.1607557488968581,0.2069631495319006,65
104,1,2399,0.0004166666666666,1,0.0004166666666666,0,0.0,0,0.0,0,0.0,1,1,1,0,0,0,0,0,0,0,0.7493966685399733,0.6372142333284488,0.234796076708372,0.2347969157088117,0.2054498078478309,0.1643591115049997,0.2059457720765379,65
105,1,2399,0.0004166666666666,1,0.0004166666666666,0,0.0,0,0.0,0,0.0,1,1,1,0,0,0,0,0,0,0,0.7482246534878167,0.753492809995604,0.2373024684780631,0.2373032235784588,0.2076425765735101,0.1661133999628695,0.2035413944772539,65
106,1,2399,0.0004166666666666,1,0.0004166666666666,0,0.0,0,0.0,0,0.0,1,1,1,0,0,0,0,0,0,0,0.7476210006317268,0.8581435289960435,0.2376571229265217,0.2376578025168779,0.2079526075503909,0.166361490873968,0.200046685936914,65
107,1,2399,0.0004166666666666,1,0.0004166666666666,0,0.0,0,0.0,0,0.0,1,1,1,0,0,0,0,0,0,0,0.7469168619147332,0.9523291760964392,0.236260691087278,0.2362613027185985,0.2067304671920842,0.1653838381039571,0.1957005136606084,65
108,1,2399,0.0004166666666666,1,0.0004166666666666,0,0.0,0,0.0,0,0.0,1,1,1,0,0,0,0,0,0,0,0.7461521510889815,1.037096258486795,0.2334560712771506,0.233456621745339,0.2042761886091512,0.1634204688025816,0.1907054768035678,65
109,0,2400,0.0,0,0.0,0,0.0,0,0.0,0,0.0,0,0,0,0,0,0,0,0,0,0,0.0,0.0,0.0,0.0,0.0,0.0,0.0,65
110,0,2400,0.0,0,0.0,0,0.0,0,0.0,0,0.0,0,0,0,0,0,0,0,0,0,0,0.0,0.0,0.0,0.0,0.0,0.0,0.0,65
111,0,2400,0.0,0,0.0,0,0.0,0,0.0,0,0.0,0,0,0,0,0,0,0,0,0,0,0.0,0.0,0.0,0.0,0.0,0.0,0.0,65
112,0,2400,0.0,0,0.0,0,0.0,0,0.0,0,0.0,0,0,0,0,0,0,0,0,0,0,0.0,0.0,0.0,0.0,0.0,0.0,0.0,65
113,0,2400,0.0,0,0.0,0,0.0,0,0.0,0,0.0,0,0,0,0,0,0,0,0,0,0,0.0,0.0,0.0,0.0,0.0,0.0,0.0,65
114,0,2400,0.0,0,0.0,0,0.0,0,0.0,0,0.0,0,0,0,0,0,0,0,0,0,0,0.0,0.0,0.0,0.0,0.0,0.0,0.0,65
115,0,2400,0.0,0,0.0,0,0.0,0,0.0,0,0.0,0,0,0,0,0,0,0,0,0,0,0.0,0.0,0.0,0.0,0.0,0.0,0.0,65
116,0,2400,0.0,0,0.0,0,0.0,0,0.0,0,0.0,0,0,0,0,0,0,0,0,0,0,0.0,0.0,0.0,0.0,0.0,0.0,0.0,65
117,0,2400,0.0,0,0.0,0,0.0,0,0.0,0,0.0,0,0,0,0,0,0,0,0,0,0,0.0,0.0,0.0,0.0,0.0,0.0,0.0,65
118,0,2400,0.0,0,0.0,0,0.0,0,0.0,0,0.0,0,0,0,0,0,0,0,0,0,0,0.0,0.0,0.0,0.0,0.0,0.0,0.0,65
119,0,2400,0.0,0,0.0,0,0.0,0,0.0,0,0.0,0,0,0,0,0,0,0,0,0,0,0.0,0.0,0.0,0.0,0.0,0.0,0.0,65
0,30,2370,0.0125,0,0.0,30,0.0125,0,0.0,30,0.0125,0,0,0,0,0,0,0,0,0,0,0.8634747365592133,0.4738931690807602,0.5481983609066888,0.5770030255921038,0.5350767175197202,0.3059550794402421,0.4158778340616293,89
1,49,2351,0.0204166666666666,0,0.0,49,0.0204166666666666,0,0.0,49,0.0204166666666666,0,0,0,0,0,0,0,0,0,0,0.6159548829534753,0.2831656237791945,0.3309135767397194,0.3416033702374999,0.3147384932744221,0.2029229615929224,0.2457212231657036,89
2,58,2342,0.0241666666666666,0,0.0,58,0.0241666666666666,0,0.0,58,0.0241666666666666,0,0,0,0,0,0,0,0,0,0,0.6600737052604831,0.2664069656665944,0.2780356989416269,0.2891580495273265,0.2758857835412889,0.1794569030466775,0.21053149505492,89
3,59,2341,0.0245833333333333,22,0.0091666666666666,37,0.0154166666666666,0,0.0,37,0.0154166666666666,7,6,4,3,5,1,6,0,1,2,0.807945090743642,0.2822787052168853,0.2825701746508453,0.2917140762470798,0.2764696450417742,0.1815091912780137,0.2130627162905544,89
4,63,2337,0.02625,23,0.0095833333333333,40,0.0166666666666666,0,0.0,40,0.0166666666666666,7,7,4,3,5,1,7,0,1,2,0.8945186854483519,0.2792539563018509,0.2902220127128793,0.3023231454785893,0.2826442884126007,0.1955738330817165,0.2070391862941313,89
5,79,2321,0.0329166666666666,42,0.0175,37,0.0154166666666666,0,0.0,37,0.0154166666666666,7,14,9,3,14,2,8,0,4,2,0.8234556490661145,0.2390088521812018,0.2606583900909774,0.26704276017202,0.247009347506447,0.1850207213136188,0.1737149475486675,89
6,92,2308,0.0383333333333333,56,0.0233333333333333,36,0.015,0,0.0,36,0.015,7,16,16,3,16,2,13,0,4,2,0.8308988164238843,0.2338861890226462,0.2542432324992106,0.2673801546000632,0.2517640666610723,0.1827920026635456,0.1616140929694881,89
7,107,2293,0.0445833333333333,67,0.0279166666666666,40,0.0166666666666666,0,0.0,40,0.0166666666666666,7,20,20,6,18,2,15,0,4,2,0.8375411543050538,0.2270820229072438,0.2504750379419923,0.2710998471576856,0.2503679619786976,0.1769489821596045,0.1521903896202298,89
8,115,2285,0.0479166666666666,79,0.0329166666666666,36,0.015,0,0.0,36,0.015,7,28,28,7,18,2,18,0,4,2,0.911383703320838,0.2460869461388486,0.2686068556244512,0.2957132011145768,0.2646650791751806,0.1862856013415739,0.1578044044630606,89
9,122,2278,0.0508333333333333,97,0.0404166666666666,25,0.0104166666666666,0,0.0,25,0.0104166666666666,7,39,39,8,22,2,18,0,4,4,0.985674510102572,0.2618852370932034,0.2894631329121572,0.3223482155196592,0.2797892032706987,0.197415555338074,0.1652005905455293,89
10,139,2261,0.0579166666666666,116,0.0483333333333333,23,0.0095833333333333,0,0.0,23,0.0095833333333333,7,48,48,9,28,3,20,0,4,4,0.9761720703983408,0.2596186980779407,0.2926154325118415,0.3237847490193251,0.2804854619008743,0.1974564196782328,0.1611366696161041,89
11,163,2237,0.0679166666666666,138,0.0575,25,0.0104166666666666,0,0.0,25,0.0104166666666666,7,57,57,10,33,3,25,0,6,4,0.9402731951980352,0.2546153320831313,0.2837273629732166,0.3173217742670143,0.273614798400813,0.1934824928830134,0.1538618487191327,89
12,176,2224,0.0733333333333333,155,0.0645833333333333,21,0.00875,0,0.0,21,0.00875,7,66,66,12,34,3,29,0,7,4,0.9905178746329796,0.2782958478215644,0.2978429612940032,0.3389954547841588,0.2916173883026627,0.2042474970509586,0.1612880695285536,89
13,198,2202,0.0825,178,0.0741666666666666,20,0.0083333333333333,0,0.0,20,0.0083333333333333,7,79,79,14,37,4,32,0,8,4,0.9908802621534064,0.286151829772403,0.3032155093843842,0.3435829824414418,0.2927783600433686,0.2053026177922322,0.1613283613799959,89
14,229,2171,0.0954166666666666,210,0.0875,19,0.0079166666666666,0,0.0,19,0.0079166666666666,7,88,88,18,47,5,40,0,8,4,0.9632799545968354,0.2883853976656866,0.2974043954218916,0.3370383703862184,0.2875910194845694,0.2010615286731091,0.1574083997427103,89
15,246,2154,0.1025,229,0.0954166666666666,17,0.0070833333333333,0,0.0,17,0.0070833333333333,7,96,96,18,56,5,42,0,8,4,1.013168803709113,0.3126838636540568,0.3134571908242909,0.3597038306051131,0.3037284661294666,0.2107202458318665,0.1657266061851759,89
16,282,2118,0.1175,266,0.1108333333333333,16,0.0066666666666666,0,0.0,16,0.0066666666666666,7,106,106,18,65,8,54,0,8,7,0.9883008046339652,0.3124262674220148,0.3081140589946146,0.3571068658774933,0.3013633749733612,0.2059338019623314,0.1624218661930309,89
17,311,2089,0.1295833333333333,300,0.125,11,0.0045833333333333,0,0.0,11,0.0045833333333333,7,125,125,20,68,8,63,0,8,8,1.0062056783766244,0.3302436870472905,0.3159320383948694,0.3712102939540216,0.3127970002061032,0.2102968796276271,0.1664933917742326,89
18,338,2062,0.1408333333333333,333,0.13875,5,0.0020833333333333,0,0.0,5,0.0020833333333333,7,140,140,23,75,9,69,0,9,8,1.035716270410686,0.3467195503092798,0.3286166230989246,0.3882644851962571,0.3214886700431237,0.2182353721169268,0.1719968776941733,89
19,375,2025,0.15625,370,0.1541666666666666,5,0.0020833333333333,0,0.0,5,0.0020833333333333,7,152,152,26,85,10,77,0,12,8,1.0378505115473518,0.3535468992108879,0.3333166587901441,0.3951024009379711,0.3251979093500433,0.2188700490595105,0.1733250425682508,89
20,429,1971,0.17875,425,0.1770833333333333,4,0.0016666666666666,0,0.0,4,0.0016666666666666,7,174,174,28,106,13,83,0,13,8,1.0072594610494623,0.3528253577708032,0.3297659181635493,0.3889170978951455,0.3184630251103441,0.2145885334007912,0.1697143686319375,89
21,473,1927,0.1970833333333333,468,0.195,5,0.0020833333333333,0,0.0,5,0.0020833333333333,7,187,187,30,116,14,100,0,13,8,1.0189728460873555,0.3721561747046664,0.3328018090469752,0.3987171448719255,0.3253024340254151,0.2175238599914747,0.173540677268001,89
22,508,1892,0.2116666666666666,504,0.21,4,0.0016666666666666,0,0.0,4,0.0016666666666666,7,198,198,34,124,14,112,0,14,8,1.0550181041679385,0.401249770810584,0.3436327413696003,0.4188665305883955,0.3403033205876919,0.2255559227569304,0.1817509499799933,89
23,545,1855,0.2270833333333333,541,0.2254166666666666,4,0.0016666666666666,0,0.0,4,0.0016666666666666,7,210,210,35,134,15,124,0,15,8,1.0849048797587124,0.4245493490176125,0.3549913237916609,0.4371809461721916,0.3540616425160597,0.23126410372132,0.1888954510936404,89
24,583,1817,0.2429166666666666,580,0.2416666666666666,3,0.00125,0,0.0,3,0.00125,7,219,219,36,147,16,137,0,16,9,1.1117749753054544,0.4467263390962933,0.3660684840514648,0.4549801962956297,0.3650357880008606,0.2374318218689407,0.1958707701568698,89
25,633,1767,0.26375,630,0.2625,3,0.00125,0,0.0,3,0.00125,7,234,234,40,163,17,148,0,16,12,1.1162455286033302,0.4591869038291075,0.3707633426544862,0.4645177502349736,0.3688932276126422,0.2374214161636522,0.199041914586105,89
26,684,1716,0.285,682,0.2841666666666667,2,0.0008333333333333,0,0.0,2,0.0008333333333333,7,252,252,42,180,19,161,0,16,12,1.1234101729068382,0.4770859343734536,0.3766976004516772,0.4747926344488078,0.374892880967295,0.2393880495788332,0.2032755241192815,89
27,741,1659,0.30875,739,0.3079166666666666,2,0.0008333333333333,0,0.0,2,0.0008333333333333,7,269,269,44,197,23,174,0,17,15,1.1247533488532444,0.4918462904187564,0.3809963431169756,0.4826953255226565,0.3792531474280873,0.2399148235470312,0.2063236652628217,89
28,793,1607,0.3304166666666667,792,0.33,1,0.0004166666666666,0,0.0,1,0.0004166666666666,7,283,283,45,214,25,193,0,17,15,1.1377793146491126,0.5118137340230369,0.3894314819046297,0.4955018189801981,0.3886652236759078,0.2425933229959965,0.2114583269431804,89
29,842,1558,0.3508333333333333,841,0.3504166666666666,1,0.0004166666666666,0,0.0,1,0.0004166666666666,7,299,299,47,232,27,204,0,17,15,1.155380898281703,0.5354269144563439,0.3992076956485733,0.5113827108333011,0.3991090068765897,0.2461431518495513,0.2178045415204016,89
30,887,1513,0.3695833333333333,887,0.3695833333333333,0,0.0,0,0.0,0,0.0,7,308,308,51,244,28,223,0,17,16,1.176800689423853,0.5602689016629281,0.4084804538208142,0.5294652138413425,0.4110245481976357,0.2507223467193162,0.2250036753659717,89
31,945,1455,0.39375,945,0.39375,0,0.0,0,0.0,0,0.0,7,326,326,55,263,29,237,0,18,17,1.1792018256040269,0.5789573166111276,0.4146611318831232,0.5395642043805577,0.4170041780848689,0.2520306482647248,0.2291599990430835,89
32,986,1414,0.4108333333333333,986,0.4108333333333333,0,0.0,0,0.0,0,0.0,7,335,335,57,273,31,253,0,20,17,1.202835116107245,0.6103277867928644,0.4267305156219259,0.5594370451224551,0.4295158839864222,0.2577443024378623,0.2377675239875199,89
33,1028,1372,0.4283333333333333,1028,0.4283333333333333,0,0.0,0,0.0,0,0.0,7,346,346,61,289,31,263,0,21,17,1.2212121279359711,0.6417518268482373,0.4390367419182683,0.5774476194379267,0.4411854402759523,0.2627485345040677,0.2459221829230467,89
34,1058,1342,0.4408333333333333,1058,0.4408333333333333,0,0.0,0,0.0,0,0.0,7,353,353,63,295,32,274,0,23,18,1.2493774742957706,0.6793731476370417,0.4538661235569227,0.6007623692562878,0.4563582069262584,0.2698033057855938,0.2564033441009737,89
35,1083,1317,0.45125,1083,0.45125,0,0.0,0,0.0,0,0.0,7,360,360,64,300,34,284,0,23,18,1.2764047141689878,0.7185291885318468,0.4695294343383956,0.6245553957538444,0.4719968267324352,0.2777220818935565,0.2673298801198988,89
36,1114,1286,0.4641666666666666,1114,0.4641666666666666,0,0.0,0,0.0,0,0.0,7,367,367,67,311,36,292,0,23,18,1.288722602888653,0.7508782765367954,0.480961706320378,0.6424774488807476,0.4832223246238039,0.2828516868893501,0.2757504917604872,89
37,1139,1261,0.4745833333333333,1139,0.4745833333333333,0,0.0,0,0.0,0,0.0,7,370,370,68,324,37,298,0,24,18,1.3022646253453445,0.7866677436837514,0.4939608977248804,0.6620290387400904,0.4957569393668017,0.2889834182283198,0.2849683691422753,89
38,1164,1236,0.485,1164,0.485,0,0.0,0,0.0,0,0.0,7,376,376,68,335,37,306,0,24,18,1.3093463575786577,0.8187432165379825,0.5038934425181192,0.6796633501322542,0.5075015245127169,0.294010928433585,0.2929810099370968,89
39,1178,1222,0.4908333333333333,1178,0.4908333333333333,0,0.0,0,0.0,0,0.0,7,379,379,68,341,38,310,0,24,18,1.3232375941626402,0.8552117093762243,0.5185306192323846,0.7019084078332214,0.5220281528049397,0.3003653247739263,0.3026294152719798,89
40,1198,1202,0.4991666666666666,1198,0.4991666666666666,0,0.0,0,0.0,0,0.0,7,384,384,68,349,39,315,0,25,18,1.3235711100338232,0.8828910302843652,0.5283899694224523,0.71803506817576,0.5319690944946603,0.3045905317436047,0.3093655329333871,89
41,1216,1184,0.5066666666666667,1216,0.5066666666666667,0,0.0,0,0.0,0,0.0,7,386,386,68,356,39,324,0,25,18,1.3211371006277504,0.909441701359051,0.5374371957175976,0.7333123591459063,0.5417476899894166,0.3084491997412964,0.3155663736503293,89
42,1227,1173,0.51125,1227,0.51125,0,0.0,0,0.0,0,0.0,7,387,387,68,361,39,329,0,25,18,1.3210265641996437,0.9413113267867516,0.5482007058592311,0.7510172389575626,0.5527153125800942,0.3130290450380785,0.3228931652559696,89
43,1240,1160,0.5166666666666667,1240,0.5166666666666667,0,0.0,0,0.0,0,0.0,7,391,391,68,364,41,333,0,25,18,1.3140407533035536,0.9680339501375892,0.5564062875307787,0.7652627762868872,0.561059922291497,0.3157678482060784,0.3284358680020983,89
44,1246,1154,0.5191666666666667,1246,0.5191666666666667,0,0.0,0,0.0,0,0.0,7,394,394,68,366,42,333,0,25,18,1.3093725084764882,0.99719573704137,0.5660836102055525,0.7817309172856971,0.5712957709711659,0.3194061569152798,0.3346905729627695,89
45,1253,1147,0.5220833333333333,1253,0.5220833333333333,0,0.0,0,0.0,0,0.0,7,398,398,68,368,42,334,0,25,18,1.2992306205235262,1.025611571842134,0.5733713277325915,0.7950302977791817,0.5795319740574728,0.3218658572623309,0.3399406602167938,89
46,1259,1141,0.5245833333333333,1259,0.5245833333333333,0,0.0,0,0.0,0,0.0,7,399,399,68,371,42,336,0,25,18,1.2865772797712325,1.051366298305302,0.5792464289443782,0.8066639131501748,0.5863212150239234,0.3236184899456827,0.3442516460856382,89
47,1264,1136,0.5266666666666666,1264,0.5266666666666666,0,0.0,0,0.0,0,0.0,7,399,399,68,373,42,339,0,25,18,1.2711566130986631,1.0781702156722606,0.5840278613712201,0.8169205060612665,0.5922653620650848,0.3250134835325108,0.3481665252763615,89
48,1270,1130,0.5291666666666667,1270,0.5291666666666667,0,0.0,0,0.0,0,0.0,7,401,401,68,375,42,341,0,25,18,1.2514936396036176,1.1011893207470589,0.5871395818424503,0.8246678828229622,0.5963267209298662,0.3253305531401212,0.3507036611002316,89
49,1272,1128,0.53,1272,0.53,0,0.0,0,0.0,0,0.0,7,402,402,68,375,42,342,0,25,18,1.2332564597378384,1.1243705924637464,0.5907596298105934,0.8332802081957924,0.6009293392720875,0.3255937799296968,0.3532498498179615,89
50,1274,1126,0.5308333333333334,1274,0.5308333333333334,0,0.0,0,0.0,0,0.0,7,403,403,68,376,42,342,0,25,18,1.2127809086155446,1.146988582615777,0.5930267119221637,0.8400092833910446,0.603962036168746,0.3253331345344842,0.3550577545996521,89
51,1275,1125,0.53125,1275,0.53125,0,0.0,0,0.0,0,0.0,7,403,403,68,376,43,342,0,25,18,1.1922451229149391,1.1676871441782346,0.5944920742446322,0.8457313453260539,0.6063577423199126,0.3244139064617722,0.3561648596801121,89
52,1276,1124,0.5316666666666666,1276,0.5316666666666666,0,0.0,0,0.0,0,0.0,7,404,404,68,376,43,342,0,25,18,1.1705540556744305,1.1874835407088742,0.5947993803655576,0.8499279417553397,0.6076980398332286,0.3229427606394767,0.3566174066815403,89
53,1274,1126,0.5308333333333334,1274,0.5308333333333334,0,0.0,0,0.0,0,0.0,7,404,404,68,376,43,342,0,25,16,1.1492234741416778,1.2064762101545954,0.5935448043010298,0.854144292545485,0.6075357309269591,0.3199291480257558,0.3566135380762685,89
54,1274,1126,0.5308333333333334,1274,0.5308333333333334,0,0.0,0,0.0,0,0.0,7,404,404,68,376,43,342,0,25,16,1.126369286597856,1.2240654640112376,0.5920459411015484,0.855997160029368,0.6071208063054048,0.317480619500829,0.3556197679063251,89
55,1273,1127,0.5304166666666666,1273,0.5304166666666666,0,0.0,0,0.0,0,0.0,7,403,403,68,377,43,342,0,24,16,1.1036324676658205,1.2385341022238432,0.5893572688236621,0.8572020486282591,0.6054252588455261,0.3147664368767859,0.353803359882103,89
56,1273,1127,0.5304166666666666,1273,0.5304166666666666,0,0.0,0,0.0,0,0.0,7,403,403,68,376,43,343,0,24,16,1.0812198682669527,1.2581349079922075,0.5864277212813056,0.8563044479615213,0.6029640323971255,0.3116483437190671,0.3518533759033999,89
57,1267,1133,0.5279166666666667,1267,0.5279166666666667,0,0.0,0,0.0,0,0.0,7,401,401,68,374,42,343,0,23,16,1.0597480218242987,1.278692933685004,0.5828735030894965,0.8551004889429167,0.5992595904028518,0.3080482817494875,0.3498904099196732,89
58,1251,1149,0.52125,1251,0.52125,0,0.0,0,0.0,0,0.0,7,401,401,67,368,42,339,0,20,14,1.0393194752797932,1.2957364348238405,0.576404479016947,0.853685595862468,0.5929655278542504,0.3035326405501046,0.3475614843007912,89
59,1235,1165,0.5145833333333333,1235,0.5145833333333333,0,0.0,0,0.0,0,0.0,7,400,400,65,361,40,337,0,19,13,1.0187509393222134,1.3152524176834863,0.5717331341981301,0.8494098368782185,0.5855838492170343,0.2968341902227984,0.3445594191344926,89
60,1206,1194,0.5025,1206,0.5025,0,0.0,0,0.0,0,0.0,7,394,394,63,352,38,332,0,16,11,1.0002119315182718,1.333903290729624,0.5663853043902795,0.848232136693732,0.5777793305525604,0.2904605826952149,0.3419342710223511,89
61,1164,1236,0.485,1164,0.485,0,0.0,0,0.0,0,0.0,7,386,386,59,335,37,321,0,15,11,0.9834886695728444,1.3460297608911216,0.5633569005322357,0.8432999663470856,0.5713464902439586,0.2862112473066286,0.3392774157256449,89
62,1113,1287,0.46375,1113,0.46375,0,0.0,0,0.0,0,0.0,7,379,379,56,316,35,306,0,12,9,0.9676781710745446,1.3589719326571152,0.5551283515017041,0.8359995750738478,0.5607758919550897,0.2805982288252384,0.3366214918673735,89
63,1064,1336,0.4433333333333333,1064,0.4433333333333333,0,0.0,0,0.0,0,0.0,7,364,364,53,298,32,298,0,12,7,0.9520267025164096,1.3683594524671578,0.554634085736212,0.8329824630633507,0.5512220732320017,0.2734546629004408,0.332704935960052,89
64,1021,1379,0.4254166666666666,1021,0.4254166666666666,0,0.0,0,0.0,0,0.0,7,354,354,51,282,31,286,0,12,5,0.9369453288513344,1.3883360492449248,0.548354810564035,0.825656502448367,0.5422610329737133,0.2679531727795633,0.3290158511236142,89
65,956,1444,0.3983333333333333,956,0.3983333333333333,0,0.0,0,0.0,0,0.0,7,338,338,49,258,23,272,0,12,4,0.9245111124213352,1.3958581004446369,0.5489170050090357,0.8154518588214649,0.5272068540712913,0.2593352330339457,0.3254576552182794,89
66,899,1501,0.3745833333333333,899,0.3745833333333333,0,0.0,0,0.0,0,0.0,7,327,327,47,240,19,251,0,12,3,0.9123090109818316,1.410741459527532,0.5389665065890428,0.800995179364476,0.5174539656173498,0.2527112043788321,0.3215400893770111,89
67,825,1575,0.34375,825,0.34375,0,0.0,0,0.0,0,0.0,7,302,302,43,216,15,235,0,11,3,0.9001728215873741,1.4094895419762956,0.5405987601390044,0.7954585837053515,0.5064517641897137,0.2467209505056237,0.3170396877290539,89
68,744,1656,0.31,744,0.31,0,0.0,0,0.0,0,0.0,7,276,276,38,191,15,214,0,9,1,0.8880197082909065,1.4058005859256295,0.5352062142831951,0.7913822155159166,0.4961255208082879,0.2416305965946548,0.3127973778209473,89
69,675,1725,0.28125,675,0.28125,0,0.0,0,0.0,0,0.0,6,259,259,30,169,15,195,0,7,0,0.8757195282500165,1.4017270380602178,0.5287153962867,0.7843586982732229,0.4848710873705162,0.2322525849763529,0.3077955922909501,89
70,613,1787,0.2554166666666667,613,0.2554166666666667,0,0.0,0,0.0,0,0.0,6,237,237,27,153,13,177,0,6,0,0.8645901697728711,1.3970641532064298,0.5232437058320311,0.7782984318874544,0.478395997497646,0.2272258562563608,0.302371994802104,89
71,548,1852,0.2283333333333333,548,0.2283333333333333,0,0.0,0,0.0,0,0.0,6,213,213,24,137,11,158,0,5,0,0.8531499441596244,1.387567351435724,0.5175695353710585,0.7729201338499296,0.4728017845407172,0.2222927397474735,0.2971579688707138,89
72,492,1908,0.205,492,0.205,0,0.0,0,0.0,0,0.0,6,200,200,21,114,11,141,0,5,0,0.845439452388648,1.3823278083077437,0.5138286016681259,0.7529777806214498,0.4554244679375799,0.2208402741569568,0.2924820941640971,89
73,432,1968,0.18,432,0.18,0,0.0,0,0.0,0,0.0,6,181,181,16,99,10,122,0,4,0,0.837638671002692,1.3656584843670632,0.5063759036678444,0.7451244687065416,0.4506518543891009,0.2140595849850919,0.2872912102596899,89
74,390,2010,0.1625,390,0.1625,0,0.0,0,0.0,0,0.0,6,160,160,14,89,9,114,0,4,0,0.8289759806282152,1.368789888964057,0.5136781234334077,0.7506207299350636,0.4474877784678053,0.2102387731711873,0.282232024454164,89
75,335,2065,0.1395833333333333,335,0.1395833333333333,0,0.0,0,0.0,0,0.0,6,142,142,13,75,8,94,0,3,0,0.8220784399351475,1.3661899172792145,0.4970502741675717,0.7319821359968295,0.4391278479266367,0.2108392313944544,0.2776825380575784,89
76,294,2106,0.1225,294,0.1225,0,0.0,0,0.0,0,0.0,6,131,131,12,63,6,79,0,3,0,0.815915067183482,1.3708551285385246,0.4822260670269274,0.7031856986360431,0.4236677527214803,0.2062768737707589,0.273055648992411,89
77,240,2160,0.1,240,0.1,0,0.0,0,0.0,0,0.0,6,112,112,9,49,5,63,0,2,0,0.8103676136101521,1.3496689228898135,0.4709391684745427,0.6843554182045618,0.4092227342445363,0.2008938305908166,0.2686311170984889,89
78,204,2196,0.085,204,0.085,0,0.0,0,0.0,0,0.0,6,97,97,9,37,5,55,0,1,0,0.8034556174690035,1.342456003206585,0.4710066070494955,0.669085929500662,0.3839108377399508,0.2085079087540079,0.2637443462021362,89
79,171,2229,0.07125,171,0.07125,0,0.0,0,0.0,0,0.0,5,83,83,9,31,4,44,0,0,0,0.7989628488181892,1.343697838840551,0.4525008400410351,0.6542267847973886,0.3761455242028101,0.2144451834372125,0.2607297947309703,89
80,139,2261,0.0579166666666666,139,0.0579166666666666,0,0.0,0,0.0,0,0.0,5,72,72,7,24,2,34,0,0,0,0.7950354000300665,1.3372991148298594,0.4369498007615274,0.621322900453699,0.3560677005320052,0.201130678038351,0.2560928402482133,89
81,113,2287,0.0470833333333333,113,0.0470833333333333,0,0.0,0,0.0,0,0.0,5,63,63,4,19,2,25,0,0,0,0.7901824943274791,1.3386277323285476,0.41069322402928,0.5939116424058369,0.3520541617678912,0.1873657033614456,0.2511277818824278,89
82,93,2307,0.03875,93,0.03875,0,0.0,0,0.0,0,0.0,5,55,55,3,14,2,19,0,0,0,0.7863574247501363,1.360398162873634,0.3893838679989666,0.5590338566084588,0.3344489965544011,0.1847886886111225,0.2474215466587138,89
83,68,2332,0.0283333333333333,68,0.0283333333333333,0,0.0,0,0.0,0,0.0,4,40,40,3,11,0,14,0,0,0,0.7804533165673324,1.3473431065117565,0.3881335714877605,0.5476518598625277,0.3218976367445321,0.1732972101531655,0.244454177374562,89
84,51,2349,0.02125,51,0.02125,0,0.0,0,0.0,0,0.0,4,34,34,1,8,0,8,0,0,0,0.7783084339060118,1.329335455652887,0.3384076594908513,0.4930633049286242,0.3159459206048226,0.1481859320695799,0.2431682116881758,89
85,36,2364,0.015,36,0.015,0,0.0,0,0.0,0,0.0,4,30,30,1,3,0,2,0,0,0,0.7837559371641626,1.2912414017122489,0.2415655703381062,0.3237481778062476,0.2457808191319628,0.1582167654841394,0.2459200314243414,89
86,30,2370,0.0125,30,0.0125,0,0.0,0,0.0,0,0.0,4,26,26,1,2,0,1,0,0,0,0.7793170117796826,1.271933540334794,0.2171437489130654,0.2828397366339691,0.2271312004464324,0.1619672298219295,0.2407193529342113,89
87,24,2376,0.01,24,0.01,0,0.0,0,0.0,0,0.0,4,20,20,1,2,0,1,0,0,0,0.7760132010410782,1.2233197097402233,0.2282436179948617,0.3104421500152199,0.2461254880102979,0.172195536999957,0.2390553277682116,89
88,20,2380,0.0083333333333333,20,0.0083333333333333,0,0.0,0,0.0,0,0.0,3,18,18,1,0,0,1,0,0,0,0.7752761291412992,1.219968041159797,0.2340870918937019,0.2339320580920481,0.1616965428741103,0.178763900245129,0.2377569137924892,89
89,18,2382,0.0075,18,0.0075,0,0.0,0,0.0,0,0.0,3,16,16,1,0,0,1,0,0,0,0.7722984124223687,1.174604379979303,0.2457997589178112,0.245650587268544,0.1671377192189075,0.1886131141125461,0.2311405549185368,89
90,15,2385,0.00625,15,0.00625,0,0.0,0,0.0,0,0.0,2,14,14,1,0,0,0,0,0,0,0.7749324294655472,1.1445349404009968,0.1968473998846119,0.196816926252433,0.1722578024098965,0.2037752375976024,0.2305936125794638,89
91,12,2388,0.005,12,0.005,0,0.0,0,0.0,0,0.0,1,12,12,0,0,0,0,0,0,0,0.7696510479046981,1.1584615673884973,0.1920657196242163,0.192037195546268,0.1680732401425299,0.1344626282442459,0.2291564779773887,89
92,11,2389,0.0045833333333333,11,0.0045833333333333,0,0.0,0,0.0,0,0.0,1,11,11,0,0,0,0,0,0,0,0.7671890687249565,1.1790303723268734,0.192161021409125,0.192133302891024,0.1681616959968002,0.1345240896371485,0.2238049653386107,89
93,10,2390,0.0041666666666666,10,0.0041666666666666,0,0.0,0,0.0,0,0.0,1,10,10,0,0,0,0,0,0,0,0.7660742517652506,1.230323159030689,0.1894757703375348,0.1894508398617887,0.165814086439929,0.1326448922247572,0.2215195870657765,89
94,7,2393,0.0029166666666666,7,0.0029166666666666,0,0.0,0,0.0,0,0.0,1,7,7,0,0,0,0,0,0,0,0.7627444740184401,1.1173365329284368,0.1963797770894684,0.1963494451090042,0.1718500721922587,0.1374766006605798,0.2156213510546643,89
95,4,2396,0.0016666666666666,4,0.0016666666666666,0,0.0,0,0.0,0,0.0,1,4,4,0,0,0,0,0,0,0,0.7581214985866995,1.0902708754261985,0.1881221920036893,0.1880789506545435,0.1646161770435072,0.1316996915159747,0.2157873854007174,89
96,4,2396,0.0016666666666666,4,0.0016666666666666,0,0.0,0,0.0,0,0.0,1,4,4,0,0,0,0,0,0,0,0.7570170026066367,1.1402437878835787,0.1885876742964871,0.1885487570822558,0.1650225481456773,0.132024113409594,0.2099530379058623,89
97,3,2397,0.00125,3,0.00125,0,0.0,0,0.0,0,0.0,1,3,3,0,0,0,0,0,0,0,0.7565340223034674,1.0847484115485622,0.1984899631486872,0.1984462050971809,0.1736667948770265,0.1389437770898493,0.2086185813627558,89
98,2,2398,0.0008333333333333,2,0.0008333333333333,0,0.0,0,0.0,0,0.0,1,2,2,0,0,0,0,0,0,0,0.7554287191194928,1.0346657533687575,0.2006184001139901,0.2006087027980284,0.1755390026396487,0.1404383676883355,0.2044981120780612,89
99,1,2399,0.0004166666666666,1,0.0004166666666666,0,0.0,0,0.0,0,0.0,1,1,1,0,0,0,0,0,0,0,0.7493014867515961,0.9304223756044928,0.1771607660941238,0.1771493102989612,0.1550080188197902,0.1240187918603392,0.209582178933811,89
100,1,2399,0.0004166666666666,1,0.0004166666666666,0,0.0,0,0.0,0,0.0,1,1,1,0,0,0,0,0,0,0,0.7480016612101259,0.8733801380440437,0.1832662948427703,0.1832559846271239,0.1603511216261126,0.1282920364249465,0.2052990847910711,89
101,1,2399,0.0004166666666666,1,0.0004166666666666,0,0.0,0,0.0,0,0.0,1,1,1,0,0,0,0,0,0,0,0.746836001727253,0.8220421242396394,0.1896517839719246,0.1896425047778429,0.1659391132502538,0.1327613158118539,0.2020676593413659,89
102,1,2399,0.0004166666666666,1,0.0004166666666666,0,0.0,0,0.0,0,0.0,1,1,1,0,0,0,0,0,0,0,0.7459784070930122,0.9198379118156754,0.1936137012863288,0.1936053500116552,0.1694064106728754,0.1355341512287861,0.1979098604053469,89
103,1,2399,0.0004166666666666,1,0.0004166666666666,0,0.0,0,0.0,0,0.0,1,1,1,0,0,0,0,0,0,0,0.7454047470123588,1.0078541206341078,0.1955786137002379,0.1955710975530316,0.1711262668303121,0.1369091338856869,0.1930472721445916,89
104,1,2399,0.0004166666666666,1,0.0004166666666666,0,0.0,0,0.0,0,0.0,1,1,1,0,0,0,0,0,0,0,0.7444174190660935,1.087068708570697,0.195892737245045,0.1958859727125594,0.1714016269477579,0.1371286099374999,0.1876529343705141,89
105,1,2399,0.0004166666666666,1,0.0004166666666666,0,0.0,0,0.0,0,0.0,1,1,1,0,0,0,0,0,0,0,0.7436407812457189,1.158361837713627,0.1948698049415719,0.1948637168623349,0.1705070129963846,0.1364121879384719,0.1818840799281847,89
106,0,2400,0.0,0,0.0,0,0.0,0,0.0,0,0.0,0,0,0,0,0,0,0,0,0,0,0.0,0.0,0.0,0.0,0.0,0.0,0.0,89
107,0,2400,0.0,0,0.0,0,0.0,0,0.0,0,0.0,0,0,0,0,0,0,0,0,0,0,0.0,0.0,0.0,0.0,0.0,0.0,0.0,89
108,0,2400,0.0,0,0.0,0,0.0,0,0.0,0,0.0,0,0,0,0,0,0,0,0,0,0,0.0,0.0,0.0,0.0,0.0,0.0,0.0,89
109,0,2400,0.0,0,0.0,0,0.0,0,0.0,0,0.0,0,0,0,0,0,0,0,0,0,0,0.0,0.0,0.0,0.0,0.0,0.0,0.0,89
110,0,2400,0.0,0,0.0,0,0.0,0,0.0,0,0.0,0,0,0,0,0,0,0,0,0,0,0.0,0.0,0.0,0.0,0.0,0.0,0.0,89
111,0,2400,0.0,0,0.0,0,0.0,0,0.0,0,0.0,0,0,0,0,0,0,0,0,0,0,0.0,0.0,0.0,0.0,0.0,0.0,0.0,89
112,0,2400,0.0,0,0.0,0,0.0,0,0.0,0,0.0,0,0,0,0,0,0,0,0,0,0,0.0,0.0,0.0,0.0,0.0,0.0,0.0,89
113,0,2400,0.0,0,0.0,0,0.0,0,0.0,0,0.0,0,0,0,0,0,0,0,0,0,0,0.0,0.0,0.0,0.0,0.0,0.0,0.0,89
114,0,2400,0.0,0,0.0,0,0.0,0,0.0,0,0.0,0,0,0,0,0,0,0,0,0,0,0.0,0.0,0.0,0.0,0.0,0.0,0.0,89
115,0,2400,0.0,0,0.0,0,0.0,0,0.0,0,0.0,0,0,0,0,0,0,0,0,0,0,0.0,0.0,0.0,0.0,0.0,0.0,0.0,89
116,0,2400,0.0,0,0.0,0,0.0,0,0.0,0,0.0,0,0,0,0,0,0,0,0,0,0,0.0,0.0,0.0,0.0,0.0,0.0,0.0,89
117,0,2400,0.0,0,0.0,0,0.0,0,0.0,0,0.0,0,0,0,0,0,0,0,0,0,0,0.0,0.0,0.0,0.0,0.0,0.0,0.0,89
118,0,2400,0.0,0,0.0,0,0.0,0,0.0,0,0.0,0,0,0,0,0,0,0,0,0,0,0.0,0.0,0.0,0.0,0.0,0.0,0.0,89
119,0,2400,0.0,0,0.0,0,0.0,0,0.0,0,0.0,0,0,0,0,0,0,0,0,0,0,0.0,0.0,0.0,0.0,0.0,0.0,0.0,89
0,30,2370,0.0125,0,0.0,30,0.0125,0,0.0,30,0.0125,0,0,0,0,0,0,0,0,0,0,0.9597495195152252,0.5107681206123177,0.5532526332370057,0.4916362877077712,0.6059755031916123,0.3632059315405769,0.4078426030072908,90
1,47,2353,0.0195833333333333,0,0.0,47,0.0195833333333333,0,0.0,47,0.0195833333333333,0,0,0,0,0,0,0,0,0,0,0.697374820253017,0.3163987075857994,0.3404531194087149,0.3083079365571644,0.369973684814265,0.23785217560605,0.2524075650266103,90
2,56,2344,0.0233333333333333,0,0.0,56,0.0233333333333333,0,0.0,56,0.0233333333333333,0,0,0,0,0,0,0,0,0,0,0.7172619208351876,0.2874225951942734,0.2919188151384011,0.2634732815417002,0.3068821183652258,0.2112654278551662,0.2148034756357612,90
3,60,2340,0.025,24,0.01,36,0.015,0,0.0,36,0.015,7,7,6,2,7,1,4,0,2,2,0.8148966900622858,0.2880349799631896,0.2824285815429108,0.2564019515294847,0.2940198331446169,0.2035499181436818,0.2069439960581589,90
4,63,2337,0.02625,25,0.0104166666666666,38,0.0158333333333333,0,0.0,38,0.0158333333333333,7,8,6,2,8,1,4,0,2,2,0.9156679079749278,0.2887918875874961,0.291731435755099,0.2769460830840898,0.3054288214612422,0.2095220593755569,0.2053445124338797,90
5,74,2326,0.0308333333333333,42,0.0175,32,0.0133333333333333,0,0.0,32,0.0133333333333333,7,14,14,4,11,2,7,0,2,2,0.8952650844119115,0.2600337841379866,0.2786266320824775,0.2660198224093885,0.28344241219703,0.2004899021661276,0.1840536570026998,90
6,90,2310,0.0375,55,0.0229166666666666,35,0.0145833333333333,0,0.0,35,0.0145833333333333,7,17,17,6,14,2,11,0,3,2,0.8489745397450258,0.2366916669287768,0.257357638411712,0.2538446853228863,0.2593006730148159,0.1864170513176945,0.162892717899955,90
7,102,2298,0.0425,64,0.0266666666666666,38,0.0158333333333333,0,0.0,38,0.0158333333333333,7,20,20,6,16,2,12,0,6,2,0.8738148663973908,0.2403139707963816,0.2615367653533968,0.2645109961990255,0.2611256161877693,0.1852362431981704,0.1581500158892071,90
8,113,2287,0.0470833333333333,74,0.0308333333333333,39,0.01625,0,0.0,39,0.01625,7,24,24,6,18,2,14,0,8,2,0.9134671292838368,0.2516178983991843,0.2683695138513265,0.2791956289492737,0.2651358601095138,0.1916447563014824,0.1586820273696227,90
9,120,2280,0.05,84,0.035,36,0.015,0,0.0,36,0.015,7,29,29,6,20,3,15,0,8,3,0.9862868537759958,0.2706461688933089,0.2893993392594651,0.3051517258831785,0.2848561485620093,0.2016984936164395,0.1663464194398237,90
10,133,2267,0.0554166666666666,104,0.0433333333333333,29,0.0120833333333333,0,0.0,29,0.0120833333333333,7,40,40,6,24,4,18,0,8,4,1.0037703658181756,0.2734570394020852,0.3014975849505432,0.3163050545284558,0.2953861385772997,0.2061272822459962,0.1664176195438489,90
11,150,2250,0.0625,127,0.0529166666666666,23,0.0095833333333333,0,0.0,23,0.0095833333333333,7,52,52,8,30,4,21,0,8,4,0.9998785959684968,0.2733387174428641,0.3029571829859259,0.3226078401636288,0.2992240563632948,0.2061229288771014,0.1641667450509362,90
12,175,2225,0.0729166666666666,159,0.06625,16,0.0066666666666666,0,0.0,16,0.0066666666666666,7,69,69,10,34,4,29,0,9,4,0.9632690253970082,0.2664041534559237,0.2943323073644118,0.3183586355811695,0.2942785406486592,0.1976973520174793,0.1572085859720384,90
13,201,2199,0.08375,185,0.0770833333333333,16,0.0066666666666666,0,0.0,16,0.0066666666666666,7,81,81,11,38,5,35,0,11,4,0.9491397736987536,0.2705405680065072,0.2920706304382892,0.3205972619451442,0.2897483912914144,0.1955273936816062,0.1544489924052434,90
14,230,2170,0.0958333333333333,211,0.0879166666666666,19,0.0079166666666666,0,0.0,19,0.0079166666666666,7,91,91,12,42,7,40,0,15,4,0.940826403487948,0.2763338641407701,0.2898544582995213,0.3235828547175565,0.2882555083483643,0.1929765709752416,0.1527870915457455,90
15,250,2150,0.1041666666666666,234,0.0975,16,0.0066666666666666,0,0.0,16,0.0066666666666666,7,99,99,12,51,8,44,0,16,4,0.9830010008039728,0.298644439508558,0.3076115123568248,0.342665432618137,0.3031213521082899,0.2012287877936757,0.1596620920382776,90
16,264,2136,0.11,247,0.1029166666666666,17,0.0070833333333333,0,0.0,17,0.0070833333333333,7,104,104,12,56,8,46,0,16,5,1.0472760033418265,0.3261174200357029,0.3310389662054148,0.372006292680605,0.3247951648953202,0.2118180557120904,0.1706364695402715,90
17,288,2112,0.12,276,0.115,12,0.005,0,0.0,12,0.005,7,114,114,13,62,8,56,0,16,7,1.0661395687540751,0.3355885381961214,0.3379467760105684,0.3858819173540864,0.3359697138794896,0.2158665979298011,0.1746212954955351,90
18,329,2071,0.1370833333333333,322,0.1341666666666666,7,0.0029166666666666,0,0.0,7,0.0029166666666666,7,132,132,15,73,10,69,0,16,7,1.031932730806439,0.3334727936183424,0.3342942347910568,0.3814028453048892,0.3311589913543909,0.2112947770855254,0.1708410333782166,90
19,371,2029,0.1545833333333333,365,0.1520833333333333,6,0.0025,0,0.0,6,0.0025,7,155,155,16,84,14,73,0,16,7,1.017075847285455,0.3420627875751783,0.3350180752497553,0.3840602135105831,0.3306894386358032,0.2095762765699253,0.1703167107429754,90
20,407,1993,0.1695833333333333,401,0.1670833333333333,6,0.0025,0,0.0,6,0.0025,7,171,171,19,89,14,84,0,17,7,1.0324412613515448,0.3582574073006193,0.3406866231507139,0.3963684889787655,0.3377643498511741,0.2137275477798914,0.1742344926862438,90
21,450,1950,0.1875,445,0.1854166666666666,5,0.0020833333333333,0,0.0,5,0.0020833333333333,7,185,185,21,97,16,93,0,25,8,1.0357749505282143,0.3731148628760374,0.342911364792643,0.4031782010721588,0.3415212930123366,0.2149570792146062,0.1767428527770134,90
22,489,1911,0.20375,486,0.2025,3,0.00125,0,0.0,3,0.00125,8,205,205,23,107,16,99,1,27,8,1.055593039078969,0.3936840888850618,0.3528614041289473,0.4155053005558585,0.3501547643196523,0.2177100336089472,0.1820276068527684,90
23,531,1869,0.22125,527,0.2195833333333333,4,0.0016666666666666,0,0.0,4,0.0016666666666666,8,213,213,24,120,17,113,1,31,8,1.0719747362255547,0.4140195245166015,0.3585632861683686,0.4259494904057514,0.3573565280136535,0.220490846624719,0.1870511439123876,90
24,571,1829,0.2379166666666666,567,0.23625,4,0.0016666666666666,0,0.0,4,0.0016666666666666,8,225,225,24,133,20,124,2,31,8,1.0944132401881206,0.438416691359867,0.3702930716550359,0.4403846262055297,0.3667372281199723,0.2247179857689157,0.1935731939485887,90
25,606,1794,0.2525,602,0.2508333333333333,4,0.0016666666666666,0,0.0,4,0.0016666666666666,8,234,234,26,146,24,130,2,32,8,1.1262935788113029,0.4651127684650753,0.3832696552972615,0.4600597127077271,0.3802572909700103,0.231196955471066,0.2017827275839645,90
26,647,1753,0.2695833333333333,644,0.2683333333333333,3,0.00125,0,0.0,3,0.00125,8,244,244,30,158,26,144,2,32,8,1.144605055069282,0.4852372549008535,0.3923108983554861,0.4751153122014808,0.3898796064121876,0.2360472633156226,0.2077756219517602,90
27,683,1717,0.2845833333333333,681,0.28375,2,0.0008333333333333,0,0.0,2,0.0008333333333333,8,255,255,30,166,28,159,2,32,9,1.1712058555270195,0.5106964180509024,0.4049219561451028,0.4944878948637823,0.4020261292541857,0.2433015947585656,0.2156890992539362,90
28,734,1666,0.3058333333333333,732,0.305,2,0.0008333333333333,0,0.0,2,0.0008333333333333,8,274,274,31,179,31,172,2,33,10,1.170925078491895,0.5233148340270981,0.40964193355818,0.5030505351564813,0.4070945001364954,0.2459108114677608,0.2186876811905416,90
29,785,1615,0.3270833333333333,783,0.32625,2,0.0008333333333333,0,0.0,2,0.0008333333333333,8,288,288,34,193,32,187,2,37,10,1.1736698192323676,0.5393958972717217,0.415856460155688,0.5126826073492062,0.4122976365542984,0.2465852913449294,0.2224806961347782,90
30,818,1582,0.3408333333333333,817,0.3404166666666666,1,0.0004166666666666,0,0.0,1,0.0004166666666666,8,300,300,37,200,34,195,2,39,10,1.2045475040561522,0.5709819088294269,0.4306556080455704,0.5345920982715967,0.4269302403509035,0.2534721359175533,0.2319201269254121,90
31,868,1532,0.3616666666666667,867,0.36125,1,0.0004166666666666,0,0.0,1,0.0004166666666666,8,314,314,37,215,38,210,2,41,10,1.2065767136545298,0.5878858079265246,0.4354545362305926,0.5437062928607455,0.4328301320178226,0.2551627122538354,0.2359476371675031,90
32,899,1501,0.3745833333333333,898,0.3741666666666666,1,0.0004166666666666,0,0.0,1,0.0004166666666666,8,323,323,37,221,40,222,2,43,10,1.234709218058352,0.619226243773306,0.4505728695638942,0.5654617799918439,0.4479454796458831,0.262123189335474,0.2453276341670191,90
33,941,1459,0.3920833333333333,940,0.3916666666666666,1,0.0004166666666666,0,0.0,1,0.0004166666666666,8,334,334,37,233,42,234,3,47,10,1.2429628184086212,0.639638633195518,0.4590237359052218,0.5787069221800885,0.4555198637933627,0.2652938712908179,0.2508987780133679,90
34,976,1424,0.4066666666666667,975,0.40625,1,0.0004166666666666,0,0.0,1,0.0004166666666666,8,345,345,38,240,44,244,4,50,10,1.258136979567923,0.6648011869398405,0.4709814698104668,0.595715559296554,0.4664287050954572,0.2699403137840942,0.2581061685808453,90
35,1013,1387,0.4220833333333333,1012,0.4216666666666667,1,0.0004166666666666,0,0.0,1,0.0004166666666666,8,353,353,39,249,45,260,4,51,11,1.2668626708655804,0.6915867350522753,0.4811422816261758,0.6099329842685581,0.4753699782444747,0.2735691923645106,0.2648418109832032,90
36,1034,1366,0.4308333333333333,1033,0.4304166666666666,1,0.0004166666666666,0,0.0,1,0.0004166666666666,8,362,362,40,253,45,264,4,54,11,1.2915498947718551,0.7284986715156273,0.4979722262921496,0.6329346296999859,0.4905821153038252,0.2807219915800798,0.2752358151062715,90
37,1070,1330,0.4458333333333333,1069,0.4454166666666667,1,0.0004166666666666,0,0.0,1,0.0004166666666666,8,375,375,41,261,45,277,4,55,11,1.2909472417899368,0.7504157604789187,0.5065404176930522,0.643910083228957,0.4972207758022867,0.2834625495549079,0.2804299302777744,90
38,1094,1306,0.4558333333333333,1093,0.4554166666666667,1,0.0004166666666666,0,0.0,1,0.0004166666666666,8,387,387,41,265,46,284,4,55,11,1.3016176420401666,0.7812709116464353,0.5187609765255952,0.6609542511230624,0.5080227797396031,0.2885047270384662,0.2883957049935095,90
39,1119,1281,0.46625,1118,0.4658333333333333,1,0.0004166666666666,0,0.0,1,0.0004166666666666,8,393,393,42,273,46,293,4,56,11,1.3061369209145486,0.8109413222583374,0.529124616479723,0.6751811539951184,0.5162953909664476,0.2926972832146399,0.2954363003592034,90
40,1141,1259,0.4754166666666666,1140,0.475,1,0.0004166666666666,0,0.0,1,0.0004166666666666,8,398,398,42,283,47,299,4,56,11,1.3096642113238888,0.8419482959214467,0.5391654604520857,0.6896105344455051,0.5246395404231918,0.2965374274775013,0.302547391605118,90
41,1152,1248,0.48,1151,0.4795833333333333,1,0.0004166666666666,0,0.0,1,0.0004166666666666,8,403,403,42,286,47,300,4,58,11,1.3209820165893775,0.8781533898278951,0.5527038741492534,0.7091872240314359,0.5374012892121581,0.3014357892686544,0.3115354630406103,90
42,1163,1237,0.4845833333333333,1162,0.4841666666666667,1,0.0004166666666666,0,0.0,1,0.0004166666666666,8,409,409,42,288,47,303,4,58,11,1.3260735709894829,0.91159194718277,0.5642221145038222,0.7260680022954584,0.5481625158048863,0.3058977472009107,0.3194188383802093,90
43,1178,1222,0.4908333333333333,1177,0.4904166666666666,1,0.0004166666666666,0,0.0,1,0.0004166666666666,8,414,414,42,291,47,309,4,59,11,1.3218387686981534,0.9373100943261492,0.5719965841885473,0.7380627211926362,0.5555012243312902,0.3083302036825616,0.3248615054551386,90
44,1195,1205,0.4979166666666667,1194,0.4975,1,0.0004166666666666,0,0.0,1,0.0004166666666666,8,420,420,44,294,48,314,4,59,11,1.3113833050516963,0.9594009723887742,0.5775391623956427,0.7469815480493806,0.5608057220341273,0.3089454109118414,0.3288360377581097,90
45,1201,1199,0.5004166666666666,1200,0.5,1,0.0004166666666666,0,0.0,1,0.0004166666666666,8,421,421,44,296,49,316,4,59,11,1.3098166274543042,0.989838256289865,0.5870902507391603,0.7611451431026857,0.5692738684497674,0.3121464098283431,0.335175538689675,90
46,1210,1190,0.5041666666666667,1210,0.5041666666666667,0,0.0,0,0.0,0,0.0,8,422,422,45,299,49,320,4,59,12,1.3000920109167913,1.0156133646476964,0.5934384144172167,0.7713721756149544,0.5752099375112177,0.314213875068263,0.3396815891650835,90
47,1222,1178,0.5091666666666667,1222,0.5091666666666667,0,0.0,0,0.0,0,0.0,8,426,426,47,303,49,322,4,59,12,1.2839533295855072,1.036319929706498,0.5973115009071285,0.7780068297634718,0.5786581755659967,0.3141803572384317,0.3423540779944096,90
48,1227,1173,0.51125,1227,0.51125,0,0.0,0,0.0,0,0.0,8,430,430,47,304,49,322,4,59,12,1.2727582361847374,1.0617087682894926,0.6027083073730235,0.7875283072244696,0.5842174663203822,0.3154435378319435,0.3462382559834099,90
49,1230,1170,0.5125,1230,0.5125,0,0.0,0,0.0,0,0.0,8,431,431,47,305,49,323,4,59,12,1.260473449356537,1.0870414575789316,0.6079761220635245,0.7963889620058465,0.5890380316024355,0.3164746666094908,0.3498088175625412,90
50,1231,1169,0.5129166666666667,1231,0.5129166666666667,0,0.0,0,0.0,0,0.0,8,432,432,47,305,49,323,4,59,12,1.247134534430225,1.112739962258227,0.6127383931349898,0.8048090171234786,0.5935696438629047,0.3173729676759967,0.3531325625009782,90
51,1239,1161,0.51625,1239,0.51625,0,0.0,0,0.0,0,0.0,8,435,435,47,307,49,326,4,59,12,1.2243087678817162,1.1281715933703724,0.6126500140580868,0.8069020837948601,0.5935558815361497,0.3160589944154338,0.353259004213353,90
52,1241,1159,0.5170833333333333,1241,0.5170833333333333,0,0.0,0,0.0,0,0.0,8,435,435,47,309,49,326,4,59,12,1.2059095124765098,1.1502918160896891,0.6144276561789903,0.8117626637835282,0.5952922136770936,0.3154168156577936,0.3547211781460972,90
53,1241,1159,0.5170833333333333,1241,0.5170833333333333,0,0.0,0,0.0,0,0.0,8,435,435,47,309,49,326,4,59,12,1.1873476579720827,1.1713802222702248,0.61588588858127,0.8156499110584626,0.5961972574919501,0.3144183108081818,0.3556736881111445,90
54,1239,1161,0.51625,1239,0.51625,0,0.0,0,0.0,0,0.0,8,435,435,47,309,49,325,4,59,11,1.1685682277377651,1.1932668979530754,0.6155173222870123,0.8192648175640633,0.5970274090310582,0.3124766793502891,0.3563502837411855,90
55,1237,1163,0.5154166666666666,1237,0.5154166666666666,0,0.0,0,0.0,0,0.0,8,435,435,47,309,48,325,4,59,10,1.148933750974357,1.2132980783054648,0.6148855032752654,0.8216066637801192,0.5961928339270852,0.309264862329726,0.3561289333988561,90
56,1233,1167,0.51375,1233,0.51375,0,0.0,0,0.0,0,0.0,8,435,435,47,306,47,325,4,59,10,1.1281351574169345,1.2336726392621622,0.6145256171194671,0.8212846386800543,0.5935020789853696,0.306268941801694,0.3553872386954839,90
57,1220,1180,0.5083333333333333,1220,0.5083333333333333,0,0.0,0,0.0,0,0.0,8,432,432,47,301,45,322,4,59,10,1.109231323970847,1.2521508620776112,0.6138976322027002,0.8197139115335372,0.5905904627474604,0.303262683488164,0.3546421198106227,90
58,1208,1192,0.5033333333333333,1208,0.5033333333333333,0,0.0,0,0.0,0,0.0,8,431,431,47,297,44,317,3,59,10,1.0900129678926656,1.269841327188387,0.6101083291970278,0.815994633312951,0.5882043085207656,0.2997754907964055,0.3529523268704967,90
59,1186,1214,0.4941666666666666,1186,0.4941666666666666,0,0.0,0,0.0,0,0.0,8,428,428,47,289,42,309,2,59,10,1.072231493416324,1.2847867058579192,0.6062034862471137,0.8097690835018225,0.5844192019090427,0.2962182866146255,0.351150899288093,90
60,1168,1232,0.4866666666666667,1168,0.4866666666666667,0,0.0,0,0.0,0,0.0,8,425,425,47,283,40,306,2,56,9,1.0528883276508512,1.3021906163335792,0.6015220713583153,0.8065721664804445,0.5765880031858357,0.2914827281069844,0.3484953862158533,90
61,1134,1266,0.4725,1134,0.4725,0,0.0,0,0.0,0,0.0,8,416,416,47,274,39,295,1,55,7,1.0362321436245248,1.3161241452775485,0.595053387448144,0.801887127729887,0.5726449323422383,0.287462220911137,0.3464772493996877,90
62,1092,1308,0.455,1092,0.455,0,0.0,0,0.0,0,0.0,7,405,405,47,253,35,291,0,54,7,1.0184939514517226,1.3245135048279295,0.5974262714853447,0.7926215335145563,0.5589924435091751,0.2826979028395849,0.343600484869401,90
63,1050,1350,0.4375,1050,0.4375,0,0.0,0,0.0,0,0.0,7,395,395,45,236,34,281,0,53,6,1.0032641077787785,1.3352568166220784,0.5954384345691606,0.7849761610209347,0.5502184267294757,0.2791301774393726,0.341050074629435,90
64,1012,1388,0.4216666666666667,1012,0.4216666666666667,0,0.0,0,0.0,0,0.0,7,385,385,44,222,30,273,0,52,6,0.9877306404694104,1.3493602940124114,0.5942860481020118,0.7758255441332705,0.5399257346331716,0.2738292254319292,0.3378591075069924,90
65,968,1432,0.4033333333333333,968,0.4033333333333333,0,0.0,0,0.0,0,0.0,7,376,376,42,211,27,259,0,48,5,0.972871184590044,1.3636516234192226,0.585398693689006,0.7671193890511862,0.5306552920274114,0.2677039547358137,0.3348682593182256,90
66,913,1487,0.3804166666666667,913,0.3804166666666667,0,0.0,0,0.0,0,0.0,7,363,363,39,190,23,247,0,47,4,0.9590914347056358,1.3728398838314726,0.5851046774103578,0.7542869319150047,0.515798231396931,0.2601060920528847,0.3315367489801474,90
67,863,1537,0.3595833333333333,863,0.3595833333333333,0,0.0,0,0.0,0,0.0,7,353,353,36,168,21,237,0,44,4,0.9457589441620966,1.3841381616584207,0.5843442039137491,0.7407628082569924,0.4979731441766316,0.2549927138625717,0.3279005327300059,90
68,805,1595,0.3354166666666666,805,0.3354166666666666,0,0.0,0,0.0,0,0.0,7,338,338,32,153,19,217,0,43,3,0.9345838694060096,1.3914451186221868,0.5776668745920067,0.7279905866180466,0.4910311326750912,0.248435194224188,0.3245140140564974,90
69,741,1659,0.30875,741,0.30875,0,0.0,0,0.0,0,0.0,7,315,315,29,137,17,203,0,38,2,0.9209706530934552,1.3929969442822403,0.5742478997331929,0.7224545028242193,0.478154027606316,0.242691256170857,0.3202339744035901,90
70,672,1728,0.28,672,0.28,0,0.0,0,0.0,0,0.0,7,293,293,27,122,14,180,0,34,2,0.9104692404019626,1.3878390169334252,0.5651205432268932,0.7086931655931795,0.469693719550389,0.2394959333605796,0.3171196009256401,90
71,616,1784,0.2566666666666666,616,0.2566666666666666,0,0.0,0,0.0,0,0.0,6,279,279,23,102,13,168,0,31,0,0.9004345981249363,1.3896752832674484,0.5628538641989999,0.694798758938255,0.4478034418868058,0.2309833185771883,0.3134443649907101,90
72,552,1848,0.23,552,0.23,0,0.0,0,0.0,0,0.0,6,258,258,21,85,11,150,0,27,0,0.8907359160743016,1.3809105872760703,0.5571389531276282,0.6786454926817772,0.4313439954068676,0.2278308544004692,0.3099221844317433,90
73,514,1886,0.2141666666666666,514,0.2141666666666666,0,0.0,0,0.0,0,0.0,6,244,244,20,74,11,141,0,24,0,0.8790762824298995,1.3767428087416655,0.5531420111198068,0.6687424487156833,0.4175592647716676,0.2267272305987578,0.3044582186232451,90
74,458,1942,0.1908333333333333,458,0.1908333333333333,0,0.0,0,0.0,0,0.0,6,225,225,18,60,9,125,0,21,0,0.8703290169999343,1.3715630348885042,0.5474856139923857,0.6496368936386969,0.3990847091063736,0.2227066115108444,0.3013129040851801,90
75,416,1984,0.1733333333333333,416,0.1733333333333333,0,0.0,0,0.0,0,0.0,6,208,208,17,48,6,119,0,18,0,0.8606479899927403,1.376168569355514,0.5538480874385733,0.6382335655013326,0.3725035933357446,0.2161275563317876,0.2975271132320333,90
76,381,2019,0.15875,381,0.15875,0,0.0,0,0.0,0,0.0,6,192,192,16,41,6,110,0,16,0,0.8516835935497578,1.3875893513141446,0.5504694556153055,0.6298671526798392,0.3605865785948922,0.2150328824453613,0.2923663533076394,90
77,331,2069,0.1379166666666666,331,0.1379166666666666,0,0.0,0,0.0,0,0.0,6,178,178,12,37,3,87,0,14,0,0.8458707012980033,1.3903129122659426,0.5220397822311924,0.5987487797147849,0.3553090082027841,0.2001899036211737,0.2889651440837503,90
78,293,2107,0.1220833333333333,293,0.1220833333333333,0,0.0,0,0.0,0,0.0,6,160,160,10,30,3,78,0,12,0,0.837028973986759,1.3863637384569056,0.5206388443800164,0.5906230678974965,0.3427820352664436,0.1966814069386768,0.2838723305003173,90
79,251,2149,0.1045833333333333,251,0.1045833333333333,0,0.0,0,0.0,0,0.0,6,145,145,8,24,2,62,0,10,0,0.8304706565849335,1.3911198663006503,0.4959899787608099,0.5582486722240396,0.3287816842551245,0.1888858851907135,0.2804418306914344,90
80,204,2196,0.085,204,0.085,0,0.0,0,0.0,0,0.0,6,125,125,7,15,1,50,0,6,0,0.8250116327562128,1.3717848445494076,0.4806648430850335,0.5284113503544886,0.2908505812696502,0.1859518100048046,0.2777404072169879,90
81,177,2223,0.07375,177,0.07375,0,0.0,0,0.0,0,0.0,6,113,113,4,12,1,41,0,6,0,0.8190388773223257,1.3623770219045566,0.4685631944270924,0.5071550092831458,0.2875730761263507,0.172830234527208,0.2724921481298824,90
82,155,2245,0.0645833333333333,155,0.0645833333333333,0,0.0,0,0.0,0,0.0,6,100,100,3,10,1,36,0,5,0,0.8126703237787541,1.366655124175477,0.4642257038796685,0.5019831291879139,0.2804965638211535,0.167999674036634,0.268296873908649,90
83,130,2270,0.0541666666666666,130,0.0541666666666666,0,0.0,0,0.0,0,0.0,6,83,83,3,9,1,30,0,4,0,0.8043018810196599,1.352722412900487,0.4582647401536363,0.5033691818578699,0.2822802441262461,0.1707291609916454,0.2640900866834338,90
84,105,2295,0.04375,105,0.04375,0,0.0,0,0.0,0,0.0,6,69,69,2,7,1,23,0,3,0,0.7966128696003912,1.331196628850726,0.4397507157690357,0.4864060214871916,0.2752675357845369,0.1651784051021692,0.2594157599527508,90
85,91,2309,0.0379166666666666,91,0.0379166666666666,0,0.0,0,0.0,0,0.0,6,61,61,2,7,1,17,0,3,0,0.7911996970306636,1.3111948480133495,0.4115936909898496,0.4654966323468757,0.2905289969696598,0.1689616340043453,0.2548476596199875,90
86,73,2327,0.0304166666666666,73,0.0304166666666666,0,0.0,0,0.0,0,0.0,6,49,49,1,6,1,13,0,3,0,0.7845204768765642,1.2981698479819188,0.4072995135267457,0.4610625965732642,0.3032463783996927,0.1605587320887161,0.2514700317535183,90
87,60,2340,0.025,60,0.025,0,0.0,0,0.0,0,0.0,6,43,43,1,3,1,9,0,3,0,0.7788118328649326,1.3023024655504232,0.3840457229297984,0.4001462282879248,0.2794199241652136,0.1632773688473222,0.2473860338563444,90
88,54,2346,0.0225,54,0.0225,0,0.0,0,0.0,0,0.0,6,40,40,1,3,1,6,0,3,0,0.7765902245675362,1.3049882445058092,0.3497292772371811,0.3676699074477322,0.2910019048528595,0.1659527728832135,0.241023195061454,90
89,44,2356,0.0183333333333333,44,0.0183333333333333,0,0.0,0,0.0,0,0.0,6,32,32,1,3,1,5,0,2,0,0.7724500694815603,1.27898972612812,0.3438833991498776,0.3885580001703746,0.2986698515613619,0.1756094801978467,0.2361978041929668,90
90,32,2368,0.0133333333333333,32,0.0133333333333333,0,0.0,0,0.0,0,0.0,6,24,24,1,3,1,2,0,1,0,0.7714476286847131,1.2344023740254164,0.2786697102119763,0.3713637629240701,0.3173681526569729,0.1921050718140951,0.2331549426677492,90
91,25,2375,0.0104166666666666,25,0.0104166666666666,0,0.0,0,0.0,0,0.0,5,18,18,0,3,1,2,0,1,0,0.7651959804201851,1.1772783933828692,0.3052823544875878,0.4239690596087594,0.3612363317356536,0.1703199895219324,0.2281808442709362,90
92,19,2381,0.0079166666666666,19,0.0079166666666666,0,0.0,0,0.0,0,0.0,4,16,16,0,1,1,0,0,1,0,0.7643850807017822,1.1668894912409502,0.2363077789585664,0.2883621515944022,0.3174340093809413,0.1810657796136348,0.228141880034095,90
93,17,2383,0.0070833333333333,17,0.0070833333333333,0,0.0,0,0.0,0,0.0,4,14,14,0,1,1,0,0,1,0,0.7625126540340535,1.1461439431334632,0.2440011197565121,0.3021831833463528,0.3371913695115803,0.1882711479317255,0.2241267778201209,90
94,12,2388,0.005,12,0.005,0,0.0,0,0.0,0,0.0,1,12,12,0,0,0,0,0,0,0,0.7638490297816619,1.1330058040137565,0.1791806604656467,0.1791639155767462,0.1568055171369791,0.1254474246639797,0.2280456095390536,90
95,10,2390,0.0041666666666666,10,0.0041666666666666,0,0.0,0,0.0,0,0.0,1,10,10,0,0,0,0,0,0,0,0.7624714142583618,1.0848059684117013,0.1852826737680649,0.1852716427755097,0.1621475653657035,0.129733065466133,0.2280766816709168,90
96,10,2390,0.0041666666666666,10,0.0041666666666666,0,0.0,0,0.0,0,0.0,1,10,10,0,0,0,0,0,0,0,0.7605056359562654,1.132325371570531,0.1862751120185293,0.1862651841252297,0.1630134262529951,0.1304242528586093,0.2261335074429147,90
97,9,2391,0.00375,9,0.00375,0,0.0,0,0.0,0,0.0,1,9,9,0,0,0,0,0,0,0,0.7588902496356398,1.1486920329011834,0.189349059247101,0.1893340168779612,0.1656956157659314,0.1325729417613033,0.2245869988376496,90
98,8,2392,0.0033333333333333,8,0.0033333333333333,0,0.0,0,0.0,0,0.0,1,8,8,0,0,0,0,0,0,0,0.7568276033882724,1.1651820188092914,0.1920576059012256,0.1920392781827577,0.1680618359113928,0.1344523435377887,0.2261783708631524,90
99,6,2394,0.0025,6,0.0025,0,0.0,0,0.0,0,0.0,1,6,6,0,0,0,0,0,0,0,0.7565439812749459,1.0786129199551775,0.1944213163133573,0.194399707416583,0.170107328490157,0.1360865551592935,0.2217538411505637,90
100,5,2395,0.0020833333333333,5,0.0020833333333333,0,0.0,0,0.0,0,0.0,1,5,5,0,0,0,0,0,0,0,0.7510542777085807,1.1047545685640856,0.1862017289892254,0.1861845294938658,0.1629139529501488,0.1303342270274283,0.222883810540886,90
101,4,2396,0.0016666666666666,4,0.0016666666666666,0,0.0,0,0.0,0,0.0,1,4,4,0,0,0,0,0,0,0,0.7503911764087388,1.0719601476467735,0.1854926794181334,0.1854743052966255,0.1622836453200475,0.1298301570467206,0.2209817613851345,90
102,4,2396,0.0016666666666666,4,0.0016666666666666,0,0.0,0,0.0,0,0.0,1,4,4,0,0,0,0,0,0,0,0.7506293043404855,1.087764132882096,0.1869817810494483,0.1869652443400912,0.1635888541645299,0.1308740000432384,0.2151604439478108,90
103,4,2396,0.0016666666666666,4,0.0016666666666666,0,0.0,0,0.0,0,0.0,1,4,4,0,0,0,0,0,0,0,0.7530825302374777,1.1679877195938864,0.1869486008626529,0.1869337178242315,0.1635618419264577,0.1308520985816191,0.2134598980957343,90
104,3,2397,0.00125,3,0.00125,0,0.0,0,0.0,0,0.0,1,3,3,0,0,0,0,0,0,0,0.7501423926392068,1.2452256833744368,0.181670792745946,0.1816526144649339,0.1589341213336699,0.1271610806272458,0.2143109672998267,90
105,2,2398,0.0008333333333333,2,0.0008333333333333,0,0.0,0,0.0,0,0.0,1,2,2,0,0,0,0,0,0,0,0.7505777771909161,1.2551492289682924,0.1833540805212561,0.1833398358108305,0.1604056759932481,0.1283402964018222,0.2128314698733141,90
106,2,2398,0.0008333333333333,2,0.0008333333333333,0,0.0,0,0.0,0,0.0,1,2,2,0,0,0,0,0,0,0,0.7522121065506437,1.3096343060714633,0.1811089636285027,0.1810961433891196,0.1584441131583739,0.1267694705732005,0.2028115266975433,90
107,0,2400,0.0,0,0.0,0,0.0,0,0.0,0,0.0,0,0,0,0,0,0,0,0,0,0,0.0,0.0,0.0,0.0,0.0,0.0,0.0,90
108,0,2400,0.0,0,0.0,0,0.0,0,0.0,0,0.0,0,0,0,0,0,0,0,0,0,0,0.0,0.0,0.0,0.0,0.0,0.0,0.0,90
109,0,2400,0.0,0,0.0,0,0.0,0,0.0,0,0.0,0,0,0,0,0,0,0,0,0,0,0.0,0.0,0.0,0.0,0.0,0.0,0.0,90
110,0,2400,0.0,0,0.0,0,0.0,0,0.0,0,0.0,0,0,0,0,0,0,0,0,0,0,0.0,0.0,0.0,0.0,0.0,0.0,0.0,90
111,0,2400,0.0,0,0.0,0,0.0,0,0.0,0,0.0,0,0,0,0,0,0,0,0,0,0,0.0,0.0,0.0,0.0,0.0,0.0,0.0,90
112,0,2400,0.0,0,0.0,0,0.0,0,0.0,0,0.0,0,0,0,0,0,0,0,0,0,0,0.0,0.0,0.0,0.0,0.0,0.0,0.0,90
113,0,2400,0.0,0,0.0,0,0.0,0,0.0,0,0.0,0,0,0,0,0,0,0,0,0,0,0.0,0.0,0.0,0.0,0.0,0.0,0.0,90
114,0,2400,0.0,0,0.0,0,0.0,0,0.0,0,0.0,0,0,0,0,0,0,0,0,0,0,0.0,0.0,0.0,0.0,0.0,0.0,0.0,90
115,0,2400,0.0,0,0.0,0,0.0,0,0.0,0,0.0,0,0,0,0,0,0,0,0,0,0,0.0,0.0,0.0,0.0,0.0,0.0,0.0,90
116,0,2400,0.0,0,0.0,0,0.0,0,0.0,0,0.0,0,0,0,0,0,0,0,0,0,0,0.0,0.0,0.0,0.0,0.0,0.0,0.0,90
117,0,2400,0.0,0,0.0,0,0.0,0,0.0,0,0.0,0,0,0,0,0,0,0,0,0,0,0.0,0.0,0.0,0.0,0.0,0.0,0.0,90
118,0,2400,0.0,0,0.0,0,0.0,0,0.0,0,0.0,0,0,0,0,0,0,0,0,0,0,0.0,0.0,0.0,0.0,0.0,0.0,0.0,90
119,0,2400,0.0,0,0.0,0,0.0,0,0.0,0,0.0,0,0,0,0,0,0,0,0,0,0,0.0,0.0,0.0,0.0,0.0,0.0,0.0,90
0,30,2370,0.0125,0,0.0,30,0.0125,0,0.0,30,0.0125,0,0,0,0,0,0,0,0,0,0,0.8745106121581504,0.3572434235695894,0.6641456109397661,0.5916244474888868,0.5967830558502772,0.394425182006084,0.394747548902449,96
1,53,2347,0.0220833333333333,0,0.0,53,0.0220833333333333,0,0.0,53,0.0220833333333333,0,0,0,0,0,0,0,0,0,0,0.5750327937747022,0.2035013667241304,0.3692413136323155,0.3244801855615629,0.3195402520415789,0.2380469363886689,0.217428238625663,96
2,57,2343,0.02375,0,0.0,57,0.02375,0,0.0,57,0.02375,0,0,0,0,0,0,0,0,0,0,0.6918728049706675,0.2290353542586144,0.3430173300940472,0.3040788241132817,0.2960959129719685,0.2247496622760653,0.208520678397605,96
3,60,2340,0.025,25,0.0104166666666666,35,0.0145833333333333,0,0.0,35,0.0145833333333333,7,10,10,5,3,0,3,1,1,2,0.8083052960591657,0.2350252278911154,0.3295317825359606,0.2961361330413196,0.2845965925136972,0.2202469958317579,0.2043392969270769,96
4,66,2334,0.0275,29,0.0120833333333333,37,0.0154166666666666,0,0.0,37,0.0154166666666666,7,13,13,5,3,0,3,1,2,2,0.8686138193728167,0.2332024591836398,0.3189740347805013,0.2899752698573478,0.2810242478370335,0.221110364587162,0.1944414192804506,96
5,85,2315,0.0354166666666666,45,0.01875,40,0.0166666666666666,0,0.0,40,0.0166666666666666,7,23,23,5,7,0,4,2,2,2,0.783563725035297,0.2015085420648024,0.2662634398109534,0.2437104348123966,0.2425322375737135,0.200047227004184,0.1605096406579747,96
6,99,2301,0.04125,63,0.02625,36,0.015,0,0.0,36,0.015,7,32,32,9,8,0,6,2,2,4,0.7998327833338571,0.2090444794743169,0.2514225642293562,0.2360486286117839,0.2294622576967243,0.193605937195497,0.1517026635245237,96
7,107,2293,0.0445833333333333,72,0.03,35,0.0145833333333333,0,0.0,35,0.0145833333333333,7,38,38,12,8,0,6,2,2,4,0.8750892431088892,0.2314940478613237,0.2595806729636268,0.2490537409784428,0.2416804128128413,0.2001127874150784,0.1563241079701259,96
8,116,2284,0.0483333333333333,80,0.0333333333333333,36,0.015,0,0.0,36,0.015,7,42,42,16,8,0,6,2,2,4,0.9347105358416564,0.245559282836599,0.2678865090372126,0.2595157623431124,0.248390527493623,0.2122928651012593,0.1601739553485088,96
9,122,2278,0.0508333333333333,101,0.0420833333333333,21,0.00875,0,0.0,21,0.00875,7,59,59,16,11,0,6,2,2,5,1.0141909207371798,0.2630523699027945,0.2834371203975185,0.276649539372267,0.2572351173460532,0.2328021308361772,0.1689821285962397,96
10,142,2258,0.0591666666666666,130,0.0541666666666666,12,0.005,0,0.0,12,0.005,7,77,77,16,14,0,10,3,4,6,0.9776201426329116,0.2541911986994847,0.272719518673951,0.2662076201021872,0.2524168253972788,0.2301878459806145,0.1609738842385358,96
11,168,2232,0.07,157,0.0654166666666666,11,0.0045833333333333,0,0.0,11,0.0045833333333333,7,99,99,16,16,0,12,4,4,6,0.9330841128300484,0.2520097332963938,0.2651321051045868,0.2559695868279055,0.2376334769942736,0.2225922107870301,0.1529729292994341,96
12,187,2213,0.0779166666666666,175,0.0729166666666666,12,0.005,0,0.0,12,0.005,7,112,112,19,16,0,13,4,4,7,0.955359290886501,0.2691543939808274,0.2699671286421569,0.2627476515253381,0.244440850064858,0.2223188333736428,0.1558329060153778,96
13,206,2194,0.0858333333333333,194,0.0808333333333333,12,0.005,0,0.0,12,0.005,7,122,122,22,21,0,13,4,4,8,0.9835213671550992,0.2860712840144335,0.2744452466621375,0.2700374417361485,0.2485803578312127,0.2279607138827614,0.1599993997793236,96
14,227,2173,0.0945833333333333,216,0.09,11,0.0045833333333333,0,0.0,11,0.0045833333333333,7,129,129,27,25,0,19,4,4,8,1.0054876813131088,0.298562185269938,0.2799596264324273,0.2770418188291701,0.2546684027854026,0.2317024738564557,0.1634580376322657,96
15,247,2153,0.1029166666666666,239,0.0995833333333333,8,0.0033333333333333,0,0.0,8,0.0033333333333333,7,138,138,30,29,0,24,5,4,9,1.0358435562439643,0.3167135807718556,0.2882978775753024,0.2890611810865781,0.2629001542291831,0.2382154949425459,0.1691741084509377,96
16,264,2136,0.11,259,0.1079166666666666,5,0.0020833333333333,0,0.0,5,0.0020833333333333,7,146,146,32,32,0,26,7,5,11,1.0794038282493268,0.341050867445392,0.3017393001505494,0.3069414773499664,0.2756219545596212,0.2492291195929015,0.1778067383864955,96
17,288,2112,0.12,287,0.1195833333333333,1,0.0004166666666666,0,0.0,1,0.0004166666666666,7,164,164,32,36,0,28,7,8,12,1.092995083723906,0.3512419656424485,0.3130614608716147,0.3172263718434068,0.280876665917714,0.255391092447896,0.1813809412896379,96
18,323,2077,0.1345833333333333,322,0.1341666666666666,1,0.0004166666666666,0,0.0,1,0.0004166666666666,7,191,191,33,42,0,29,7,8,12,1.0736023498633205,0.3539006733576551,0.3127484827349245,0.3169274785333689,0.2815162333867653,0.254371121170921,0.1799640556390131,96
19,367,2033,0.1529166666666666,365,0.1520833333333333,2,0.0008333333333333,0,0.0,2,0.0008333333333333,7,213,213,37,48,0,37,9,8,13,1.043489600642721,0.3523894434470586,0.3052992628762704,0.3116299755563824,0.2796073954242256,0.2479566587969839,0.176292422582944,96
20,400,2000,0.1666666666666666,398,0.1658333333333333,2,0.0008333333333333,0,0.0,2,0.0008333333333333,7,227,227,42,53,0,44,10,8,14,1.062054624000163,0.3700655829264083,0.3096865017720538,0.3210344449942121,0.2882423926103805,0.2531627436319656,0.1807896628228366,96
21,432,1968,0.18,430,0.1791666666666666,2,0.0008333333333333,0,0.0,2,0.0008333333333333,7,240,240,48,59,0,50,11,8,14,1.0866944130161986,0.3885268746608961,0.3192406802183314,0.333019519512814,0.2968783188944257,0.2569036059760916,0.1863578730980432,96
22,461,1939,0.1920833333333333,459,0.19125,2,0.0008333333333333,0,0.0,2,0.0008333333333333,7,255,255,50,65,0,54,13,8,14,1.119430825571844,0.4117814509070635,0.3334243621600169,0.3483286028024023,0.305954851253999,0.2648437809789354,0.1939132077098631,96
23,487,1913,0.2029166666666666,485,0.2020833333333333,2,0.0008333333333333,0,0.0,2,0.0008333333333333,7,266,266,54,71,0,57,13,8,16,1.1576096034808097,0.4323287966762643,0.3475148135615563,0.3661887316748116,0.3175577860084014,0.274437476366195,0.2021368632338063,96
24,521,1879,0.2170833333333333,519,0.21625,2,0.0008333333333333,0,0.0,2,0.0008333333333333,7,278,278,57,80,0,60,16,9,19,1.1742272875728403,0.4502144176261167,0.3550845943630982,0.3773943491154414,0.3249251036306463,0.2769073393290971,0.207757469314069,96
25,573,1827,0.23875,572,0.2383333333333333,1,0.0004166666666666,0,0.0,1,0.0004166666666666,7,303,303,61,89,0,68,20,12,19,1.1547461668086163,0.4548717982982301,0.3525486336301925,0.3772194515108644,0.324609530493837,0.2758272421281911,0.2070754836862358,96
26,606,1794,0.2525,605,0.2520833333333333,1,0.0004166666666666,0,0.0,1,0.0004166666666666,7,317,317,62,94,0,79,20,14,19,1.1825336999921523,0.4837052580567617,0.3630625191738177,0.392295937868799,0.3350376582305909,0.2830309661645444,0.2152643795049998,96
27,651,1749,0.27125,651,0.27125,0,0.0,0,0.0,0,0.0,7,338,338,63,103,0,91,21,14,21,1.1855587665266307,0.5013346355517011,0.3675774394206696,0.3998868962459337,0.3395825052458791,0.285572261821817,0.2190460953022251,96
28,698,1702,0.2908333333333333,698,0.2908333333333333,0,0.0,0,0.0,0,0.0,7,360,360,67,111,0,101,23,14,22,1.1885219763558534,0.5179197177216928,0.3727286122964524,0.4078534861812796,0.3460607134229948,0.286432588795145,0.2225819596395448,96
29,754,1646,0.3141666666666666,754,0.3141666666666666,0,0.0,0,0.0,0,0.0,7,386,386,77,117,0,107,28,15,24,1.1800396088173486,0.5304843059320529,0.3751460716011572,0.411760773385093,0.3467125597195507,0.2838144407981289,0.2240627735077696,96
30,799,1601,0.3329166666666667,799,0.3329166666666667,0,0.0,0,0.0,0,0.0,7,411,411,82,125,0,111,30,15,25,1.1935047359341016,0.553755506890477,0.3820035689737394,0.4223288176452464,0.3525812213528878,0.2878627701491475,0.2296587024254971,96
31,839,1561,0.3495833333333333,839,0.3495833333333333,0,0.0,0,0.0,0,0.0,7,425,425,90,133,0,119,31,15,26,1.2136653938313142,0.5789148808163793,0.3907496296376302,0.4350368532572504,0.3587873099147238,0.2947676915706675,0.236512824665161,96
32,871,1529,0.3629166666666666,871,0.3629166666666666,0,0.0,0,0.0,0,0.0,7,433,433,92,144,0,126,34,16,26,1.2425719184570436,0.6103359661359916,0.4038361777052994,0.4514536724197254,0.3694282878663364,0.3032341202154647,0.245604831748318,96
33,911,1489,0.3795833333333333,911,0.3795833333333333,0,0.0,0,0.0,0,0.0,7,452,452,95,151,0,133,36,17,27,1.2554299563742788,0.6338950206959418,0.412808907970312,0.4634603599778831,0.3765537186663261,0.3096402902903815,0.2518517294166043,96
34,948,1452,0.395,948,0.395,0,0.0,0,0.0,0,0.0,7,467,467,96,156,0,144,38,18,29,1.27010653398677,0.6617579403677242,0.4222183641817978,0.4762171606381346,0.3842045502027777,0.3157401601297721,0.2590338990991914,96
35,973,1427,0.4054166666666666,973,0.4054166666666666,0,0.0,0,0.0,0,0.0,7,477,477,97,161,0,151,40,18,29,1.297245296843733,0.6970605084498891,0.4364856951649034,0.4943248615804096,0.395447909818283,0.3243182764764154,0.2690421879900593,96
36,1004,1396,0.4183333333333333,1004,0.4183333333333333,0,0.0,0,0.0,0,0.0,7,495,495,99,166,0,156,41,18,29,1.310240915785394,0.7252229952684938,0.4465381615446231,0.5079899695653299,0.4037518080529752,0.3296917819443383,0.2765017905709494,96
37,1030,1370,0.4291666666666666,1030,0.4291666666666666,0,0.0,0,0.0,0,0.0,7,507,507,100,171,0,160,45,18,29,1.3253000010971214,0.7556655325481663,0.4580967695580506,0.522652812386732,0.4126303730788085,0.335750055766487,0.2847009515934771,96
38,1060,1340,0.4416666666666666,1060,0.4416666666666666,0,0.0,0,0.0,0,0.0,7,518,518,101,174,0,172,48,18,29,1.3302471212523894,0.7811339138416511,0.466290814347241,0.5339329303056543,0.4185863829094249,0.3402223472832472,0.2909932136379238,96
39,1080,1320,0.45,1080,0.45,0,0.0,0,0.0,0,0.0,7,526,526,102,177,0,174,52,19,30,1.3439801632476502,0.8146127350045701,0.478018824252495,0.5494676879081121,0.4266150203264529,0.346388778218429,0.2996328583435138,96
40,1097,1303,0.4570833333333333,1097,0.4570833333333333,0,0.0,0,0.0,0,0.0,7,533,533,102,178,0,176,57,20,31,1.3564945025351405,0.8477516667497189,0.4897206342372194,0.5647551804469826,0.4354726503476435,0.3529274139039584,0.3081384927278523,96
41,1109,1291,0.4620833333333333,1109,0.4620833333333333,0,0.0,0,0.0,0,0.0,7,537,537,103,180,0,179,58,21,31,1.3696630441973006,0.8799794594968428,0.5027868667782335,0.5808814982741707,0.4446589296991098,0.3605036221594013,0.3167594122828976,96
42,1125,1275,0.46875,1125,0.46875,0,0.0,0,0.0,0,0.0,7,546,546,103,182,0,182,60,21,31,1.3719007526196094,0.907352443132263,0.5132236637601227,0.5929764629679096,0.4513496428786305,0.3657465199233236,0.3233466289667318,96
43,1140,1260,0.475,1140,0.475,0,0.0,0,0.0,0,0.0,7,551,551,104,187,0,186,60,21,31,1.3707162970667797,0.9333985514661572,0.5223977471779412,0.6039163929335254,0.4571015920295077,0.3703698611633179,0.3292898905800557,96
44,1150,1250,0.4791666666666667,1150,0.4791666666666667,0,0.0,0,0.0,0,0.0,7,555,555,105,188,0,188,62,21,31,1.371202975870795,0.9615190554819788,0.5315803787769238,0.6161008845757917,0.4636321816116325,0.375494666065284,0.3357643360119932,96
45,1157,1243,0.4820833333333333,1157,0.4820833333333333,0,0.0,0,0.0,0,0.0,7,557,557,105,189,0,190,63,22,31,1.3705950590985754,0.989310477462274,0.5413488859936432,0.6281706619304884,0.4700261764323116,0.3809488777014941,0.3420587865123191,96
46,1167,1233,0.48625,1167,0.48625,0,0.0,0,0.0,0,0.0,7,561,561,106,190,0,192,65,22,31,1.3616400102959614,1.012785775648212,0.5478908550453405,0.636836082566404,0.4744019510883275,0.3843806374889917,0.3465481859948772,96
47,1168,1232,0.4866666666666667,1168,0.4866666666666667,0,0.0,0,0.0,0,0.0,7,562,562,106,190,0,192,65,22,31,1.3596041286520073,1.0427062501398274,0.5572551734159472,0.6489220794844193,0.4808632359991098,0.3896477992330037,0.3528886093092769,96
48,1174,1226,0.4891666666666667,1174,0.4891666666666667,0,0.0,0,0.0,0,0.0,7,567,567,106,191,0,192,65,22,31,1.3477289205576994,1.0616020529361023,0.5627628260591092,0.6563530216781399,0.4842318031597179,0.3924921156523269,0.3561281911015275,96
49,1178,1222,0.4908333333333333,1178,0.4908333333333333,0,0.0,0,0.0,0,0.0,7,569,569,106,191,0,193,66,22,31,1.3349095943445572,1.082863097735387,0.5679067520849183,0.6632548815299762,0.4873362537248847,0.3947771306820383,0.3594701189591737,96
50,1181,1219,0.4920833333333333,1181,0.4920833333333333,0,0.0,0,0.0,0,0.0,7,571,571,106,191,0,193,67,22,31,1.3205696088631689,1.1018149502278227,0.5722399091320132,0.6692893422341066,0.4897979271614739,0.3966726742499975,0.3620615931979635,96
51,1182,1218,0.4925,1182,0.4925,0,0.0,0,0.0,0,0.0,7,571,571,106,191,0,193,68,22,31,1.3059255861281664,1.1237589768165437,0.5760100077108449,0.674992675382931,0.4919295973246973,0.3985889505982374,0.3648498796273338,96
52,1184,1216,0.4933333333333333,1184,0.4933333333333333,0,0.0,0,0.0,0,0.0,7,572,572,106,191,0,194,68,22,31,1.2878578235057667,1.1419584455552687,0.5782555028831915,0.6787658033580874,0.4926209784355156,0.3995183918348962,0.3663604342230476,96
53,1188,1212,0.495,1188,0.495,0,0.0,0,0.0,0,0.0,7,574,574,106,191,0,194,70,22,31,1.2661898692906997,1.158665757225329,0.5785504294570745,0.680132035496408,0.4915914724736839,0.3991343306656315,0.3667808008299874,96
54,1187,1213,0.4945833333333333,1187,0.4945833333333333,0,0.0,0,0.0,0,0.0,7,574,574,106,190,0,194,70,22,31,1.2477142387458062,1.175944066334078,0.5801852292215359,0.6824430704970743,0.490929700380979,0.3996187299024006,0.3675835860845107,96
55,1186,1214,0.4941666666666666,1186,0.4941666666666666,0,0.0,0,0.0,0,0.0,7,574,574,105,190,0,194,70,22,31,1.2275531129208703,1.1927351097607892,0.5806636888979632,0.6842088017510997,0.4901447913879133,0.3985551539623875,0.3676665951520497,96
56,1187,1213,0.4945833333333333,1187,0.4945833333333333,0,0.0,0,0.0,0,0.0,7,576,576,105,189,0,194,70,22,31,1.204480408019864,1.2068260195606524,0.5793536752076692,0.6830935154014748,0.4873654480184291,0.3970742630771962,0.3666008178898592,96
57,1184,1216,0.4933333333333333,1184,0.4933333333333333,0,0.0,0,0.0,0,0.0,7,576,576,104,186,0,194,71,22,31,1.1829617751176775,1.2211288132050706,0.5784873938918693,0.6811495135474536,0.4833784957806242,0.3951566824600812,0.3655065892049746,96
58,1177,1223,0.4904166666666666,1177,0.4904166666666666,0,0.0,0,0.0,0,0.0,7,576,576,103,181,0,193,71,22,31,1.162951386724672,1.236761172748253,0.5775829575234386,0.6777154689418561,0.4781021710044865,0.3938021534869408,0.3645554199667495,96
59,1176,1224,0.49,1176,0.49,0,0.0,0,0.0,0,0.0,7,577,577,102,180,0,193,71,22,31,1.1404719878341485,1.254843779901835,0.5747279623663466,0.6748582571922381,0.4739166825533341,0.3906215885572769,0.3623972161408498,96
60,1166,1234,0.4858333333333333,1166,0.4858333333333333,0,0.0,0,0.0,0,0.0,7,577,577,101,173,0,192,71,22,30,1.1196924894370848,1.2711423778368718,0.571999023725023,0.6687860993694038,0.465331346040614,0.3877532694998278,0.3601938929047243,96
61,1150,1250,0.4791666666666667,1150,0.4791666666666667,0,0.0,0,0.0,0,0.0,7,575,575,101,162,0,190,71,22,29,1.1015593743504477,1.2844934949833264,0.5702713900610361,0.6608871306915298,0.4548884057250054,0.3869607064212614,0.3580711675349227,96
62,1132,1268,0.4716666666666667,1132,0.4716666666666667,0,0.0,0,0.0,0,0.0,7,569,569,98,157,0,189,70,22,27,1.0821726381120869,1.3013127004524936,0.5671915171184478,0.6571970670795072,0.4477121901400767,0.3816503609844817,0.3553048139813484,96
63,1105,1295,0.4604166666666666,1105,0.4604166666666666,0,0.0,0,0.0,0,0.0,7,563,563,92,148,0,185,68,22,27,1.0644722928518002,1.3163772170807948,0.5647251706358619,0.6496814274005012,0.44040545688046,0.3759166352983422,0.35273083810756,96
64,1075,1325,0.4479166666666667,1075,0.4479166666666667,0,0.0,0,0.0,0,0.0,7,552,552,90,136,0,182,68,21,26,1.045815216655825,1.3312947284280978,0.5630287859112469,0.6418253443784704,0.4281905929544281,0.374292240168868,0.3493564617709561,96
65,1033,1367,0.4304166666666666,1033,0.4304166666666666,0,0.0,0,0.0,0,0.0,7,535,535,83,128,0,175,65,21,26,1.0301451873078056,1.346327787967807,0.560562410598175,0.6354977066004484,0.4233128838557076,0.368687381514478,0.3466186507028569,96
66,985,1415,0.4104166666666666,985,0.4104166666666666,0,0.0,0,0.0,0,0.0,7,520,520,77,117,0,165,59,21,26,1.0150367587458893,1.3589477978465117,0.5542958696429491,0.6223800305597863,0.4164720974319283,0.3619749270401868,0.343854988004165,96
67,930,1470,0.3875,930,0.3875,0,0.0,0,0.0,0,0.0,7,495,495,72,101,0,161,56,21,24,1.001306471846673,1.365707759894118,0.557067256943512,0.615111679370485,0.4037554374259216,0.3582761876648154,0.3406034711339884,96
68,887,1513,0.3695833333333333,886,0.3691666666666666,0,0.0,1,0.0004166666666666,1,0.0004166666666666,7,474,474,68,94,0,153,53,20,24,0.9855267016254204,1.3751301441771004,0.5513055802355101,0.6068434936972243,0.3965743107815108,0.3537398086610483,0.3362808818757422,96
69,817,1583,0.3404166666666666,817,0.3404166666666666,0,0.0,0,0.0,0,0.0,7,445,445,63,79,0,142,49,17,22,0.971122705234188,1.37640409332298,0.5468317566973541,0.5953236172780351,0.3816618682268748,0.3511489263434654,0.332910130468405,96
70,753,1647,0.31375,753,0.31375,0,0.0,0,0.0,0,0.0,7,413,413,60,66,0,130,49,14,21,0.9581274761716017,1.3726032052621389,0.5457170648079752,0.5866865418506539,0.3679608734447382,0.3566728596555603,0.3290669707589014,96
71,694,1706,0.2891666666666667,694,0.2891666666666667,0,0.0,0,0.0,0,0.0,7,385,385,55,57,0,122,46,11,18,0.9444802772263085,1.369355721937879,0.5410473725942431,0.5812693227638283,0.3535526161445498,0.3523624367327076,0.3246028644545003,96
72,641,1759,0.2670833333333333,641,0.2670833333333333,0,0.0,0,0.0,0,0.0,7,361,361,48,46,0,119,40,10,17,0.9331367324633536,1.367657883652874,0.5438422078649677,0.5736050458676458,0.340343093832786,0.3424682037088136,0.320296666851954,96
73,577,1823,0.2404166666666666,577,0.2404166666666666,0,0.0,0,0.0,0,0.0,7,330,330,46,39,0,102,33,10,17,0.9243632069801196,1.3547959864838888,0.5333208234095469,0.5544330508754433,0.3388543219626343,0.3439952991318205,0.3166141595097772,96
74,536,1864,0.2233333333333333,536,0.2233333333333333,0,0.0,0,0.0,0,0.0,7,311,311,41,35,0,96,28,10,15,0.9135217965746056,1.3555525939389417,0.5271826140170116,0.546248643578455,0.3331379846331547,0.3320175223295995,0.3112059142556725,96
75,479,1921,0.1995833333333333,479,0.1995833333333333,0,0.0,0,0.0,0,0.0,7,280,280,35,29,0,86,25,9,15,0.9038022390427284,1.3536957358215955,0.5277615041239273,0.5387861297318195,0.3287653120339745,0.3295558835682419,0.3067189452572262,96
76,421,1979,0.1754166666666666,421,0.1754166666666666,0,0.0,0,0.0,0,0.0,7,254,254,25,23,0,75,22,9,13,0.8941860699229844,1.353095681762014,0.5249961386040858,0.5281036016480591,0.3216821547044762,0.3131147494633877,0.3024007545496093,96
77,370,2030,0.1541666666666666,370,0.1541666666666666,0,0.0,0,0.0,0,0.0,7,230,230,22,19,0,62,19,7,11,0.8842809549247291,1.3538107369994048,0.5057315412151602,0.5092432558955106,0.3108119590089134,0.3079934215625803,0.297173565985647,96
78,325,2075,0.1354166666666666,325,0.1354166666666666,0,0.0,0,0.0,0,0.0,7,206,206,16,13,0,54,18,7,11,0.8741324332031053,1.3623310667330395,0.5096133826615589,0.4953424634055955,0.3014956564401212,0.3021236912806826,0.2918535552531676,96
79,267,2133,0.11125,267,0.11125,0,0.0,0,0.0,0,0.0,7,170,170,13,9,0,47,13,6,9,0.8649426424754277,1.3427799291138616,0.5101097213410111,0.4889318079982222,0.292879933544397,0.292400082544488,0.2875731059341352,96
80,221,2179,0.0920833333333333,221,0.0920833333333333,0,0.0,0,0.0,0,0.0,7,146,146,10,9,0,38,8,4,6,0.855635871808418,1.3401777919135531,0.4779811076265072,0.474623543273256,0.2844624860009457,0.2666674211654461,0.2841775171584594,96
81,188,2212,0.0783333333333333,188,0.0783333333333333,0,0.0,0,0.0,0,0.0,7,127,127,8,6,0,29,8,4,6,0.8497991904928601,1.3292438946371032,0.4715851212551844,0.4517430870878187,0.2808500432827159,0.2727755350085878,0.2795572857554835,96
82,157,2243,0.0654166666666666,157,0.0654166666666666,0,0.0,0,0.0,0,0.0,7,108,108,5,4,0,24,7,4,5,0.8446679232994874,1.312558972483417,0.4735401426820333,0.4434326044434364,0.2761181206120134,0.26218085754026,0.2751559389855427,96
83,130,2270,0.0541666666666666,130,0.0541666666666666,0,0.0,0,0.0,0,0.0,7,94,94,4,3,0,17,7,3,2,0.8404610875006086,1.3105859413641712,0.4401415789707136,0.4248876719503664,0.2534318396162781,0.2527819618276935,0.2712058448300095,96
84,105,2295,0.04375,105,0.04375,0,0.0,0,0.0,0,0.0,7,78,78,2,2,0,13,6,2,2,0.8353695306618917,1.288576117616425,0.4343965922404863,0.4155296063341516,0.2474539305358314,0.246779926924382,0.2670548556910384,96
85,88,2312,0.0366666666666666,88,0.0366666666666666,0,0.0,0,0.0,0,0.0,7,72,72,1,1,0,9,3,1,1,0.8310970779246478,1.297817506297343,0.3713654699364864,0.3601046864757346,0.2212756195926027,0.2061555517860634,0.2640066971655466,96
86,70,2330,0.0291666666666666,70,0.0291666666666666,0,0.0,0,0.0,0,0.0,6,58,58,1,1,0,7,2,0,1,0.8275543937671074,1.282273123517546,0.3539458430697953,0.3539208966013431,0.2145705540735646,0.2055102575736344,0.2597705324731037,96
87,57,2343,0.02375,57,0.02375,0,0.0,0,0.0,0,0.0,5,50,50,1,0,0,4,1,0,1,0.8277820683330888,1.273168358682159,0.3160532095051079,0.2986716713162916,0.202944365533575,0.2004779448971977,0.2572912933155453,96
88,48,2352,0.02,48,0.02,0,0.0,0,0.0,0,0.0,4,44,44,0,0,0,2,1,0,1,0.8244910775790676,1.276455128123034,0.2927140908943094,0.2720791723155968,0.2046934468875343,0.1884298534383164,0.2531927280031708,96
89,36,2364,0.015,36,0.015,0,0.0,0,0.0,0,0.0,3,33,33,0,0,0,2,1,0,0,0.8209758482840165,1.2575769709363316,0.2952012079290321,0.2951728595756786,0.1862513707747467,0.1764267443287026,0.2526978850526432,96
90,31,2369,0.0129166666666666,31,0.0129166666666666,0,0.0,0,0.0,0,0.0,3,28,28,0,0,0,2,1,0,0,0.8168339467364315,1.2610751110644798,0.3069829595114881,0.3069530478999289,0.1849192374680317,0.1797949513043557,0.2469058686179869,96
91,22,2378,0.0091666666666666,22,0.0091666666666666,0,0.0,0,0.0,0,0.0,2,21,21,0,0,0,1,0,0,0,0.811480762880026,1.2450042490727855,0.2507627954977782,0.2507355663450094,0.1801077339294088,0.1440670620900845,0.2435268427361914,96
92,16,2384,0.0066666666666666,16,0.0066666666666666,0,0.0,0,0.0,0,0.0,2,15,15,0,0,0,1,0,0,0,0.8022130550960772,1.2268767102636031,0.2640613851891455,0.2640421193801235,0.1770103393868878,0.1415773631666555,0.2397806569148905,96
93,13,2387,0.0054166666666666,13,0.0054166666666666,0,0.0,0,0.0,0,0.0,1,13,13,0,0,0,0,0,0,0,0.7969908543097891,1.1861926853650144,0.2018493719457824,0.2018333827664114,0.1766644424234602,0.1412959851155102,0.2372842929083598,96
94,9,2391,0.00375,9,0.00375,0,0.0,0,0.0,0,0.0,1,9,9,0,0,0,0,0,0,0,0.7812532226751725,1.1417561887993466,0.1903362394649374,0.1903230039753357,0.1665919298079014,0.1332257303139078,0.235109723109674,96
95,8,2392,0.0033333333333333,8,0.0033333333333333,0,0.0,0,0.0,0,0.0,1,8,8,0,0,0,0,0,0,0,0.767195402426822,1.138674847799395,0.1828112856278652,0.1828029193378767,0.1600080953528958,0.1279579342168259,0.2276742370609208,96
96,7,2393,0.0029166666666666,7,0.0029166666666666,0,0.0,0,0.0,0,0.0,1,7,7,0,0,0,0,0,0,0,0.7668205447518518,1.0693267986492951,0.1908401110765101,0.190833848277128,0.1670236727429578,0.1335876189694218,0.2226954816679704,96
97,7,2393,0.0029166666666666,7,0.0029166666666666,0,0.0,0,0.0,0,0.0,1,7,7,0,0,0,0,0,0,0,0.7651568824886092,1.0943941187843658,0.1920935240464125,0.1920878875269686,0.1681165515365212,0.1344650539267669,0.2198049874983179,96
98,6,2394,0.0025,6,0.0025,0,0.0,0,0.0,0,0.0,1,6,6,0,0,0,0,0,0,0,0.7561903397747957,1.1225629844874505,0.1852417037999691,0.1852362057271073,0.1621199482004182,0.1296677980499269,0.2219337576921982,96
99,5,2395,0.0020833333333333,5,0.0020833333333333,0,0.0,0,0.0,0,0.0,1,5,5,0,0,0,0,0,0,0,0.754481416079034,1.071204462558787,0.1902016667539628,0.1902010271849593,0.1664684176127293,0.133146580035095,0.2163427156188757,96
100,4,2396,0.0016666666666666,4,0.0016666666666666,0,0.0,0,0.0,0,0.0,1,4,4,0,0,0,0,0,0,0,0.756490660014839,1.027608736698507,0.1993582466045547,0.1993498975566947,0.1744616265630712,0.1395507727792115,0.2191815713789313,96
101,4,2396,0.0016666666666666,4,0.0016666666666666,0,0.0,0,0.0,0,0.0,1,4,4,0,0,0,0,0,0,0,0.7562020229928905,1.062847863028656,0.2000697786717787,0.2000622645287046,0.1750819010434836,0.140048845210666,0.2162165639504138,96
102,4,2396,0.0016666666666666,4,0.0016666666666666,0,0.0,0,0.0,0,0.0,1,4,4,0,0,0,0,0,0,0,0.7548334443135656,1.0795630767257904,0.2003698686197673,0.2003631058910007,0.1753423952774059,0.1402589081602159,0.211059855025989,96
103,2,2398,0.0008333333333333,2,0.0008333333333333,0,0.0,0,0.0,0,0.0,1,2,2,0,0,0,0,0,0,0,0.7481728776813417,0.9144038586389498,0.1975878561056081,0.1975828171509473,0.1729126520334307,0.1383034684347628,0.2214781324096767,96
104,2,2398,0.0008333333333333,2,0.0008333333333333,0,0.0,0,0.0,0,0.0,1,2,2,0,0,0,0,0,0,0,0.7481659071798128,0.8889634727750548,0.2013749061118749,0.2013703710526802,0.1762239929948118,0.1409552065230658,0.2203124041004883,96
105,2,2398,0.0008333333333333,2,0.0008333333333333,0,0.0,0,0.0,0,0.0,1,2,2,0,0,0,0,0,0,0,0.7470480736352603,0.9080671254975494,0.2044071917624271,0.2044031102091518,0.1788751479243528,0.1430785292539769,0.2145000070736572,96
106,2,2398,0.0008333333333333,2,0.0008333333333333,0,0.0,0,0.0,0,0.0,1,2,2,0,0,0,0,0,0,0,0.7466476866759375,1.0272604129477945,0.204979238529391,0.2049755651314433,0.1793738033322233,0.1434796124888239,0.2122589425265362,96
107,2,2398,0.0008333333333333,2,0.0008333333333333,0,0.0,0,0.0,0,0.0,1,2,2,0,0,0,0,0,0,0,0.7458791639410376,1.134534371653015,0.2035410159081995,0.2035377098500466,0.1781136615767801,0.1424734421021649,0.2088748391361059,96
108,2,2398,0.0008333333333333,2,0.0008333333333333,0,0.0,0,0.0,0,0.0,1,2,2,0,0,0,0,0,0,0,0.7449288156880627,1.2010809344877134,0.2010214073884169,0.2010184319360793,0.1759074768562598,0.1407102430416745,0.2004715003722215,96
109,0,2400,0.0,0,0.0,0,0.0,0,0.0,0,0.0,0,0,0,0,0,0,0,0,0,0,0.0,0.0,0.0,0.0,0.0,0.0,0.0,96
110,0,2400,0.0,0,0.0,0,0.0,0,0.0,0,0.0,0,0,0,0,0,0,0,0,0,0,0.0,0.0,0.0,0.0,0.0,0.0,0.0,96
111,0,2400,0.0,0,0.0,0,0.0,0,0.0,0,0.0,0,0,0,0,0,0,0,0,0,0,0.0,0.0,0.0,0.0,0.0,0.0,0.0,96
112,0,2400,0.0,0,0.0,0,0.0,0,0.0,0,0.0,0,0,0,0,0,0,0,0,0,0,0.0,0.0,0.0,0.0,0.0,0.0,0.0,96
113,0,2400,0.0,0,0.0,0,0.0,0,0.0,0,0.0,0,0,0,0,0,0,0,0,0,0,0.0,0.0,0.0,0.0,0.0,0.0,0.0,96
114,0,2400,0.0,0,0.0,0,0.0,0,0.0,0,0.0,0,0,0,0,0,0,0,0,0,0,0.0,0.0,0.0,0.0,0.0,0.0,0.0,96
115,0,2400,0.0,0,0.0,0,0.0,0,0.0,0,0.0,0,0,0,0,0,0,0,0,0,0,0.0,0.0,0.0,0.0,0.0,0.0,0.0,96
116,0,2400,0.0,0,0.0,0,0.0,0,0.0,0,0.0,0,0,0,0,0,0,0,0,0,0,0.0,0.0,0.0,0.0,0.0,0.0,0.0,96
117,0,2400,0.0,0,0.0,0,0.0,0,0.0,0,0.0,0,0,0,0,0,0,0,0,0,0,0.0,0.0,0.0,0.0,0.0,0.0,0.0,96
118,0,2400,0.0,0,0.0,0,0.0,0,0.0,0,0.0,0,0,0,0,0,0,0,0,0,0,0.0,0.0,0.0,0.0,0.0,0.0,0.0,96
119,0,2400,0.0,0,0.0,0,0.0,0,0.0,0,0.0,0,0,0,0,0,0,0,0,0,0,0.0,0.0,0.0,0.0,0.0,0.0,0.0,96
