seed,step,T1_true,T1_pred,T2_true,T2_pred,I_true,I_pred,R_true,R_pred,M_true,M_pred,K_true,K_pred,S_true,S_pred,model,snapshot_file,future_step,horizon
104,0,0.8814317329649902,0.7554153431887485,0.4443370146432903,-0.35118458008776154,0.5341484410492509,0.19062579536056207,0.5652195912411211,0.09481469207001014,0.562046619552024,0.19022358548019488,0.3697407672487868,0.14924502781997562,0.3804112183129939,0.12690861020606986,coarse_covariates_ridge,,,
104,1,0.6256729596956754,0.5172727380247957,0.2681040692932415,-0.20088456802776156,0.3241537462390116,0.2405872324754678,0.3356614460227789,0.18975155087899281,0.335238315296342,0.24694630428456926,0.2313758380412026,0.17204091123791837,0.2267477595627544,0.15509765016072613,coarse_covariates_ridge,,,
104,2,0.7302751143898367,0.46142959401948613,0.2778752727515463,-0.16097166846016442,0.3057773344195059,0.2510649378039662,0.3119673338491363,0.2109535407109094,0.3166533569198067,0.258865654234131,0.2168317383593543,0.1765582181111184,0.214767838562212,0.16125653826856717,coarse_covariates_ridge,,,
104,3,0.7820507888337238,0.8832440916879478,0.2587108418374793,0.19484916702907729,0.2722015597541898,0.27833488599835715,0.2817802979753999,0.2755550997512747,0.287484907835346,0.28234918385504115,0.2008016936702458,0.2088438885478498,0.1952768189526942,0.17315921433985657,coarse_covariates_ridge,,,
104,4,0.8343704836630028,0.8250381457076518,0.2479162008839384,0.21231672171758842,0.2788350430127211,0.2829023457834147,0.2731365736967416,0.29052392450142395,0.277887656089303,0.28956041962864787,0.2014605050437402,0.21187885654438632,0.183442660691829,0.17479938289888675,coarse_covariates_ridge,,,
104,5,0.8401945524750375,0.918577786780293,0.234119832221814,0.3507582008127993,0.2739370704000329,0.30813143434389384,0.2580236434891541,0.326626629461396,0.2615324628652002,0.30557662862543544,0.1989457481955449,0.22540261094048925,0.1683575461344314,0.1900157384221686,coarse_covariates_ridge,,,
104,6,0.83324734699786,0.8919431756628954,0.2235131763257755,0.35000105816169685,0.2670871424622861,0.30882083951624884,0.2450314578646595,0.3322653564565929,0.239675068799557,0.30669768289105126,0.1906030540491205,0.22750546498300217,0.155280910696349,0.18790319586264034,coarse_covariates_ridge,,,
104,7,0.8392540495519619,0.8461672861093928,0.2246625327081702,0.3593565031976104,0.2707983341461923,0.312248689979581,0.2390948593672634,0.3467934189807272,0.2326630405211716,0.310886568033365,0.1941169141581548,0.23164288153972568,0.148195710975982,0.18627860196215248,coarse_covariates_ridge,,,
104,8,0.9375255094015584,0.8875423533747714,0.2516696598196141,0.3315221573520718,0.2972507098114553,0.3030922773073042,0.2611567071963999,0.3282291595921314,0.2470408223876631,0.2981708847666331,0.2139357048516894,0.2258093276211079,0.1588048959039071,0.17996610554936318,coarse_covariates_ridge,,,
104,9,0.9980440179161622,0.9543357373944754,0.2620025142484759,0.29507462443632504,0.3166466498073134,0.29175537363340637,0.278349256504489,0.30163099133639343,0.2587784381118175,0.28256295349187166,0.2256477691288339,0.22039300529182868,0.1645254482809409,0.17242299515978132,coarse_covariates_ridge,,,
104,10,0.9765854100042024,0.9873361725153316,0.2554802285422857,0.2950184847160342,0.3189547459381788,0.2914690891725772,0.2749525207848293,0.2981547191613372,0.2548139409405951,0.27926180526119826,0.2279345123122447,0.22311963415781028,0.1590540444233102,0.16998761549413988,coarse_covariates_ridge,,,
104,11,0.982547661153428,1.0633112762514796,0.2615396411932378,0.3151083596206159,0.3235347561865255,0.2973178701523222,0.2784548402705521,0.294925693477446,0.2541335516222272,0.27336786950076375,0.234134010640516,0.22460251038713935,0.1588954214819159,0.1723072670743468,coarse_covariates_ridge,,,
104,12,0.9761644711346494,1.0553459276085484,0.2662771587866854,0.29743821555732064,0.3234910470153652,0.2988723306875064,0.2806924241476881,0.2935792943663632,0.2534857569234826,0.2694962435267054,0.2353111477046726,0.221357529509657,0.1574545613596761,0.1694037322399896,coarse_covariates_ridge,,,
104,13,0.950548075304376,1.030502506991269,0.2660504997637796,0.3361799812110014,0.3246674032272261,0.3146099185035403,0.2793598166759288,0.3197575620415619,0.2439876340534074,0.27762076203018343,0.2315931243530203,0.23023210564012436,0.1531755311333318,0.17340053423791163,coarse_covariates_ridge,,,
104,14,0.9862762991339544,1.1016083838010347,0.2874926984602237,0.34966897636672306,0.3396478767886066,0.3158225740474842,0.2941153701956909,0.3142223711411188,0.2540217968479478,0.27457557564405904,0.2376677819674119,0.23153154357881,0.1592269648629449,0.1755867714945885,coarse_covariates_ridge,,,
104,15,1.0310056471071656,1.1041643896801927,0.3078657690873618,0.28157418176236104,0.3576934308765294,0.29925209589347435,0.3132303571192603,0.2906665554085388,0.263383599306301,0.26018304844531714,0.2467458661363874,0.22489493014003864,0.1668670145218173,0.16250057591838063,coarse_covariates_ridge,,,
104,16,1.0733346456315314,1.1302634053191096,0.3262218137076662,0.26057768930998915,0.3754614569632339,0.2944013329552571,0.3324593336212255,0.27785436286110726,0.2745981740672891,0.25246313297710254,0.2566564176121083,0.22392589013130884,0.1746185963375051,0.15921539225242998,coarse_covariates_ridge,,,
104,17,1.0593718335646076,1.1384363947335068,0.3262052274673028,0.24438456607559012,0.3759243097753009,0.29838997793799327,0.3355508670267959,0.2777443751640072,0.2760016479919621,0.2468136464134243,0.260059305249957,0.22466898334687566,0.1735435604821331,0.15514692901841867,coarse_covariates_ridge,,,
104,18,1.05299677893542,1.1635631744782755,0.3345806696558405,0.20030598065981386,0.3805979056095748,0.2924985167871998,0.3407019384609852,0.26412962514616933,0.2753957703180352,0.2376793388669537,0.2612137910958647,0.2221554067057754,0.1742815175570419,0.14692723488476594,coarse_covariates_ridge,,,
104,19,1.0410349696920318,1.170148331902678,0.3404343207321456,0.22581668409392608,0.3832118832488657,0.30527800977278813,0.3432922949688924,0.28069993616710076,0.2749556179504961,0.24235798025486732,0.2618977915600427,0.2296832138829031,0.1737687103872925,0.15178984228883294,coarse_covariates_ridge,,,
104,20,1.0583469526982936,1.1714191125314646,0.3579153178555093,0.19093088669668457,0.3947256893030517,0.2984801946017005,0.3557903429028795,0.2756297434745646,0.2804202268772533,0.23281730905505366,0.2663583337364116,0.2313572591390117,0.178269447834911,0.1440292474021262,coarse_covariates_ridge,,,
104,21,1.074327635853354,1.1725320067652747,0.3777631960876019,0.13954209140272966,0.4046187575230334,0.2906505744232079,0.3682344597959635,0.2655489301837446,0.2848680650922429,0.2224045801772252,0.2714613321691788,0.22825349823232916,0.1831292449877449,0.13436890976020668,coarse_covariates_ridge,,,
104,22,1.073026372459768,1.139982078700835,0.3875897947731873,0.05662600316956545,0.4106998913364221,0.2804046826744388,0.3749539032069516,0.2568569121464629,0.2848497662156833,0.20841834874522353,0.2725114635164304,0.22221582984641344,0.184623972562442,0.11666772695905313,coarse_covariates_ridge,,,
104,23,1.08876633172572,1.1575761518273795,0.4049221578508785,0.07298849918739492,0.4224488318644216,0.2936457988785819,0.3869475943294023,0.2705727363957172,0.2877922583761865,0.20849910479880995,0.2767092867415082,0.2252266386098119,0.1891667747940704,0.12027201421158347,coarse_covariates_ridge,,,
104,24,1.1052727584493915,1.1547642402550173,0.4231467094714011,0.078798956735593,0.4339853734641465,0.30424014613423084,0.4000134994232894,0.28138198230485345,0.2915109719717799,0.21083083250807486,0.2807246859788995,0.22984617757182066,0.1941048090867464,0.12267914203353102,coarse_covariates_ridge,,,
104,25,1.1454765636932511,1.1512965911929085,0.449722328137078,0.009803277381109088,0.4538031784049677,0.2901152035743101,0.4218324909889124,0.259944479652401,0.3021895120438058,0.19796122440992833,0.289706971433531,0.2278402771336751,0.2032337907220737,0.11040330116561436,coarse_covariates_ridge,,,
104,26,1.1476693335317845,1.1588218815280542,0.4600908170737318,-0.055774170222186004,0.4594712358595103,0.2825586634155532,0.429982823749549,0.24006610695750832,0.303498745564024,0.18975005649958948,0.2939079061379764,0.22820975234695076,0.2059081261913312,0.10197366763190865,coarse_covariates_ridge,,,
104,27,1.1460897264917096,1.1775658210283362,0.4729262792634101,-0.056658405574024795,0.4652285191078177,0.2907702209852029,0.4363093976566998,0.24588936777469042,0.3044666002090953,0.19005154016937117,0.2962134003680717,0.23290967000148471,0.208385807802525,0.1067429605275285,coarse_covariates_ridge,,,
104,28,1.1433898743899982,1.1620851216527657,0.4888764069022333,-0.08167276068549323,0.4700740766794148,0.2962625983421053,0.4428978222855391,0.25604743894672266,0.3057250411550984,0.18825742617233823,0.2980344674386667,0.23623011998768756,0.2110551390884188,0.10202806646983767,coarse_covariates_ridge,,,
104,29,1.15625747688919,1.1581407010890845,0.5121968088029071,-0.13641370525470597,0.4798439085122357,0.2934802375996184,0.455155966938063,0.25044222373116964,0.3112084202451002,0.17933688861542224,0.3028073846807556,0.23161070505452744,0.2165470806246694,0.09402941873582318,coarse_covariates_ridge,,,
104,30,1.1921929760616303,1.1502849653682954,0.5478411008324722,-0.18436945436596652,0.5003868608666919,0.2853627776845337,0.4773304213661443,0.24140875958178115,0.322305587907196,0.17179938153504806,0.3133757270984865,0.23006894231279246,0.2267748024623101,0.08525818563686843,coarse_covariates_ridge,,,
104,31,1.2088654453854195,1.1310027029441239,0.5736617000783774,-0.27504889717931036,0.5128260263960338,0.2686301362893319,0.4920312299499271,0.2271721263607602,0.3299474846074345,0.1535456875260547,0.3188843036972279,0.22300171160423288,0.2335767566188171,0.06685189413425033,coarse_covariates_ridge,,,
104,32,1.2396009956363343,1.1118777123111483,0.6082628364387347,-0.24703453549765841,0.5321688308217591,0.28371351793627997,0.5134938696759624,0.24961887732218638,0.3409425255517518,0.16110783888328903,0.328778885518552,0.22807484253227533,0.2435690649228861,0.07055960465659597,coarse_covariates_ridge,,,
104,33,1.2510740231762951,1.10959728661111,0.6318306829991194,-0.27130780460566317,0.5433321398661511,0.2826470776449234,0.5269858469332362,0.2515767821340067,0.3468611279073505,0.15864522629181277,0.3339501309940852,0.22814235856314313,0.249905076418272,0.0671360774882267,coarse_covariates_ridge,,,
104,34,1.2572259906452083,1.0989682442085087,0.6545924018858685,-0.2642481367208327,0.5540984954370132,0.29210031724894786,0.5389005094225103,0.2678098599740771,0.3512759388117343,0.16177501941378047,0.3390378872171014,0.23334141028836383,0.2555590461110776,0.0681242032593519,coarse_covariates_ridge,,,
104,35,1.268729421674195,1.0923946737395518,0.6843770054587487,-0.26371045077571376,0.5665190175410768,0.2990562392277153,0.5533019115093895,0.2788561659706009,0.3584568178962466,0.16406438447734997,0.3443725727378609,0.23485851529214657,0.2629264355165334,0.06879119711131154,coarse_covariates_ridge,,,
104,36,1.2781354241510656,1.0945641768663479,0.7136890654761735,-0.30627909127756503,0.576813658105925,0.2907051121735842,0.5670778455938654,0.2704324770013856,0.3652968494672924,0.1564465237234716,0.3488933900177878,0.23372776609315335,0.2699947248788064,0.06222882309672784,coarse_covariates_ridge,,,
104,37,1.2987418591973174,1.0855530704102152,0.7500147410516805,-0.31626312873458295,0.5939637304205412,0.290650593757322,0.5868151068529285,0.2737254825246779,0.3754170656511046,0.15357653907249577,0.3567582534136007,0.2340550001303345,0.2796819511010385,0.0594694833168567,coarse_covariates_ridge,,,
104,38,1.310427493723359,1.0849985103615036,0.783309719338052,-0.33779401853207514,0.6076667872649641,0.2882437440227089,0.603389015142778,0.27168818575357867,0.3833160711226551,0.14815215921392832,0.3636626408866064,0.23089884135486868,0.2880204034052671,0.05618786799743217,coarse_covariates_ridge,,,
104,39,1.3216490281914162,1.088450708255238,0.8153865671195076,-0.3636917156253925,0.622268440368203,0.2798146497812843,0.6207822360567534,0.2645880519965652,0.3912812422047103,0.1428871741735099,0.3707118843059234,0.22896035183317118,0.2962330249218843,0.05190897185841617,coarse_covariates_ridge,,,
104,40,1.332997976327479,1.0825042564234066,0.8488162731556638,-0.40693438701504925,0.6376319123918602,0.2702011528517513,0.6392926654126557,0.252175123132469,0.4001583086072036,0.13349399735317438,0.3785533205996481,0.2236971365283606,0.3048148398562877,0.043602476238885884,coarse_covariates_ridge,,,
104,41,1.3345366932192648,1.0823940136770904,0.8775275639299356,-0.37514790425462596,0.649562597827551,0.2803805198066974,0.6540578387531484,0.26567836689616536,0.406382308111119,0.1405204877923658,0.3839560556775358,0.22722782199488456,0.3115684138022243,0.0498464440074419,coarse_covariates_ridge,,,
104,42,1.3394814499904832,1.0860082094167811,0.9076708611704034,-0.4030435310624707,0.6630052032207524,0.27325989466332434,0.670894020885299,0.2543166137006819,0.4146425700504489,0.1307833076413852,0.3906264577463538,0.22394053512630022,0.3190061034058617,0.04536847744595063,coarse_covariates_ridge,,,
104,43,1.341955456780881,1.0775376468041942,0.938725351476702,-0.3770332286856055,0.6769265808290621,0.28104703489485844,0.687599392030866,0.2655336513621387,0.4218535409229342,0.13475414588691256,0.3973712168194869,0.2256198708411467,0.3263660030066338,0.04899886789347596,coarse_covariates_ridge,,,
104,44,1.34018638435547,1.0747058763346282,0.9688264860323048,-0.37739350425025053,0.6894260886673687,0.28063573725000324,0.7025278233539127,0.26496305359561,0.428213979208668,0.13212806559885562,0.4029878658684955,0.22461933274554788,0.3330331439765599,0.04846377230291862,coarse_covariates_ridge,,,
104,45,1.3333822031454832,1.0712230249817034,0.996300690121433,-0.3526057673654557,0.7000041613740448,0.2863965157212093,0.7154142609898576,0.27339503967866186,0.4333412566174401,0.13592097435321926,0.4073722007740012,0.22669074200949987,0.3386029966712207,0.052386483551867424,coarse_covariates_ridge,,,
104,46,1.3298579749216426,1.0594678082167253,1.0273120204155342,-0.359512063123824,0.7125882987876624,0.2817843455314226,0.7304169225423377,0.27106955548611067,0.4395274359759019,0.13261452679965016,0.4132131066158253,0.2249676397421281,0.3451123858517549,0.04874845582573811,coarse_covariates_ridge,,,
104,47,1.317378187494344,1.0570071638927903,1.0510205848409957,-0.33358770800473314,0.7209101008017204,0.28597440064847396,0.7407381291167634,0.2780015555633072,0.4432164575937892,0.13772564779525484,0.4169100761940092,0.22749869221606805,0.3492017084823869,0.0526881057018552,coarse_covariates_ridge,,,
104,48,1.3041961969048756,1.0510074879176803,1.0749309911327989,-0.31883936572619476,0.729055773527943,0.28767059171423953,0.7509802576101949,0.28182105909645766,0.4468111409875419,0.13907721710628448,0.4204023434421622,0.22759820175900142,0.3531413314919099,0.05409898580763706,coarse_covariates_ridge,,,
104,49,1.2860597047022713,1.046638922025475,1.094189366400546,-0.29523804685798405,0.7344389998135503,0.2915324037240161,0.7581419460399085,0.28815531513697645,0.4487363424933975,0.14326640389818857,0.4220376288373955,0.22992743541068467,0.3554475583900418,0.05732149949723256,coarse_covariates_ridge,,,
104,50,1.26946009143524,1.0389710105661227,1.116799094992583,-0.27934665989747764,0.7406328065527565,0.2933143497561369,0.7660784727520342,0.2920450031946584,0.4510767044357562,0.1444839071971452,0.4243033311467582,0.23038626859897504,0.3582817872310282,0.05859650187595608,coarse_covariates_ridge,,,
104,51,1.2499677102470172,1.033570437298344,1.1360515669953632,-0.2688984787285824,0.7446560227236442,0.29318144696530996,0.7716528215494615,0.29308085529253247,0.4521811568269811,0.14525972303065848,0.4254415331721145,0.23088205664102457,0.3598703834993451,0.05912023651896334,coarse_covariates_ridge,,,
104,52,1.2281413489232955,1.025026611646295,1.1524469457651252,-0.24217699031964113,0.7465130825202114,0.29862986469075986,0.7751225044270419,0.3016712032561816,0.452294060905523,0.1489686630843054,0.425492014917082,0.232972516616692,0.3603373618369113,0.06237688175775338,coarse_covariates_ridge,,,
104,53,1.2068274433807114,1.0135110809653447,1.169062006450808,-0.24561720514516128,0.7484807977395788,0.29443169257460305,0.7784447315946849,0.3000136476248395,0.4520332784789687,0.14645008372236396,0.4253937039949962,0.23181055681693388,0.3606521515206542,0.05932011249108743,coarse_covariates_ridge,,,
104,54,1.1818116230982083,1.0078116631868024,1.1815919452542984,-0.24594222883104022,0.7476046877591004,0.29281017192810666,0.7785877934735828,0.29836295404812435,0.4501290089210658,0.14587236263927678,0.423901057700168,0.2298441703680224,0.3594036612410016,0.05838602292678838,coarse_covariates_ridge,,,
104,55,1.1584517915320138,0.9994055364345342,1.195647963289201,-0.20956242518189883,0.746516098056101,0.29974306551915403,0.7793696042313302,0.31007316916865546,0.4476987060579538,0.1502648747096954,0.4225376521293802,0.23318471294184615,0.3582555499861605,0.06299681640562602,coarse_covariates_ridge,,,
104,56,1.1371943763640835,0.9926549542395862,1.2128016832401225,-0.1921539270799144,0.7454948931759414,0.30051977185187,0.779433550559903,0.31294838439577244,0.4462192195730346,0.15181239601456215,0.4215687760971137,0.23395001767167536,0.3574919302468572,0.06444351427324263,coarse_covariates_ridge,,,
104,57,1.1138619783211177,0.9825243241566787,1.2289574844902444,-0.1561264612705614,0.7419409261670149,0.3069687947644505,0.7774951400532429,0.3246765923478375,0.4428277673915626,0.15638907140841,0.4189336200975165,0.23659096366650043,0.3556434876915062,0.06865999719603841,coarse_covariates_ridge,,,
104,58,1.0931892097429918,0.9691386541586704,1.2452262035450257,-0.10964997337882976,0.7389911613198057,0.3145041778305172,0.7764389031188265,0.33961284481285037,0.4387933857955918,0.1616994161303859,0.4164587402813868,0.24014171932584033,0.3539827099632885,0.07370044007578141,coarse_covariates_ridge,,,
104,59,1.0729140543974909,0.9563566161396126,1.2651498752724946,-0.06157774913223735,0.7338815578400009,0.3216373096906119,0.7738933515533502,0.3544820741551134,0.4352716436468224,0.1691259260377741,0.4124797892351652,0.24241595014031803,0.3522027354173695,0.07934965975708752,coarse_covariates_ridge,,,
104,60,1.052976493062675,0.9426802696447627,1.2835532936720166,-0.01700034734476008,0.7285070098394775,0.3262602026157004,0.7713436293563504,0.3671727667116138,0.4300570751146484,0.17382263700354314,0.4085271339822141,0.24410681794331843,0.3495970597124065,0.083654248631853,coarse_covariates_ridge,,,
104,61,1.0342279241763468,0.9215153864607623,1.2984427473564528,0.07515433191631149,0.7186289953834811,0.34060192249209614,0.7638289886205447,0.3952613302441304,0.4271314691158997,0.1908817671993495,0.404005381671092,0.25165731309725364,0.34685766734133,0.09492692915665546,coarse_covariates_ridge,,,
104,62,1.0162851920497942,0.9059334198606044,1.315860730037987,0.2225993614212496,0.7092048032703143,0.36668144638282185,0.7598324031787241,0.43911069333221026,0.420091229280885,0.21189636234477327,0.3986597604894915,0.2633865549015274,0.343974177483613,0.11576933330202549,coarse_covariates_ridge,,,
104,63,0.9981715709299268,0.8852536473141869,1.3337933027579822,0.27629748669346244,0.701889530681678,0.3700794054324722,0.7562099402438086,0.4529563348784246,0.4182374000261161,0.22090292490771385,0.3900515124427991,0.26088372698827145,0.3400299601025803,0.12009037866755867,coarse_covariates_ridge,,,
104,64,0.9821443353790223,0.8677504323233549,1.3480642986903948,0.2959191509118181,0.6946308120173064,0.3601656744624143,0.7538357889719988,0.4495980066343592,0.4123517712759657,0.2190909488814467,0.3824326782989763,0.2511921180613586,0.3363427194634708,0.11832973306258593,coarse_covariates_ridge,,,
104,65,0.9672597073018848,0.8548966395593368,1.353593826599928,0.4779051129127322,0.679725729318354,0.3870152544820282,0.7492340739786484,0.4964113615566945,0.4077409812012409,0.247289280956073,0.3721914300379923,0.2600030559700587,0.332732509456648,0.1447205582718285,coarse_covariates_ridge,,,
104,66,0.953619009028374,0.837031224654539,1.3581696611296148,0.6142446832304644,0.6631355615155574,0.4025118040235225,0.7400591855329577,0.5273735830133259,0.4054026342113213,0.2698967663133235,0.3621016985257076,0.2641087482831372,0.3292836387410158,0.16275298487737352,coarse_covariates_ridge,,,
104,67,0.9412618265305048,0.8186058800275207,1.353565906174769,0.5878829427677318,0.6589940657745003,0.3740042296643754,0.7320401383949915,0.4946029011751815,0.3997428730772793,0.255037989075748,0.3625174494278819,0.2515460369215243,0.3257814004147739,0.15103405307927908,coarse_covariates_ridge,,,
104,68,0.9275729763850908,0.814889136723073,1.3538372793691993,0.6330874807532413,0.6541920863782321,0.3694915596805187,0.7254218119785982,0.48648265985571676,0.3915338325195166,0.25352855109550787,0.3578973970973313,0.2458407491887223,0.3218476100666534,0.15555933937926958,coarse_covariates_ridge,,,
104,69,0.9148526809176216,0.8155355370421763,1.3559462170561394,0.6714625543494617,0.6527753332783934,0.3671631590736457,0.7220501085935527,0.4779957046060278,0.3845683094351313,0.2523724463404591,0.3483974194179225,0.2368433581056452,0.317021998173003,0.16061466014482378,coarse_covariates_ridge,,,
104,70,0.9031694599197552,0.8009385142340646,1.3502191393408391,0.7064344015091317,0.6511268975669183,0.36198324459382764,0.7165009253468858,0.4707107076759422,0.3742200874408493,0.24922982324678777,0.3377282800176883,0.22696377968390077,0.312360935669778,0.16192091859687527,coarse_covariates_ridge,,,
104,71,0.8916323132877458,0.7936614854334267,1.343389320542378,0.750366515693615,0.6454211405796971,0.34810648146351736,0.7186648251870815,0.46308723568569293,0.3650239765908235,0.24315972813226092,0.3414864270677938,0.2260955896728774,0.3074939258800845,0.16243031821099252,coarse_covariates_ridge,,,
104,72,0.8798164266728014,0.7833512325924129,1.3383216051744593,0.7441730477986034,0.6463435693196405,0.3296986955123556,0.7175204322444101,0.4412844085544985,0.3491027889023804,0.2294924741880836,0.33898135848416,0.21547686940937666,0.302058493296624,0.15614340628894396,coarse_covariates_ridge,,,
104,73,0.8684387439924517,0.7863103985215899,1.3385811348491587,0.7679259313830615,0.6431667529397691,0.31689305986228833,0.7114072628406879,0.4232927388968995,0.3370046108737998,0.22303681047682458,0.3418989274673469,0.21131889980512192,0.2966756554494968,0.15696190240971594,coarse_covariates_ridge,,,
104,74,0.8580262176503937,0.7959583079316502,1.3419512405456366,0.8399819338023069,0.6430219608080618,0.3228882549810192,0.7152610702392495,0.4253095730831339,0.3350776889747678,0.23071253347529916,0.3237608297499441,0.2057977125703788,0.292103905979412,0.16937334240792923,coarse_covariates_ridge,,,
104,75,0.8467293609244928,0.8060061912697342,1.3316960380374308,0.8868795877207172,0.6403469321130189,0.3186814492860362,0.7246687276292345,0.41705164988279897,0.3249998652804162,0.23109635390321548,0.3033781648478821,0.1963204322358416,0.2864596844785554,0.17673773282118535,coarse_covariates_ridge,,,
104,76,0.8396194113950344,0.7989022447880242,1.312801746903543,0.91807490408156,0.6365793984628454,0.31171656575852896,0.705179680281584,0.40527721004375894,0.3134084994082971,0.23026050889727245,0.2987059845899742,0.19290751866334382,0.2816762003786319,0.17841521069521,coarse_covariates_ridge,,,
104,77,0.8319204405445352,0.7986781247567144,1.287423990097948,0.8924426828056503,0.6361863251536904,0.286718511460188,0.7125228525557035,0.3771720833881602,0.3122035051224152,0.21848816295999335,0.3055280693116718,0.18430554166701302,0.2756666820314982,0.1702440541817125,coarse_covariates_ridge,,,
104,78,0.8265806227269509,0.7984796833322179,1.267255329822478,0.9090110614840666,0.63572804744528,0.27797480601281743,0.7086755053417603,0.36459747296263056,0.3061126973600354,0.21603971056151997,0.3010994820541948,0.17929394493225134,0.2711852883965734,0.17093573705053125,coarse_covariates_ridge,,,
104,79,0.8224805484675766,0.7888406071678756,1.2605859068722045,0.9395649348631772,0.6109103034453566,0.2733771187702051,0.6857829507454916,0.3628093124655035,0.3124313161506697,0.22034678420351803,0.2932270709978831,0.1782402954985531,0.267555044033668,0.1727664744541471,coarse_covariates_ridge,,,
104,80,0.8154857688081677,0.7823045028434712,1.2434112784879834,0.9789503313410723,0.5858364119785322,0.2711371861201416,0.6596556044873576,0.3619093052257329,0.2929481527091758,0.22232013142498896,0.2850466269664248,0.1777528687360304,0.2635456982605072,0.17642546249782376,coarse_covariates_ridge,,,
104,81,0.8093082442945677,0.7813108431884713,1.213472067579728,0.9830781565030166,0.6046030271394229,0.2643752317352435,0.6420389060177015,0.3483449952886642,0.2605813333582736,0.2159095131535798,0.2899131045991361,0.17391328796825112,0.2583949000323784,0.1754635727322709,coarse_covariates_ridge,,,
104,82,0.8067767488657542,0.7794699740561668,1.1817677714263288,1.0298803872857905,0.5954558397187628,0.26989329059706607,0.6136345991936906,0.3530100211025838,0.2479631640607135,0.22167128211704928,0.2643089642566376,0.17393174404070852,0.2541201650058894,0.18254178759544853,coarse_covariates_ridge,,,
104,83,0.805960542741362,0.7372465224589905,1.17802542200302,0.9737136252809411,0.5387831194517105,0.25556977300131967,0.5715924335049611,0.32708892540309303,0.2478837150124191,0.21310263593615136,0.2532974460136819,0.16550417430847442,0.2520227432930028,0.1791482220732196,coarse_covariates_ridge,,,
104,84,0.8036729994531567,0.6836613340586432,1.170067930128445,0.9063708844445515,0.4747264140993301,0.23945811346542323,0.501702693028047,0.30150891206145947,0.2174786748780915,0.20107742129250872,0.2471717811684581,0.15701762216625192,0.2486633990173876,0.1716995566360691,coarse_covariates_ridge,,,
104,85,0.8021283904906241,0.63658475451577,1.1468655557288947,0.8293425348882768,0.4212431613379114,0.22241226127705027,0.4212017188867469,0.270619364000274,0.1897548112543364,0.18739553064590028,0.2370729083711213,0.14659279434424094,0.2465414574191038,0.16406910241073935,coarse_covariates_ridge,,,
104,86,0.7993517115076271,0.6408347965224853,1.1375078873879036,0.8509749624256396,0.4007159008005456,0.22273055105329956,0.4006839090315741,0.26880468549576375,0.1885361566549171,0.18848305682277505,0.2126593353764197,0.1454501337619611,0.2434651205495384,0.1678248520183652,coarse_covariates_ridge,,,
104,87,0.7931460774326998,0.591255554257077,1.1319921376971782,0.7705230436834251,0.3315239027900985,0.20645201609696678,0.3314877260078858,0.24096091594721605,0.187132450661147,0.17552822085716732,0.1968383542046374,0.1353879767683281,0.2399379111280236,0.15951640886243257,coarse_covariates_ridge,,,
104,88,0.7869651694634703,0.5907406477777901,1.1121926023485484,0.7713067582932829,0.3252522245194198,0.20179542742434314,0.3252247937552697,0.2346134665842469,0.1857461204274141,0.1725496463672338,0.176906397444724,0.13231805165646093,0.2352203149946615,0.1587686913357757,coarse_covariates_ridge,,,
104,89,0.7813236279830076,0.5874937223536298,1.00587185510123,0.745394850601527,0.2955805410633841,0.18790624698374275,0.295570956218212,0.2186860421874959,0.1894262580682771,0.1641314206533394,0.1911478337429371,0.12655684923678195,0.2298395169547818,0.15228881776312592,coarse_covariates_ridge,,,
104,90,0.7778232703619182,0.581139682183323,1.0337095519713524,0.7450410853893806,0.3023834184828086,0.1841884854758699,0.3023745042302522,0.2155247403862274,0.1893547407457204,0.16161176882026068,0.1945310185801194,0.12456824224400677,0.2264061865235636,0.1505913558517495,coarse_covariates_ridge,,,
104,91,0.7754325234335017,0.5752235991093648,1.0495084721086507,0.7392722694530166,0.3146930742018771,0.1786374881213325,0.3146853098468533,0.21001310863197545,0.1888239521485167,0.15784639860983685,0.2005673959506209,0.12176382185754304,0.2202190358853367,0.14790307251033974,coarse_covariates_ridge,,,
104,92,0.7730980945779287,0.5322492495295046,1.0131932648544368,0.6464458446412038,0.3484281102009829,0.16024800438419623,0.3484242806528091,0.17629348444535603,0.1894780773571658,0.14109700389743463,0.1516443321194978,0.10907537345336205,0.2158757357124711,0.13861365045731566,coarse_covariates_ridge,,,
104,93,0.7682743456643186,0.5270108096359227,0.968319999939115,0.6387280589134702,0.3134647703135287,0.15327776925662412,0.3134429064514438,0.1690994512993298,0.1877146417885042,0.1368737835012932,0.1502178953064278,0.10601628214082345,0.2142960416211978,0.13551580414533587,coarse_covariates_ridge,,,
104,94,0.7622470161688778,0.5202188123692675,0.9689034468921638,0.6437893444255413,0.3239942417698256,0.15139324359541584,0.3239735146505711,0.16828847945104475,0.1872988339924396,0.13559985004555958,0.1498868226610209,0.10484348854173678,0.2094814886303995,0.13480916366399276,coarse_covariates_ridge,,,
104,95,0.7640609357087444,0.4723226583627916,0.8161209993953933,0.5513425509332022,0.2296992254126324,0.1329373473236254,0.2296854893345868,0.13674052999556102,0.2009695180961636,0.11963939599592222,0.1608146822693628,0.09354282979818657,0.2126220200903928,0.12474169271514231,coarse_covariates_ridge,,,
104,96,0.7613365066934736,0.4655306610961363,0.7575120122594365,0.5564038364452735,0.2355350954714272,0.1310528216624171,0.2355187292620144,0.13592955814727609,0.2060693872490012,0.11836546254018865,0.1648894723403796,0.09237003619909992,0.2084797535488554,0.1240350522337992,coarse_covariates_ridge,,,
104,97,0.7607766362535356,0.45830070673313256,0.832960811033493,0.5668801726815622,0.2368986584497834,0.13100153184787333,0.2368839288613119,0.1374689162519746,0.2072648869839127,0.11833724746180019,0.165842475874191,0.09201305599370177,0.2050737289618191,0.12431923318248934,coarse_covariates_ridge,,,
104,98,0.7619976292836443,0.45150870946647736,0.8497954976848954,0.5719414581936331,0.2343105358593124,0.129117006186665,0.234294198769127,0.13665794440368956,0.2050048300218638,0.11706331400606657,0.1640285243076369,0.0908402623946151,0.202333663434127,0.12361259270114623,coarse_covariates_ridge,,,
104,99,0.7623576397013234,0.4442787551034736,0.908815947916406,0.582417794429922,0.234476695234284,0.12906571637212122,0.2344619918531171,0.13819730250838808,0.2051519083604674,0.1170350989276781,0.1641437209495052,0.09048328218921697,0.1986183461633462,0.12389677364983638,coarse_covariates_ridge,,,
104,100,0.7619052600800903,0.4374867578368184,0.9283489396448608,0.5874790799419931,0.2370235429777295,0.12718119071091305,0.2370066475273981,0.13738633066010325,0.2073754557717382,0.11576116547194454,0.1659165401237938,0.08931048859013033,0.1944449539081563,0.12319013316849327,coarse_covariates_ridge,,,
104,101,0.7646087076987876,0.43113271766651157,0.8097000051237832,0.5871253147298467,0.2404831200390868,0.1234634292030401,0.2404649757410681,0.13422502885883475,0.2104179919317406,0.11324151363886575,0.1683437188797648,0.0873218815973551,0.1947464901453988,0.12149267125711678,coarse_covariates_ridge,,,
104,102,0.7664014398005684,0.4239027633035079,0.9087300046114049,0.5976016509661355,0.2401500294184292,0.12341213938849638,0.2401336995502124,0.13576438696353327,0.2101270114489113,0.1132132985604773,0.168110001960064,0.08696490139195698,0.1918724960991347,0.12177685220580699,coarse_covariates_ridge,,,
104,103,0.766954447976424,0.41667280894050424,0.9978570041502643,0.608077987202424,0.2382618885036026,0.1233608495739526,0.2382471916222074,0.1373037450682318,0.2084753145776593,0.11318508348208883,0.166787805182969,0.08660792118655883,0.1881740499081326,0.12206103315449714,coarse_covariates_ridge,,,
104,104,0.0,0.368099011753652,0.0,0.5175801635014547,0.0,0.10632419107519697,0.0,0.1074381970045224,0.0,0.097682479618169,0.0,0.07556193336908348,0.0,0.11240312517621677,coarse_covariates_ridge,,,
104,105,0.0,0.36086905739064834,0.0,0.5280564997377435,0.0,0.10627290126065325,0.0,0.10897755510922091,0.0,0.09765426453978054,0.0,0.07520495316368533,0.0,0.11268730612490697,coarse_covariates_ridge,,,
104,106,0.0,0.35363910302764456,0.0,0.5385328359740322,0.0,0.10622161144610953,0.0,0.11051691321391943,0.0,0.09762604946139208,0.0,0.07484797295828718,0.0,0.11297148707359712,coarse_covariates_ridge,,,
104,107,0.0,0.3464091486646409,0.0,0.549009172210321,0.0,0.10617032163156581,0.0,0.11205627131861795,0.0,0.09759783438300362,0.0,0.07449099275288909,0.0,0.11325566802228727,coarse_covariates_ridge,,,
104,108,0.0,0.3391791943016371,0.0,0.5594855084466097,0.0,0.10611903181702198,0.0,0.11359562942331647,0.0,0.09756961930461516,0.0,0.07413401254749094,0.0,0.11353984897097748,coarse_covariates_ridge,,,
104,109,0.0,0.33194923993863346,0.0,0.5699618446828985,0.0,0.10606774200247826,0.0,0.11513498752801493,0.0,0.0975414042262267,0.0,0.07377703234209279,0.0,0.11382402991966763,coarse_covariates_ridge,,,
104,110,0.0,0.3247192855756297,0.0,0.5804381809191872,0.0,0.10601645218793454,0.0,0.11667434563271345,0.0,0.09751318914783824,0.0,0.07342005213669464,0.0,0.11410821086835783,coarse_covariates_ridge,,,
104,111,0.0,0.317489331212626,0.0,0.5909145171554757,0.0,0.10596516237339082,0.0,0.11821370373741197,0.0,0.09748497406944978,0.0,0.07306307193129655,0.0,0.11439239181704798,coarse_covariates_ridge,,,
104,112,0.0,0.31025937684962235,0.0,0.6013908533917645,0.0,0.10591387255884699,0.0,0.11975306184211049,0.0,0.09745675899106132,0.0,0.0727060917258984,0.0,0.11467657276573813,coarse_covariates_ridge,,,
104,113,0.0,0.30302942248661857,0.0,0.6118671896280532,0.0,0.10586258274430327,0.0,0.121292419946809,0.0,0.09742854391267286,0.0,0.07234911152050025,0.0,0.11496075371442833,coarse_covariates_ridge,,,
104,114,0.0,0.2957994681236149,0.0,0.6223435258643419,0.0,0.10581129292975955,0.0,0.12283177805150752,0.0,0.0974003288342844,0.0,0.0719921313151021,0.0,0.11524493466311848,coarse_covariates_ridge,,,
104,115,0.0,0.28856951376061113,0.0,0.6328198621006307,0.0,0.10576000311521583,0.0,0.12437113615620604,0.0,0.09737211375589594,0.0,0.07163515110970395,0.0,0.11552911561180869,coarse_covariates_ridge,,,
104,116,0.0,0.28133955939760735,0.0,0.6432961983369194,0.0,0.105708713300672,0.0,0.12591049426090456,0.0,0.09734389867750748,0.0,0.07127817090430585,0.0,0.11581329656049884,coarse_covariates_ridge,,,
104,117,0.0,0.2741096050346038,0.0,0.6537725345732079,0.0,0.10565742348612828,0.0,0.12744985236560308,0.0,0.09731568359911902,0.0,0.0709211906989077,0.0,0.11609747750918899,coarse_covariates_ridge,,,
104,118,0.0,0.2668796506716,0.0,0.6642488708094967,0.0,0.10560613367158456,0.0,0.1289892104703016,0.0,0.09728746852073056,0.0,0.07056421049350955,0.0,0.11638165845787919,coarse_covariates_ridge,,,
104,119,0.0,0.25964969630859636,0.0,0.6747252070457854,0.0,0.10555484385704084,0.0,0.13052856857500011,0.0,0.0972592534423421,0.0,0.0702072302881114,0.0,0.11666583940656934,coarse_covariates_ridge,,,
107,0,0.814284620503459,0.7554153431887485,0.4213477021364857,-0.35118458008776154,0.5331520810910546,0.19062579536056207,0.52746027528933,0.09481469207001014,0.5445632973951474,0.19022358548019488,0.4195786104010203,0.14924502781997562,0.3884838437833017,0.12690861020606986,coarse_covariates_ridge,,,
107,1,0.6411167767247635,0.5658859276671,0.2781419546152247,-0.23032113135906873,0.331716857015381,0.23005823733242592,0.3419337731601972,0.17008891915177532,0.3475252179157763,0.23499873925661935,0.275096370869535,0.16716662415932038,0.2511106318606005,0.14922294300157546,coarse_covariates_ridge,,,
107,2,0.682688470376792,0.46142959401948613,0.260089606828615,-0.16097166846016442,0.2885582169377283,0.2510649378039662,0.2915518492312571,0.2109535407109094,0.29147619475638,0.258865654234131,0.2312118034217514,0.1765582181111184,0.2156175797687238,0.16125653826856717,coarse_covariates_ridge,,,
107,3,0.7565622884976912,1.0088031140320057,0.25481820755466,0.2427717036749366,0.2631554507577512,0.2754806276941111,0.2690840154664947,0.27968354913492843,0.2649704340985027,0.27928454192319696,0.2116493879098915,0.2111033546460148,0.1995120703034353,0.17111372356981785,coarse_covariates_ridge,,,
107,4,0.8936649940979801,1.0014737962352367,0.2749141136858741,0.2562891774617193,0.2926090993997444,0.27647750904495155,0.299728451471524,0.2825784485905505,0.2889865749253473,0.2800019160528209,0.2326599839630922,0.21121451777081485,0.2056105506671135,0.17197932447112138,coarse_covariates_ridge,,,
107,5,0.910401604198761,1.0716667540320715,0.2553729726329001,0.33820462160373166,0.2935758372037009,0.2847614291971965,0.2959072112150363,0.30184651814623153,0.2822410364960989,0.2868172676465326,0.2305687325557911,0.21898741756611972,0.190326728297592,0.17683117943410456,coarse_covariates_ridge,,,
107,6,0.8085027187865989,1.0646702507237982,0.2142821127856077,0.3086680439428232,0.2540933335556867,0.2757935771125281,0.2616269062522793,0.3001274055388507,0.244912729937316,0.28097176749455666,0.2059122061162742,0.22119983069813648,0.1570289575966009,0.16674235325808417,coarse_covariates_ridge,,,
107,7,0.799527612397603,1.034966301079374,0.2095156507868584,0.3142608753793611,0.248013232193217,0.2778267177791691,0.2571394085246068,0.3123825332585272,0.235310348706084,0.28713755072299985,0.206746099512131,0.22561823328890956,0.1451404217674574,0.1661383846768184,coarse_covariates_ridge,,,
107,8,0.9024673172459184,1.0255638889964942,0.2361748090850737,0.3374527676336454,0.272566994188165,0.2830608396146556,0.2931278585874723,0.3210251360516854,0.2621984168535458,0.29080356224002935,0.2327772248477136,0.2277842120767264,0.1552067554032487,0.16894802973538162,coarse_covariates_ridge,,,
107,9,0.9593701503498446,1.0429956667370042,0.2469017319279185,0.28721602305714167,0.2871724795115187,0.2703303417815559,0.3161323350390684,0.2996694600517049,0.2790028577760204,0.2800205313122063,0.251353510894208,0.2190179373754368,0.1595700142316319,0.15976795158222534,coarse_covariates_ridge,,,
107,10,0.9887549850615708,1.0883228726823293,0.2537952327441228,0.28364731252966047,0.2989234614237406,0.2678622101448348,0.3327228910802587,0.29023628454051775,0.2903299553040145,0.2752227103434502,0.2604483732097444,0.2180860332772221,0.1615244005983857,0.15881726226559578,coarse_covariates_ridge,,,
107,11,0.9931679916353492,1.114589321817291,0.2584929111600821,0.3105170770938502,0.3037354059561989,0.27617266662528367,0.3418689294205465,0.2978169040768235,0.2982466342309926,0.27793636886882545,0.2606248982633077,0.2231945795689665,0.1609715610004773,0.16290566942490112,coarse_covariates_ridge,,,
107,12,0.9554397059060372,1.0588472904248751,0.2529686752702261,0.32529386285876477,0.3025176387113658,0.2822644872114962,0.3358426422725457,0.3213188545811767,0.294638772666966,0.28660393890231706,0.2546271974515356,0.23039647717676526,0.1541657563740746,0.1611370653106751,coarse_covariates_ridge,,,
107,13,0.9455265855633024,0.9636986783089108,0.2609723397554871,0.3056052893758682,0.2997829174137056,0.281507329086603,0.3353176281363911,0.3406886336733038,0.293637526544412,0.29200669220146447,0.2507896417010992,0.2341685113822512,0.1525302095942233,0.1533479519031558,coarse_covariates_ridge,,,
107,14,0.94823134256702,1.0220571622620471,0.2721183669894523,0.33837198677850816,0.3042130064549299,0.2871708067179556,0.3386522570313405,0.34787412122994615,0.2955468710817342,0.2972069528168607,0.2566083739726814,0.23958310968370003,0.1530141374692402,0.15915919912343235,coarse_covariates_ridge,,,
107,15,1.011735263724093,1.0577694444226282,0.2974774525518273,0.2963345466836307,0.3224750229346487,0.27527338844246685,0.365515482656874,0.3269266255642316,0.3118756052762142,0.28951099593250607,0.2724311263342639,0.23499450525740148,0.1630565416561976,0.15287988788171442,coarse_covariates_ridge,,,
107,16,1.024104399751556,1.0784739339555096,0.30543488789811,0.22288913404461386,0.3276156303916815,0.26026315536844014,0.3760171896112559,0.3050247426865539,0.3197020177236558,0.2800771997932953,0.2790540127725828,0.22837705715276846,0.1655461686811963,0.14042166753625324,coarse_covariates_ridge,,,
107,17,1.014485899523892,1.1297904315156992,0.3139442256487265,0.1618404890239955,0.3295375061548929,0.24911351569793805,0.3797114633033708,0.28523946082241236,0.3238061257771408,0.2652417352016604,0.2813967557488779,0.2261490790457815,0.1656861234913162,0.1279922369901213,coarse_covariates_ridge,,,
107,18,1.0377665000180305,1.1215041618252384,0.332646558725891,0.2159442324516998,0.3421544446479604,0.2690046707160903,0.3962118182212323,0.31240686615764174,0.3342992912460394,0.28067391526470925,0.2902965762344965,0.23368218128912296,0.1710084911772633,0.13859589568617964,coarse_covariates_ridge,,,
107,19,1.0201402765706098,1.1107776829055447,0.335420254721877,0.20798241141260154,0.3425711596775415,0.2671869470694296,0.3960517746124185,0.3261908366400873,0.3306257188643197,0.2886767638627054,0.2882267229773216,0.24120639520877685,0.1694453941485055,0.13497529162155014,coarse_covariates_ridge,,,
107,20,1.0137366290211005,1.086524202377873,0.3427639104090366,0.14525754414177494,0.3419896968165922,0.25405588973099597,0.3995542012025345,0.3244255125278291,0.3313492363621629,0.28123856462784513,0.2866359951871606,0.243075225945303,0.1696124951773882,0.11911104417072536,coarse_covariates_ridge,,,
107,21,1.0149462794247912,1.104093838307358,0.3554425284189389,0.17106941423895983,0.3452697330903668,0.26621307075828854,0.4044763258415556,0.34753720114790204,0.3340202581641123,0.2935056884743314,0.2877443808896006,0.2541468970867405,0.1713693231376295,0.12405296511995963,coarse_covariates_ridge,,,
107,22,1.0292408688612924,1.0760370561427905,0.3727667010280688,0.10196700221301447,0.3502024675234725,0.2564056602653416,0.4153400206192771,0.3475206907423246,0.3409481259730864,0.28842812466926754,0.2918752092744029,0.25758076526848617,0.1753918030215137,0.10928584006093127,coarse_covariates_ridge,,,
107,23,1.0596501048270697,1.0745647666755114,0.3932873794790679,0.03148282762636312,0.3608925243277157,0.2451515637557951,0.4334581480271274,0.3324497347350028,0.3529752481964291,0.2827428818031772,0.3040947857535942,0.25011885430973413,0.1819955693748669,0.09973598367496977,coarse_covariates_ridge,,,
107,24,1.0857359774550828,1.0854509716486076,0.413294846980386,-0.02205141696419055,0.3716880055024169,0.24036926930485703,0.4510385878777792,0.3221655351836994,0.3646593646284282,0.2793334043553699,0.3136660318710422,0.2445644913466509,0.1883897115849927,0.09386672863792836,coarse_covariates_ridge,,,
107,25,1.1172524056276958,1.0898858505279962,0.4393279749994001,-0.041217721106534655,0.3871331005105555,0.2391582178809467,0.4717117128052381,0.32196498962599673,0.3767871323857312,0.2854439971071551,0.3221695242253731,0.24542336386476368,0.1965426422207167,0.09380486160625426,coarse_covariates_ridge,,,
107,26,1.1304300693110088,1.0748854042533114,0.4589153927271153,-0.06481257605859103,0.394078618247018,0.23733114144795953,0.4852205704667501,0.33107479594287476,0.386499992221222,0.2904063136483425,0.3273023456661362,0.2518111569344771,0.201913624432817,0.0896197181199509,coarse_covariates_ridge,,,
107,27,1.1399792664337902,1.0660335156462502,0.4795575133141974,-0.054129226146571785,0.4017653018684653,0.24968011256791567,0.4974879556898943,0.3497801407496871,0.3945275854812407,0.2993108518924634,0.3328005770531809,0.25926492244340255,0.2070544876417154,0.09297692212160547,coarse_covariates_ridge,,,
107,28,1.1347571181646658,1.0499018622203513,0.4939609993278742,-0.10443834702940347,0.4059990995588794,0.24766076507577017,0.502771901501699,0.3557361423331294,0.397932119646421,0.30411948336241557,0.3327807671837683,0.26569838169365423,0.2094925338759041,0.08688031628857684,coarse_covariates_ridge,,,
107,29,1.1500770523191182,1.031387934710115,0.5185726349270818,-0.08799460301442719,0.4165055711568372,0.25929667757542163,0.5176850210024293,0.38251398456123664,0.4070874241549936,0.32117071476373266,0.3404328390406294,0.2771857545306559,0.2157556255859634,0.09117935020546616,coarse_covariates_ridge,,,
107,30,1.170694186609458,1.0142660223774156,0.5464251258258511,-0.08126789995776673,0.4272994301157553,0.26648536342355766,0.5349056256262928,0.4024237484386677,0.41900211681747,0.3318656488196338,0.3478882358985204,0.2853089191413318,0.2231945578145052,0.09230745324708609,coarse_covariates_ridge,,,
107,31,1.1963451261286515,0.9837645717569838,0.5734612792627024,-0.11750936085027341,0.4397079987528001,0.2648343479435546,0.5546715979386043,0.40981471190749474,0.4329932717292894,0.3307512233977227,0.3574691999721239,0.28852514569206766,0.2314060662816386,0.0838336215938014,coarse_covariates_ridge,,,
107,32,1.2205569373729594,0.9766926100538335,0.6044730824670851,-0.09424328961385386,0.4526999748069391,0.27726157582730004,0.5739519067942521,0.43175981127887225,0.445495887259165,0.3450320647455336,0.3677073410489859,0.29869764754647754,0.2402638187750494,0.09095106466228733,coarse_covariates_ridge,,,
107,33,1.2272629419075352,0.9626900095597243,0.6271514479377799,-0.07376390455029791,0.4600809291710132,0.2897687230115093,0.586375431147008,0.45570588709880916,0.4531820143147381,0.35652790821908326,0.3737544222630988,0.3105978981004941,0.2459781073956991,0.09520403222592039,coarse_covariates_ridge,,,
107,34,1.2517277477291775,0.9690318850464871,0.6594781088551595,-0.06401192377440479,0.4732537591650555,0.29157211677638883,0.6074427552537731,0.4639484920082019,0.4667511530242003,0.3648826962734657,0.3854372262146825,0.3120529908190784,0.2553708719926132,0.09877006015729689,coarse_covariates_ridge,,,
107,35,1.2763603673945596,0.9608592012085295,0.6951850122237598,-0.03379537790955145,0.4875784353484344,0.30202953018039513,0.6296745003801775,0.4827476226308613,0.4821799595974607,0.37572172088443484,0.3962811975803671,0.32038359103028735,0.2655610817125834,0.10478672259659975,coarse_covariates_ridge,,,
107,36,1.2921831767756242,0.9650367573689611,0.7269500041714408,-0.0937330288175422,0.498519703973121,0.28895743813677666,0.6484024356558002,0.46602272519708215,0.4951858507639333,0.36682322101464754,0.4065056073310468,0.3128863027617193,0.27430148057634,0.09612675103789284,coarse_covariates_ridge,,,
107,37,1.294055159200793,0.9573021025100494,0.7507084651738442,-0.09667546158316243,0.5062608288542039,0.29193547427254996,0.6614533624892616,0.47706027287349534,0.5029875470425336,0.37196475642605453,0.4119329442295551,0.31683471164596777,0.2802295201854154,0.09647549963459151,coarse_covariates_ridge,,,
107,38,1.2923374706263713,0.9376693163635056,0.7757890952766568,-0.1605518525113373,0.5134628051078788,0.27868449599526907,0.6733992987685088,0.4695320682030882,0.5099612307501139,0.365468669975818,0.4165068782296696,0.31764735053231,0.2858551227585665,0.08417602368379368,coarse_covariates_ridge,,,
107,39,1.301503659876433,0.9212798943612528,0.8085538827485802,-0.1957842925865222,0.525432597977094,0.2713162529303624,0.6917448953570394,0.4657381394521073,0.5217070366207135,0.36352068177450114,0.4256618310643213,0.3197101624270557,0.294047398845235,0.07705792631496,coarse_covariates_ridge,,,
107,40,1.3132838080393217,0.9198783855213408,0.8439912069485681,-0.15904997790618902,0.538354598740109,0.2811856934194834,0.7120655760963255,0.480118528343991,0.534409004451985,0.37160596715433886,0.4362347724404453,0.3238923549350475,0.3030547406652785,0.08394955261679168,coarse_covariates_ridge,,,
107,41,1.3189296704352913,0.9075526813814441,0.877040172416626,-0.14822630171671958,0.5498612190889528,0.2851396007503822,0.7298243446590943,0.4895088345263128,0.5459256017106702,0.37471038643840654,0.4451112790324099,0.325680709969703,0.3110163377844746,0.08464338713449199,coarse_covariates_ridge,,,
107,42,1.3199186624118535,0.8970541134646441,0.9079939444183708,-0.13022342764566242,0.5601322105983731,0.2892299139301137,0.7458120193388573,0.5005907072573936,0.5557455975120653,0.381344505433733,0.4529120925830155,0.3298118203952938,0.3181236683547698,0.08707582834554312,coarse_covariates_ridge,,,
107,43,1.319135265152973,0.8820940732979784,0.939648830954561,-0.1322527786461366,0.5694632715592525,0.28718208713178184,0.7614285800238358,0.5041394171743332,0.5658137219691243,0.381512498918938,0.4608980780232788,0.331905916675409,0.3250886449476562,0.08444927799519392,coarse_covariates_ridge,,,
107,44,1.317549676679419,0.8784194170466428,0.9710043827978156,-0.1472988304566446,0.5790459666112193,0.2827267254514902,0.7771574855399256,0.4970005336562185,0.5754437821409112,0.37882132411830477,0.469131056345129,0.3285732308136513,0.331916029274265,0.0815645293168559,coarse_covariates_ridge,,,
107,45,1.3114777917805471,0.8645504853953623,1.0016605106423395,-0.14350205521019666,0.5876327837998213,0.28218043132236553,0.7910704972855243,0.5008160761510713,0.5843445251292557,0.37949619262944645,0.4762911292966173,0.32975507789318265,0.3380535087494465,0.08017666100926601,coarse_covariates_ridge,,,
107,46,1.3010220248927769,0.8572542658930735,1.0296910884151056,-0.1268682583620977,0.5943935473261804,0.2854955623448323,0.8027044449641747,0.5070381644667146,0.5913629168063658,0.3820505517812039,0.4822460323688008,0.33074591964195393,0.3430766922508802,0.08213136236485435,coarse_covariates_ridge,,,
107,47,1.288579182108044,0.8482898109065423,1.0564390054459385,-0.10909141683203127,0.6004655753620661,0.2888964483336543,0.8136245530064798,0.5133304373068893,0.5980151511844409,0.38447084492088823,0.4874606859973268,0.3320960850360821,0.3475223606974206,0.08395018599338427,coarse_covariates_ridge,,,
107,48,1.2739267747308238,0.8424884059437532,1.082112574479215,-0.10322420621055828,0.6055576446654595,0.28834540547912535,0.823166817913402,0.514131682325847,0.6034487366603238,0.3837888276629451,0.4921649827967668,0.33081863871771333,0.3512874513243034,0.08378898620966954,coarse_covariates_ridge,,,
107,49,1.2573485782833376,0.8343825373880526,1.104857298851325,-0.08191776852583454,0.6098859353576304,0.29196058735791075,0.8316059098436893,0.5203717003365125,0.6080550330794049,0.3862520493392469,0.4959084749230968,0.33209328529969223,0.3541442721168417,0.08605481001842633,coarse_covariates_ridge,,,
107,50,1.2365957192321335,0.8280184999248577,1.1252334694658996,-0.07461869060441406,0.6117285935266528,0.2921788723318703,0.8368164572097393,0.5219453204391863,0.6103775486550721,0.3859967424008118,0.4979376704264147,0.33251142048544213,0.3557275340748575,0.08628630134293164,coarse_covariates_ridge,,,
107,51,1.217859938371541,0.820788545561854,1.1458630448571816,-0.06414235436812554,0.6143136128294501,0.29212758251732657,0.8432874059168457,0.5234846785438848,0.6134803195186186,0.3859685273224233,0.5005818643993619,0.332154440280044,0.3573381380000146,0.08657048229162179,coarse_covariates_ridge,,,
107,52,1.1976632025123266,0.8135585911988502,1.1652751390904397,-0.0536660181318368,0.6157090465130213,0.29207629270278285,0.8481801760642944,0.5250240366485833,0.6154581150679842,0.38594031224403486,0.5023098803927524,0.3317974600746459,0.3581935690672876,0.08685466324031199,coarse_covariates_ridge,,,
107,53,1.175278254188231,0.8058906797394981,1.1839790270812485,-0.03777463117133062,0.6155837707006019,0.29385823873490363,0.850931059964258,0.5289137247062653,0.6159572615090612,0.38715781554299156,0.5028834187227632,0.33225629326293626,0.3582201066540418,0.08812966561903546,coarse_covariates_ridge,,,
107,54,1.1533464676958989,0.8003364831664482,1.2030705181993058,-0.03258631521564048,0.6156291557210029,0.2915743087063623,0.8528965485442723,0.5266623860765434,0.6152964553444128,0.3843940027772375,0.5022018808127814,0.32981017710432353,0.3580733925555663,0.08715450857921953,coarse_covariates_ridge,,,
107,55,1.1305454694094816,0.7899095860137069,1.2201584247046815,-0.0266925362593029,0.6147299199780251,0.29066683049360287,0.8521552889106405,0.5262860727171679,0.6122496090740325,0.3817769796364377,0.5007085988531266,0.3284128979746491,0.3570752714877507,0.08587015887563004,coarse_covariates_ridge,,,
107,56,1.1076168982941468,0.7828118293604719,1.238713400068647,-0.016377992197375013,0.6126964756148088,0.28953256344959294,0.8512071968381253,0.5256828734812449,0.6096548147816659,0.37969810891644784,0.4976225217284934,0.32544633735096323,0.3558101797472134,0.08535725443056905,coarse_covariates_ridge,,,
107,57,1.0865579836820636,0.7773873555100144,1.2581794730838272,-0.007843600881110246,0.6115710447335134,0.28795481742577567,0.8482264736273687,0.5223033872049546,0.6042373538342996,0.3742783217042975,0.493138705314272,0.3210675706447303,0.3541492731000311,0.08411874951731912,coarse_covariates_ridge,,,
107,58,1.066034696932555,0.7718118852151941,1.2766997151445902,0.026424715657480613,0.6088158969012025,0.2925793438692123,0.8450969338449292,0.5268214176520869,0.5987821840735745,0.37325421807834636,0.4900228998255023,0.32073583598125366,0.3517827140479842,0.08757210416382916,coarse_covariates_ridge,,,
107,59,1.0451949873177688,0.7600128983453682,1.2924844640423947,0.040984881621284774,0.604643033425358,0.2905390801950777,0.8373699563052841,0.5234283800340762,0.5917002555382282,0.3683731244788244,0.4870813575218136,0.31873749667775064,0.3488341090787273,0.08609604211047542,coarse_covariates_ridge,,,
107,60,1.026311186262595,0.7603686521575699,1.310597202155188,0.1454824460329146,0.5979984927831948,0.31255706729045785,0.8300389773244392,0.547254774322168,0.5863106477260809,0.3809494192821732,0.4792662270961905,0.3225324032878628,0.3456971611237063,0.10264186785640397,coarse_covariates_ridge,,,
107,61,1.009477715124124,0.7499531400798887,1.3253244711552212,0.18023597823884008,0.5961791732703305,0.3147560023506394,0.8227248405386921,0.5429003001729982,0.5779869102357525,0.3730565980114613,0.4770425130361299,0.3186724658317479,0.3429006358578789,0.10405925546779367,coarse_covariates_ridge,,,
107,62,0.993317543279474,0.7443658331544041,1.334524697331139,0.27783820053617037,0.59087750544743,0.32969545402387695,0.8150219603068012,0.5559003041461102,0.5656593396665137,0.371861151285712,0.4725886479795989,0.3179292188870185,0.3402634955704507,0.1161454029249371,coarse_covariates_ridge,,,
107,63,0.978502713290218,0.7524764015351698,1.3448670241047134,0.35372643445532354,0.5882052501687266,0.33910728371904,0.8034588555881413,0.554156999241007,0.5568773996266723,0.3695135055534243,0.4623403906689728,0.3109885197848469,0.3370691051406745,0.126221433964956,coarse_covariates_ridge,,,
107,64,0.962517165624892,0.7456619602231221,1.355776616937585,0.38273117575259225,0.5813694229014862,0.333021394075978,0.7940605013863211,0.5434041545054691,0.5501908632235455,0.3611975852108644,0.4600739384366314,0.30504545314811715,0.3331377958848087,0.12592255861412682,coarse_covariates_ridge,,,
107,65,0.9483428363151112,0.7692568307681926,1.3617122704801914,0.5081707324676561,0.5719430899297986,0.3467590729293511,0.7852345718920357,0.5503133745505521,0.5428081560080174,0.3651026534000533,0.4545386467504941,0.30508741554956276,0.3295980429775194,0.14581213154214345,coarse_covariates_ridge,,,
107,66,0.9351028190021572,0.7818433093925882,1.3723243269441443,0.6490217415887944,0.566882536490103,0.3717724527321203,0.7724754198230757,0.5684444072889993,0.5299332888408503,0.37154011815960547,0.4408648851262815,0.30423713481670184,0.3255914692283936,0.16750270385052063,coarse_covariates_ridge,,,
107,67,0.9235194107726948,0.7864578930460543,1.3785329453606396,0.7042460978468988,0.5589413773453717,0.366494430788831,0.756047274881124,0.5548223911761571,0.51984140932906,0.36205570725823005,0.4351973513281179,0.29746286546395456,0.3218562781506775,0.17099662297491555,coarse_covariates_ridge,,,
107,68,0.9125546143475336,0.7699003026176069,1.376701628177778,0.7894981566800319,0.547043363144285,0.3707251358756055,0.7369326088539938,0.5589733284616992,0.50521204886253,0.35749771074542014,0.4320056436319901,0.29529267883167426,0.318279430830705,0.17710055409200348,coarse_covariates_ridge,,,
107,69,0.9009343249533596,0.7791697756707147,1.3741336120661976,0.8746459085355508,0.5352052390915795,0.3762323380739625,0.7237061387409698,0.5575826260807215,0.4972700241897881,0.35746041196211426,0.4143495682188105,0.2845561570327068,0.3142099472113296,0.18864594666229267,coarse_covariates_ridge,,,
107,70,0.8908093868865704,0.7914229340331623,1.3632981765972585,0.8931091721587907,0.5300826423503251,0.36353750758558584,0.7134051072805658,0.5318343462520512,0.4952074624958267,0.3458040206736946,0.4020124988023994,0.2690323089281888,0.3096049895784966,0.1886640829009146,coarse_covariates_ridge,,,
107,71,0.8808328109437348,0.784900577683904,1.3619160674456892,0.8918205105147355,0.5252783327145153,0.34851746863768396,0.7023186598352322,0.5107850499627848,0.4866898960866677,0.33095145190451924,0.4022943558147626,0.2605011025030489,0.3046065721447589,0.18281240732784504,coarse_covariates_ridge,,,
107,72,0.8692803945833493,0.7908468826521422,1.3712802690240236,0.9369578612869343,0.5166227281289277,0.3471760859650718,0.6946910114711439,0.5045645317031338,0.4680458971602049,0.32285205420467106,0.382321815799038,0.2491748039249579,0.2992506785988852,0.18755471577236654,coarse_covariates_ridge,,,
107,73,0.8592302131001036,0.8067661380346213,1.3614071287144345,0.9458494909998092,0.5308000468515774,0.33741579732701865,0.6948733807235752,0.4770540039308125,0.4526002202063072,0.3042740262128558,0.372890787022496,0.23517472575268905,0.2942245105428832,0.18725727059305453,coarse_covariates_ridge,,,
107,74,0.8486220581665382,0.7710924732100661,1.3637976749083192,0.8821332113352336,0.541387719108369,0.320070374747012,0.6885926586504747,0.4356605328187788,0.4211002865289929,0.27585507973851514,0.355261968857923,0.21526000710305138,0.2890268609783673,0.18050532064697006,coarse_covariates_ridge,,,
107,75,0.8397702246214666,0.7819452601139315,1.3747026958129875,0.9504906118391188,0.5469280799031172,0.3259439186209004,0.6690859340197014,0.4332761681436408,0.3836847500306087,0.2696085254343256,0.3239439900019162,0.20881198912307072,0.2844981995111389,0.18928843996995504,coarse_covariates_ridge,,,
107,76,0.8319177499881986,0.7716284186072839,1.3737971843061865,0.9512287229496444,0.5505975876307763,0.3101926066247157,0.6595524958544583,0.4127519575084082,0.3508066173386449,0.25292261327810445,0.3313350054406038,0.2020620437438749,0.2810217426783136,0.18319121374306283,coarse_covariates_ridge,,,
107,77,0.8250004103270558,0.7688704017178813,1.3752368376297277,1.0149610447049293,0.5419574373628271,0.31477275165228275,0.6404641938081659,0.41796544125280216,0.320145617927173,0.25364712636980324,0.3089628222090184,0.2004737226687108,0.2773206567257789,0.1904316146005127,coarse_covariates_ridge,,,
107,78,0.8181442964371411,0.7869105505687123,1.3689974241335423,1.0792748532818726,0.5452271336218049,0.32168204455898713,0.6375336762661228,0.41737815131836037,0.3071206543200568,0.25721241746245505,0.2809086517392742,0.19779726157390787,0.2729425090111032,0.20252387251736945,coarse_covariates_ridge,,,
107,79,0.8128845015319933,0.7925580596701338,1.3548076058129292,1.1526814549527105,0.4920639040793609,0.32599008102081095,0.5828372416110521,0.4216505790375587,0.2963150608719199,0.2656673924077696,0.2672267157020435,0.20140138783299028,0.2693200980810924,0.21351258695212638,coarse_covariates_ridge,,,
107,80,0.8111713109007308,0.7897888689717963,1.3446052175390135,1.1527905498816318,0.464359136925159,0.3132389067778117,0.5509494125954142,0.40842789039587185,0.281068341431318,0.25922950782939314,0.26129314205836,0.19719105265053039,0.2672190063074374,0.20995062782546095,coarse_covariates_ridge,,,
107,81,0.8053188696489164,0.7874931194327757,1.3375744756210526,1.1794704720362001,0.4322909042993584,0.313174963203468,0.5158737891232011,0.4074574951647019,0.2770702846670434,0.26120509682060816,0.2422463781366396,0.1959289886685809,0.2616111431245536,0.21322725932634942,coarse_covariates_ridge,,,
107,82,0.7983655053135768,0.7886394505375542,1.3280636974890243,1.1736648673843564,0.4076018315819281,0.30272747622139445,0.4859280472343414,0.39373044136844865,0.2711925196084006,0.2555161159207213,0.237223992607007,0.1915630422180083,0.2567859727036883,0.21057115391111755,coarse_covariates_ridge,,,
107,83,0.7927836022547627,0.7884304952815802,1.331330133647577,1.171757202315252,0.3898936977640043,0.2951184647853903,0.4563967394030447,0.383368190355744,0.2594914548302428,0.2507428353922696,0.2263938128001177,0.18770643761958544,0.2533925787402181,0.20873417443702583,coarse_covariates_ridge,,,
107,84,0.7906115113805698,0.6974865409220518,1.2911064103717045,0.9795140672631647,0.3680030737134653,0.2574670117507002,0.4164636583745171,0.31825472764111185,0.2147255538097655,0.216487056140026,0.2302317197437557,0.16541721308568824,0.2507211243815601,0.18769110620783264,coarse_covariates_ridge,,,
107,85,0.7876832359512761,0.6940413444855709,1.2462966056636642,0.9624832912284743,0.3461427020351529,0.24582506523039419,0.4043009027501445,0.30534556175855365,0.2255906491952371,0.21010241699510437,0.2502269884704789,0.16103296652731142,0.2473621848490018,0.18278331252467944,coarse_covariates_ridge,,,
107,86,0.7851691142049219,0.69059614804909,1.1932897558792257,0.945452515193784,0.313824634526014,0.23418311871008818,0.3860383201583481,0.29243639587599557,0.2413943459788648,0.2037177778501828,0.2799249987758885,0.1566487199689346,0.2459750740235269,0.17787551884152628,coarse_covariates_ridge,,,
107,87,0.7835887479262245,0.6825002767862773,1.1787752623688414,0.959106109744941,0.2737657797473506,0.23386225410704115,0.3270860297513165,0.2939414919827187,0.2227649408334794,0.20391665463184108,0.2423653111659409,0.15551662437238845,0.2421346427029332,0.17821238941440137,coarse_covariates_ridge,,,
107,88,0.7796182235071668,0.6386500130137203,1.175663890244898,0.8771097863815631,0.2806981379706831,0.2191392420632339,0.3387410633614157,0.26492252770206626,0.2273519423613957,0.18965869667412907,0.2225955396124568,0.1444598027555845,0.2367861098446608,0.17090461022144382,coarse_covariates_ridge,,,
107,89,0.7768862812550632,0.6333528302865647,1.1594924834410656,0.8714044856670087,0.2951252379204707,0.21338854252503006,0.3280100218368216,0.25869071255709586,0.2046248234014281,0.18514838680869503,0.2032644159723781,0.1410187210893578,0.2349757714374854,0.16808206860079772,coarse_covariates_ridge,,,
107,90,0.774085399470853,0.6269987901162579,1.1795975617656822,0.8710507204548622,0.3001570399399821,0.20967078101715722,0.3354090938160844,0.25552941075582736,0.2051984410735929,0.1826287349756163,0.2065513630405417,0.1390301140965826,0.2300573761026381,0.16638460668942123,coarse_covariates_ridge,,,
107,91,0.7719118675540879,0.5362152332057484,1.2337447629962484,0.6827559951315033,0.2335658361228229,0.17537917904568623,0.2335298589565467,0.19422469452573465,0.165009760986171,0.1518788341862118,0.132027100439904,0.11652000327588201,0.2368593980296922,0.14683729940835516,coarse_covariates_ridge,,,
107,92,0.7686051121797683,0.5307371072281385,1.151317943760385,0.6715721284709218,0.25110292178117,0.16799494584448432,0.2510780565738603,0.18636273281849924,0.171624664976785,0.1468677455984428,0.1373049742049385,0.11289976949572979,0.2343169557239816,0.14315819463691215,coarse_covariates_ridge,,,
107,93,0.7679156426848799,0.48196503902896554,1.17450748280446,0.5899554364270179,0.1954054061605724,0.15320552126602294,0.1953807196861517,0.15951544326898243,0.1709810506025406,0.1333987283034957,0.136793823509532,0.10323073753955658,0.2333432560636668,0.13507236654812832,coarse_covariates_ridge,,,
107,94,0.7643453139945234,0.47692487014770424,1.0523082676311477,0.573356519042219,0.1990788991427007,0.14398805221815647,0.1990618455233348,0.14930315160876356,0.174200398527196,0.12714192133838154,0.1393617353495689,0.09879469036571584,0.2336096671229211,0.13040244034665194,coarse_covariates_ridge,,,
107,95,0.7603218247932908,0.4701328728810491,1.046298221585282,0.57841780455429,0.2013138305830162,0.1421035265569482,0.2012972572851689,0.14849217976047852,0.1761538547977973,0.1258679878826479,0.1409185659199202,0.09762189676662919,0.2307043034366946,0.12969579986530883,coarse_covariates_ridge,,,
107,96,0.7580591669570789,0.4633408756143939,1.0341813694826896,0.5834790900663613,0.2040149165371418,0.14021900089573985,0.2040012621887771,0.14768120791219358,0.1785218820229353,0.12459405442691435,0.142807802725835,0.09644910316754254,0.2253765391959163,0.1289891593839657,coarse_covariates_ridge,,,
107,97,0.7560845845914766,0.4561109212513902,1.0567632325344205,0.5939554263026499,0.2043669227340425,0.14016771108119613,0.2043546338205143,0.1492205660168921,0.1788290044399299,0.12456583934852589,0.1430544709486819,0.0960921229621444,0.2200663337717551,0.12927334033265586,coarse_covariates_ridge,,,
107,98,0.7526777562575953,0.4501948381774319,1.0526875916962524,0.5881866103662858,0.1969972364980403,0.13461671372665868,0.1969937178856651,0.14370893426264014,0.1723769847378967,0.120800469138102,0.1379071883538787,0.09328770257568067,0.2197587487756052,0.12658505699124611,coarse_covariates_ridge,,,
107,99,0.7500860860286381,0.4434028409107767,1.039962950756722,0.5932478958783571,0.1967057824891062,0.1327321880654504,0.1967085973074007,0.1428979624143552,0.172118698438021,0.11952653568236837,0.1377106545420666,0.09211490897659402,0.2204869833763574,0.125878416509903,coarse_covariates_ridge,,,
107,100,0.7479865989095427,0.43661084364412145,1.0240402045604646,0.5983091813904282,0.1912571566225304,0.13084766240424212,0.1912646717758129,0.14208699056607016,0.1673522550500224,0.1182526022266348,0.1338983047209613,0.09094211537750738,0.2218010978964594,0.12517177602855983,coarse_covariates_ridge,,,
107,101,0.7461933762921946,0.4298188463774662,0.8793482743788408,0.6033704669024993,0.2047482600796906,0.12896313674303372,0.2047406763241778,0.1412760187177851,0.1791360818452738,0.11697866877090118,0.1433251952668856,0.0897693217784207,0.2212343687731509,0.12446513554721673,coarse_covariates_ridge,,,
107,102,0.7456234337153311,0.4225888920144624,0.9144134469409568,0.613846803138788,0.2072879469177858,0.12891184692849,0.2072811215378243,0.14281537682248363,0.1813601724010527,0.11695045369251272,0.1451028347324421,0.08941234157302255,0.2174710908880809,0.12474931649590688,coarse_covariates_ridge,,,
107,103,0.7448221927011625,0.41535893765145876,0.9609721022468608,0.6243231393750768,0.2087125335353572,0.12886055711394623,0.2087063906933919,0.14435473492718215,0.1826083638066286,0.11692223861412426,0.1460999181757428,0.08905536136762443,0.2157313487158177,0.12503349744459707,coarse_covariates_ridge,,,
107,104,0.7442684986321934,0.408128983288455,1.002874892022175,0.6347994756113655,0.2092244648860295,0.1288092672994025,0.2092189363282607,0.14589409303188067,0.1830578140421478,0.1168940235357358,0.1464581556511142,0.08869838116222628,0.2136264431371816,0.12531767839328722,coarse_covariates_ridge,,,
107,105,0.7437312290597378,0.4008990289254513,1.0555874028199574,0.645275811847654,0.2087209045435878,0.12875797748485873,0.2087159288415958,0.14743345113657919,0.1826185580158241,0.11686580845734734,0.1461055603883156,0.08834140095682813,0.2133070191257763,0.12560185934197743,coarse_covariates_ridge,,,
107,106,0.7420171647784606,0.39454498875514454,0.918620774193446,0.6449220466355077,0.1984638670723367,0.12504021597698595,0.1984620367967462,0.1442721493353108,0.1736477241747513,0.11434615662426861,0.1389264334296129,0.08635279396405299,0.2227256788271565,0.12390439743060096,coarse_covariates_ridge,,,
107,107,0.7408077806983331,0.3873150343921409,0.8927586967741015,0.6553983828717964,0.2018830879072812,0.12498892616244223,0.2018814406592498,0.1458115074400093,0.1766403583566821,0.11431794154588015,0.1413197153661763,0.08599581375865484,0.2212390362239655,0.12418857837929116,coarse_covariates_ridge,,,
107,108,0.7400060550693381,0.3800850800291371,0.9114828270966912,0.6658747191080852,0.2046002626148096,0.12493763634789845,0.2045987800915813,0.14735086554470783,0.1790186205819883,0.11428972646749169,0.1432215822783382,0.08563883355325672,0.2151489710503485,0.12447275932798131,coarse_covariates_ridge,,,
107,109,0.7389877928573239,0.37285512566613344,0.958334544387022,0.6763510553443739,0.2061730629886531,0.12488634653335473,0.2061717287177477,0.14889022364940635,0.1803954818296984,0.11426151138910323,0.1443224026952316,0.08528185334785854,0.2135570525900408,0.12475694027667152,coarse_covariates_ridge,,,
107,110,0.7383070461818395,0.36562517130312966,1.0425010899483198,0.6868273915806626,0.206053980000755,0.12483505671881096,0.2060527791569401,0.15042958175410487,0.1802918790438249,0.11423329631071477,0.1442389187433855,0.08492487314246042,0.2065501036487138,0.12504112122536165,coarse_covariates_ridge,,,
107,111,0.7374472712416263,0.358395216940126,1.1482509809534878,0.6973037278169512,0.2040185457552756,0.12478376690426723,0.2040174649958422,0.1519689398588034,0.1785114094247139,0.11420508123232631,0.1428140014972642,0.08456789293706227,0.2033940679120597,0.1253253021740518,coarse_covariates_ridge,,,
107,112,0.7379440756031929,0.35160321967347086,1.0971088034492475,0.7023650133290225,0.213121037382952,0.1228992412430589,0.2131158539823208,0.15115796801051845,0.1864700015281054,0.11293114777659269,0.1491661472916698,0.08339509933797559,0.2012169063196296,0.1246186616927087,coarse_covariates_ridge,,,
107,113,0.0,0.30302942248661857,0.0,0.6118671896280532,0.0,0.10586258274430327,0.0,0.121292419946809,0.0,0.09742854391267286,0.0,0.07234911152050025,0.0,0.11496075371442833,coarse_covariates_ridge,,,
107,114,0.0,0.2957994681236149,0.0,0.6223435258643419,0.0,0.10581129292975955,0.0,0.12283177805150752,0.0,0.0974003288342844,0.0,0.0719921313151021,0.0,0.11524493466311848,coarse_covariates_ridge,,,
107,115,0.0,0.28856951376061113,0.0,0.6328198621006307,0.0,0.10576000311521583,0.0,0.12437113615620604,0.0,0.09737211375589594,0.0,0.07163515110970395,0.0,0.11552911561180869,coarse_covariates_ridge,,,
107,116,0.0,0.28133955939760735,0.0,0.6432961983369194,0.0,0.105708713300672,0.0,0.12591049426090456,0.0,0.09734389867750748,0.0,0.07127817090430585,0.0,0.11581329656049884,coarse_covariates_ridge,,,
107,117,0.0,0.2741096050346038,0.0,0.6537725345732079,0.0,0.10565742348612828,0.0,0.12744985236560308,0.0,0.09731568359911902,0.0,0.0709211906989077,0.0,0.11609747750918899,coarse_covariates_ridge,,,
107,118,0.0,0.2668796506716,0.0,0.6642488708094967,0.0,0.10560613367158456,0.0,0.1289892104703016,0.0,0.09728746852073056,0.0,0.07056421049350955,0.0,0.11638165845787919,coarse_covariates_ridge,,,
107,119,0.0,0.25964969630859636,0.0,0.6747252070457854,0.0,0.10555484385704084,0.0,0.13052856857500011,0.0,0.0972592534423421,0.0,0.0702072302881114,0.0,0.11666583940656934,coarse_covariates_ridge,,,
104,0,0.8814317329649902,0.6188574432504372,0.4443370146432903,0.6207091347929038,0.5341484410492509,0.2104492296187966,0.5652195912411211,0.23254522739052255,0.562046619552024,0.18871719334403939,0.3697407672487868,0.14335600859273567,0.3804112183129939,0.1566129642572782,pca8_morphology_ridge,examples/runs/seed_104/snapshots/grid_001.npy,,
104,1,0.6256729596956754,0.6216266767381174,0.2681040692932415,0.623184935208657,0.3241537462390116,0.21213640690371274,0.3356614460227789,0.23472271664214983,0.335238315296342,0.19009784095722534,0.2313758380412026,0.14467739885534778,0.2267477595627544,0.15744791104230282,pca8_morphology_ridge,examples/runs/seed_104/snapshots/grid_002.npy,,
104,2,0.7302751143898367,0.6224134731918886,0.2778752727515463,0.623671801234563,0.3057773344195059,0.21244804630351416,0.3119673338491363,0.23517169742400787,0.3166533569198067,0.19139353864732478,0.2168317383593543,0.14445347012742316,0.214767838562212,0.15765977086235963,pca8_morphology_ridge,examples/runs/seed_104/snapshots/grid_003.npy,,
104,3,0.7820507888337238,0.6436540332042029,0.2587108418374793,0.6327748759296408,0.2722015597541898,0.22187214129810406,0.2817802979753999,0.24932956781203555,0.287484907835346,0.20247922371078483,0.2008016936702458,0.14873206984957554,0.1952768189526942,0.16256927150168482,pca8_morphology_ridge,examples/runs/seed_104/snapshots/grid_004.npy,,
104,4,0.8343704836630028,0.6466497460281311,0.2479162008839384,0.6338790044537439,0.2788350430127211,0.22419042431912764,0.2731365736967416,0.25129879796501076,0.277887656089303,0.20326868773458268,0.2014605050437402,0.14731992568331878,0.183442660691829,0.16327899456174066,pca8_morphology_ridge,examples/runs/seed_104/snapshots/grid_005.npy,,
104,5,0.8401945524750375,0.6480125505908632,0.234119832221814,0.6455799066260199,0.2739370704000329,0.2288005727625586,0.2580236434891541,0.2552831785194382,0.2615324628652002,0.2047117261383967,0.1989457481955449,0.15054841138647573,0.1683575461344314,0.16527097846238814,pca8_morphology_ridge,examples/runs/seed_104/snapshots/grid_006.npy,,
104,6,0.83324734699786,0.6484175071694898,0.2235131763257755,0.6624005902203948,0.2670871424622861,0.2344658969331977,0.2450314578646595,0.26351388435097156,0.239675068799557,0.2099990364641572,0.1906030540491205,0.15193621219514972,0.155280910696349,0.16817907019336362,pca8_morphology_ridge,examples/runs/seed_104/snapshots/grid_007.npy,,
104,7,0.8392540495519619,0.6555244489180524,0.2246625327081702,0.6611261815144919,0.2707983341461923,0.2351839151771899,0.2390948593672634,0.2690067406118381,0.2326630405211716,0.21425753735041958,0.1941169141581548,0.15273764450881874,0.148195710975982,0.16907248886600793,pca8_morphology_ridge,examples/runs/seed_104/snapshots/grid_008.npy,,
104,8,0.9375255094015584,0.6640326332332196,0.2516696598196141,0.6456094889280573,0.2972507098114553,0.2340693667236399,0.2611567071963999,0.2688139063422841,0.2470408223876631,0.2146565140036807,0.2139357048516894,0.15602469670525587,0.1588048959039071,0.16799435484848702,pca8_morphology_ridge,examples/runs/seed_104/snapshots/grid_009.npy,,
104,9,0.9980440179161622,0.6708552076534762,0.2620025142484759,0.6542438016729109,0.3166466498073134,0.23968311464294179,0.278349256504489,0.27783783244287896,0.2587784381118175,0.21889950246616896,0.2256477691288339,0.15849993834865173,0.1645254482809409,0.1705149420521078,pca8_morphology_ridge,examples/runs/seed_104/snapshots/grid_010.npy,,
104,10,0.9765854100042024,0.6799074508531904,0.2554802285422857,0.658783094053061,0.3189547459381788,0.2440736735081488,0.2749525207848293,0.28603120241634983,0.2548139409405951,0.2246076940851499,0.2279345123122447,0.16429134977765095,0.1590540444233102,0.1727887940891437,pca8_morphology_ridge,examples/runs/seed_104/snapshots/grid_011.npy,,
104,11,0.982547661153428,0.6981957980383028,0.2615396411932378,0.6396186507784073,0.3235347561865255,0.24308878973463102,0.2784548402705521,0.2919071510666901,0.2541335516222272,0.231786059445942,0.234134010640516,0.16935122938508454,0.1588954214819159,0.17274677178122588,pca8_morphology_ridge,examples/runs/seed_104/snapshots/grid_012.npy,,
104,12,0.9761644711346494,0.7168115387041833,0.2662771587866854,0.6405699668793231,0.3234910470153652,0.25036738604722075,0.2806924241476881,0.3000639649139184,0.2534857569234826,0.23963251883556877,0.2353111477046726,0.17208505619917652,0.1574545613596761,0.17585980841257154,pca8_morphology_ridge,examples/runs/seed_104/snapshots/grid_013.npy,,
104,13,0.950548075304376,0.7259155678681498,0.2660504997637796,0.6626323158263705,0.3246674032272261,0.26149290910493395,0.2793598166759288,0.3115108306128184,0.2439876340534074,0.24522494410053922,0.2315931243530203,0.174870188551706,0.1531755311333318,0.1809130631431372,pca8_morphology_ridge,examples/runs/seed_104/snapshots/grid_014.npy,,
104,14,0.9862762991339544,0.7330212135045551,0.2874926984602237,0.6871727877506876,0.3396478767886066,0.26920670131957863,0.2941153701956909,0.3240362262565672,0.2540217968479478,0.25573540469611034,0.2376677819674119,0.17967329056330428,0.1592269648629449,0.18610843931533103,pca8_morphology_ridge,examples/runs/seed_104/snapshots/grid_015.npy,,
104,15,1.0310056471071656,0.746473838801484,0.3078657690873618,0.6796370832429142,0.3576934308765294,0.2735295869796035,0.3132303571192603,0.330391990593083,0.263383599306301,0.25742766771540854,0.2467458661363874,0.18521658324881343,0.1668670145218173,0.18726004578793634,pca8_morphology_ridge,examples/runs/seed_104/snapshots/grid_016.npy,,
104,16,1.0733346456315314,0.7565894462925498,0.3262218137076662,0.6938476230943418,0.3754614569632339,0.285197824827479,0.3324593336212255,0.3405547921565112,0.2745981740672891,0.2588171003420312,0.2566564176121083,0.188837792812874,0.1746185963375051,0.19132773418795068,pca8_morphology_ridge,examples/runs/seed_104/snapshots/grid_017.npy,,
104,17,1.0593718335646076,0.7705552156955715,0.3262052274673028,0.7323288849877455,0.3759243097753009,0.3016355672707619,0.3355508670267959,0.362537067747617,0.2760016479919621,0.2738558844370646,0.260059305249957,0.19936955186986194,0.1735435604821331,0.19963052217867908,pca8_morphology_ridge,examples/runs/seed_104/snapshots/grid_018.npy,,
104,18,1.05299677893542,0.8020587373696066,0.3345806696558405,0.7220415419728118,0.3805979056095748,0.3108532793793108,0.3407019384609852,0.3734488138518167,0.2753957703180352,0.2853906338286289,0.2612137910958647,0.2091850654398149,0.1742815175570419,0.2032236927066768,pca8_morphology_ridge,examples/runs/seed_104/snapshots/grid_019.npy,,
104,19,1.0410349696920318,0.8216468741605256,0.3404343207321456,0.7553644444655743,0.3832118832488657,0.3296723573016469,0.3432922949688924,0.39231738473665784,0.2749556179504961,0.295456492113678,0.2618977915600427,0.21901885854679803,0.1737687103872925,0.21168659775942486,pca8_morphology_ridge,examples/runs/seed_104/snapshots/grid_020.npy,,
104,20,1.0583469526982936,0.8325275079501848,0.3579153178555093,0.7902159426286502,0.3947256893030517,0.3453907689738502,0.3557903429028795,0.4126057461882032,0.2804202268772533,0.3094570013246995,0.2663583337364116,0.2296817110223336,0.178269447834911,0.21937383198633642,pca8_morphology_ridge,examples/runs/seed_104/snapshots/grid_021.npy,,
104,21,1.074327635853354,0.8664621969043259,0.3777631960876019,0.7581489331219889,0.4046187575230334,0.3506797861072571,0.3682344597959635,0.42351618086865306,0.2848680650922429,0.31271874728473553,0.2714613321691788,0.23453470732099882,0.1831292449877449,0.21937362668219804,pca8_morphology_ridge,examples/runs/seed_104/snapshots/grid_022.npy,,
104,22,1.073026372459768,0.8916359054827272,0.3875897947731873,0.7905770039176997,0.4106998913364221,0.3671112038680081,0.3749539032069516,0.4531838602788065,0.2848497662156833,0.3324310984770534,0.2725114635164304,0.2412646991307899,0.184623972562442,0.22862208373130716,pca8_morphology_ridge,examples/runs/seed_104/snapshots/grid_023.npy,,
104,23,1.08876633172572,0.9234842036310371,0.4049221578508785,0.789434950090657,0.4224488318644216,0.3760100646782265,0.3869475943294023,0.4673600776607855,0.2877922583761865,0.3460352563833056,0.2767092867415082,0.2514297719604568,0.1891667747940704,0.23338637004109866,pca8_morphology_ridge,examples/runs/seed_104/snapshots/grid_024.npy,,
104,24,1.1052727584493915,0.964843936717149,0.4231467094714011,0.7391688333431167,0.4339853734641465,0.3734663380091681,0.4000134994232894,0.4746064653450272,0.2915109719717799,0.36494888511540136,0.2807246859788995,0.252816491026363,0.1941048090867464,0.2322209055238279,pca8_morphology_ridge,examples/runs/seed_104/snapshots/grid_025.npy,,
104,25,1.1454765636932511,0.9847132393808758,0.449722328137078,0.7665284383108196,0.4538031784049677,0.3858829836425049,0.4218324909889124,0.5015776307362145,0.3021895120438058,0.3787163063281725,0.289706971433531,0.26408152585321887,0.2032337907220737,0.23998075919159573,pca8_morphology_ridge,examples/runs/seed_104/snapshots/grid_026.npy,,
104,26,1.1476693335317845,1.0081465845512607,0.4600908170737318,0.817909892082326,0.4594712358595103,0.4166357765994999,0.429982823749549,0.5346491255894837,0.303498745564024,0.38901550728743856,0.2939079061379764,0.27439812044990647,0.2059081261913312,0.2524116303077673,pca8_morphology_ridge,examples/runs/seed_104/snapshots/grid_027.npy,,
104,27,1.1460897264917096,1.0543979388563944,0.4729262792634101,0.7999704224773737,0.4652285191078177,0.42216499193476026,0.4363093976566998,0.5515826676534591,0.3044666002090953,0.4161650749378262,0.2962134003680717,0.29329751738322485,0.208385807802525,0.25677199050520993,pca8_morphology_ridge,examples/runs/seed_104/snapshots/grid_028.npy,,
104,28,1.1433898743899982,1.062832117123789,0.4888764069022333,0.9033543751534265,0.4700740766794148,0.46194420741218073,0.4428978222855391,0.5888077577711281,0.3057250411550984,0.4303475814377966,0.2980344674386667,0.30277221425982326,0.2110551390884188,0.27460391200146167,pca8_morphology_ridge,examples/runs/seed_104/snapshots/grid_029.npy,,
104,29,1.15625747688919,1.1065664970993776,0.5121968088029071,0.9038785925411957,0.4798439085122357,0.4832351957496728,0.455155966938063,0.6041989613657167,0.3112084202451002,0.447463419122478,0.3028073846807556,0.3123600699322536,0.2165470806246694,0.2818878439123972,pca8_morphology_ridge,examples/runs/seed_104/snapshots/grid_030.npy,,
104,30,1.1921929760616303,1.122112489785902,0.5478411008324722,0.9287374700536019,0.5003868608666919,0.49274211321235173,0.4773304213661443,0.6307201033271873,0.322305587907196,0.45812582558261405,0.3133757270984865,0.32225558993156356,0.2267748024623101,0.28833941573993327,pca8_morphology_ridge,examples/runs/seed_104/snapshots/grid_031.npy,,
104,31,1.2088654453854195,1.1488113266563262,0.5736617000783774,0.9534394838207235,0.5128260263960338,0.5097354978193247,0.4920312299499271,0.6554867189075118,0.3299474846074345,0.4843649337599176,0.3188843036972279,0.322300426573,0.2335767566188171,0.2968813313873081,pca8_morphology_ridge,examples/runs/seed_104/snapshots/grid_032.npy,,
104,32,1.2396009956363343,1.172484122809988,0.6082628364387347,0.9393213748323092,0.5321688308217591,0.5188794205385249,0.5134938696759624,0.6612729477862489,0.3409425255517518,0.4769882363236822,0.328778885518552,0.3353374943877411,0.2435690649228861,0.29866343599887557,pca8_morphology_ridge,examples/runs/seed_104/snapshots/grid_033.npy,,
104,33,1.2510740231762951,1.1757971253256942,0.6318306829991194,1.021590917091705,0.5433321398661511,0.5466701759536388,0.5269858469332362,0.6983981280259499,0.3468611279073505,0.5042034081267807,0.3339501309940852,0.3364603294908999,0.249905076418272,0.31276730779664474,pca8_morphology_ridge,examples/runs/seed_104/snapshots/grid_034.npy,,
104,34,1.2572259906452083,1.2356342239774152,0.6545924018858685,0.9070609287690434,0.5540984954370132,0.5372217818204306,0.5389005094225103,0.6872904940770889,0.3512759388117343,0.5124086580418447,0.3390378872171014,0.33402807393656087,0.2555590461110776,0.30429943817215155,pca8_morphology_ridge,examples/runs/seed_104/snapshots/grid_035.npy,,
104,35,1.268729421674195,1.2575599899789187,0.6843770054587487,0.9292538033947648,0.5665190175410768,0.5479292855011276,0.5533019115093895,0.711351195318382,0.3584568178962466,0.5188269318439728,0.3443725727378609,0.3489075947539059,0.2629264355165334,0.31115625419723003,pca8_morphology_ridge,examples/runs/seed_104/snapshots/grid_036.npy,,
104,36,1.2781354241510656,1.2745615086041004,0.7136890654761735,0.9645906950401342,0.576813658105925,0.564946714253639,0.5670778455938654,0.7328132408715513,0.3652968494672924,0.5382658094453658,0.3488933900177878,0.36018354020927895,0.2699947248788064,0.31993298594224745,pca8_morphology_ridge,examples/runs/seed_104/snapshots/grid_037.npy,,
104,37,1.2987418591973174,1.2892945204176673,0.7500147410516805,0.9707075917418103,0.5939637304205412,0.5712949464716257,0.5868151068529285,0.7449267048832928,0.3754170656511046,0.5474568847701671,0.3567582534136007,0.36819907828345766,0.2796819511010385,0.3233323067882113,pca8_morphology_ridge,examples/runs/seed_104/snapshots/grid_038.npy,,
104,38,1.310427493723359,1.30374458070937,0.783309719338052,0.9892455174936579,0.6076667872649641,0.5765627842559685,0.603389015142778,0.7690987756660479,0.3833160711226551,0.5651678368193724,0.3636626408866064,0.3776818355094881,0.2880204034052671,0.32874340278243186,pca8_morphology_ridge,examples/runs/seed_104/snapshots/grid_039.npy,,
104,39,1.3216490281914162,1.3085422322330342,0.8153865671195076,1.0335037917319434,0.622268440368203,0.5890623093169446,0.6207822360567534,0.7888146264740509,0.3912812422047103,0.5774859622500402,0.3707118843059234,0.38427837863792474,0.2962330249218843,0.33677319152016794,pca8_morphology_ridge,examples/runs/seed_104/snapshots/grid_040.npy,,
104,40,1.332997976327479,1.3074753535220713,0.8488162731556638,1.1026525025000389,0.6376319123918602,0.6129894529011616,0.6392926654126557,0.8129006926482214,0.4001583086072036,0.5785882315665636,0.3785533205996481,0.3967178308590318,0.3048148398562877,0.3472521682966399,pca8_morphology_ridge,examples/runs/seed_104/snapshots/grid_041.npy,,
104,41,1.3345366932192648,1.3307823246250021,0.8775275639299356,1.1001888797066028,0.649562597827551,0.6155555180833661,0.6540578387531484,0.8176497559471918,0.406382308111119,0.5949363211625597,0.3839560556775358,0.4005769794472116,0.3115684138022243,0.35057597887842085,pca8_morphology_ridge,examples/runs/seed_104/snapshots/grid_042.npy,,
104,42,1.3394814499904832,1.325068980057812,0.9076708611704034,1.165596656412251,0.6630052032207524,0.6337642432421613,0.670894020885299,0.8398687509365506,0.4146425700504489,0.5981053522712154,0.3906264577463538,0.41068519281795757,0.3190061034058617,0.35985015236173423,pca8_morphology_ridge,examples/runs/seed_104/snapshots/grid_043.npy,,
104,43,1.341955456780881,1.33602523876698,0.938725351476702,1.1385200968623788,0.6769265808290621,0.6250792767150728,0.687599392030866,0.8410675890339718,0.4218535409229342,0.6026073188503653,0.3973712168194869,0.4170415815184768,0.3263660030066338,0.3573736273442485,pca8_morphology_ridge,examples/runs/seed_104/snapshots/grid_044.npy,,
104,44,1.34018638435547,1.341127516933958,0.9688264860323048,1.1628689426924539,0.6894260886673687,0.6374068965712651,0.7025278233539127,0.8499409231889079,0.428213979208668,0.6067065771670029,0.4029878658684955,0.4145506870201947,0.3330331439765599,0.36189358153331863,pca8_morphology_ridge,examples/runs/seed_104/snapshots/grid_045.npy,,
104,45,1.3333822031454832,1.3495400601804135,0.996300690121433,1.175337689396383,0.7000041613740448,0.6432416217463519,0.7154142609898576,0.8570903201300162,0.4333412566174401,0.5991225741413894,0.4073722007740012,0.4221730882094138,0.3386029966712207,0.36447427308015745,pca8_morphology_ridge,examples/runs/seed_104/snapshots/grid_046.npy,,
104,46,1.3298579749216426,1.3556443349064133,1.0273120204155342,1.1594111032590968,0.7125882987876624,0.6312242855773424,0.7304169225423377,0.861232603580134,0.4395274359759019,0.6218017061414917,0.4132131066158253,0.424555487482527,0.3451123858517549,0.3635306386265915,pca8_morphology_ridge,examples/runs/seed_104/snapshots/grid_047.npy,,
104,47,1.317378187494344,1.3577174101751115,1.0510205848409957,1.1735502158659952,0.7209101008017204,0.6361778994859666,0.7407381291167634,0.8658423766480008,0.4432164575937892,0.6166880479367207,0.4169100761940092,0.4303238424310506,0.3492017084823869,0.3656856133266745,pca8_morphology_ridge,examples/runs/seed_104/snapshots/grid_048.npy,,
104,48,1.3041961969048756,1.3607547648363338,1.0749309911327989,1.1783523438994654,0.729055773527943,0.637462576283608,0.7509802576101949,0.8689696976395196,0.4468111409875419,0.6231413157145143,0.4204023434421622,0.42905712239731736,0.3531413314919099,0.3671147504672083,pca8_morphology_ridge,examples/runs/seed_104/snapshots/grid_049.npy,,
104,49,1.2860597047022713,1.3671067895241742,1.094189366400546,1.1570554086229219,0.7344389998135503,0.635430757548694,0.7581419460399085,0.8653233672493714,0.4487363424933975,0.6243299290253941,0.4220376288373955,0.4270010266743416,0.3554475583900418,0.3646723574995058,pca8_morphology_ridge,examples/runs/seed_104/snapshots/grid_050.npy,,
104,50,1.26946009143524,1.3721723130738495,1.116799094992583,1.1334585860360231,0.7406328065527565,0.6292990351483895,0.7660784727520342,0.8629174467807927,0.4510767044357562,0.6260004998603221,0.4243033311467582,0.42771151455596923,0.3582817872310282,0.3620851743960849,pca8_morphology_ridge,examples/runs/seed_104/snapshots/grid_051.npy,,
104,51,1.2499677102470172,1.3665558546151466,1.1360515669953632,1.177177605478362,0.7446560227236442,0.6362024893587934,0.7716528215494615,0.8774304233017651,0.4521811568269811,0.6350111118064201,0.4254415331721145,0.42880153393478293,0.3598703834993451,0.368151030551642,pca8_morphology_ridge,examples/runs/seed_104/snapshots/grid_052.npy,,
104,52,1.2281413489232955,1.3629821599500165,1.1524469457651252,1.160905181560664,0.7465130825202114,0.6294201735931786,0.7751225044270419,0.8773516281686259,0.452294060905523,0.635263842222953,0.425492014917082,0.42020092533154496,0.3603373618369113,0.3652410883201541,pca8_morphology_ridge,examples/runs/seed_104/snapshots/grid_053.npy,,
104,53,1.2068274433807114,1.359691036873921,1.169062006450808,1.1804593391851252,0.7484807977395788,0.6384664539071284,0.7784447315946849,0.8696414232882472,0.4520332784789687,0.6263850995312541,0.4253937039949962,0.424165976117753,0.3606521515206542,0.36784748276225787,pca8_morphology_ridge,examples/runs/seed_104/snapshots/grid_054.npy,,
104,54,1.1818116230982083,1.3692052092857119,1.1815919452542984,1.162557816028914,0.7476046877591004,0.630970657949067,0.7785877934735828,0.8737119183222108,0.4501290089210658,0.6309822460334631,0.423901057700168,0.42911572867092923,0.3594036612410016,0.36662907693852975,pca8_morphology_ridge,examples/runs/seed_104/snapshots/grid_055.npy,,
104,55,1.1584517915320138,1.370379071072326,1.195647963289201,1.1478748762989892,0.746516098056101,0.6273212462700695,0.7793696042313302,0.8685057798685414,0.4476987060579538,0.6393019824940744,0.4225376521293802,0.43294271478193913,0.3582555499861605,0.3643495021817269,pca8_morphology_ridge,examples/runs/seed_104/snapshots/grid_056.npy,,
104,56,1.1371943763640835,1.3658373891863533,1.2128016832401225,1.1473715529017583,0.7454948931759414,0.621583685604958,0.779433550559903,0.869327914920491,0.4462192195730346,0.6434760363911332,0.4215687760971137,0.42969539232718573,0.3574919302468572,0.3638512228991818,pca8_morphology_ridge,examples/runs/seed_104/snapshots/grid_057.npy,,
104,57,1.1138619783211177,1.3753368411566704,1.2289574844902444,1.1310210160751297,0.7419409261670149,0.6192962849194037,0.7774951400532429,0.8641841032210186,0.4428277673915626,0.6363444929216346,0.4189336200975165,0.4371673325477446,0.3556434876915062,0.36208553348776007,pca8_morphology_ridge,examples/runs/seed_104/snapshots/grid_058.npy,,
104,58,1.0931892097429918,1.3477854640219467,1.2452262035450257,1.2001612251386462,0.7389911613198057,0.6306443776517202,0.7764389031188265,0.8756450428572693,0.4387933857955918,0.6403370557093251,0.4164587402813868,0.43533486267858007,0.3539827099632885,0.36869030318839097,pca8_morphology_ridge,examples/runs/seed_104/snapshots/grid_059.npy,,
104,59,1.0729140543974909,1.3542697921091378,1.2651498752724946,1.1383104430843212,0.7338815578400009,0.6156828944709745,0.7738933515533502,0.8574178602893511,0.4352716436468224,0.6250714325979271,0.4124797892351652,0.43672958656909466,0.3522027354173695,0.35978234059664416,pca8_morphology_ridge,examples/runs/seed_104/snapshots/grid_060.npy,,
104,60,1.052976493062675,1.328756445903845,1.2835532936720166,1.1794027111747598,0.7285070098394775,0.616757232928226,0.7713436293563504,0.8586877132899698,0.4300570751146484,0.6240772198062706,0.4085271339822141,0.4317720226812492,0.3495970597124065,0.3619224763180008,pca8_morphology_ridge,examples/runs/seed_104/snapshots/grid_061.npy,,
104,61,1.0342279241763468,1.3121207099990035,1.2984427473564528,1.1558080366230548,0.7186289953834811,0.6059562131756665,0.7638289886205447,0.8459970215076384,0.4271314691158997,0.613334103523375,0.404005381671092,0.4099024252926947,0.34685766734133,0.3556998135852248,pca8_morphology_ridge,examples/runs/seed_104/snapshots/grid_062.npy,,
104,62,1.0162851920497942,1.2919671240110806,1.315860730037987,1.1181944167500324,0.7092048032703143,0.5835717469115281,0.7598324031787241,0.8171194899226009,0.420091229280885,0.6042742695721176,0.3986597604894915,0.40931932360039563,0.343974177483613,0.34651579574411157,pca8_morphology_ridge,examples/runs/seed_104/snapshots/grid_063.npy,,
104,63,0.9981715709299268,1.2632273614748213,1.3337933027579822,1.1136570924959104,0.701889530681678,0.5776243175811322,0.7562099402438086,0.800933345304047,0.4182374000261161,0.5822350336625239,0.3900515124427991,0.4034162059856041,0.3400299601025803,0.34134549347284177,pca8_morphology_ridge,examples/runs/seed_104/snapshots/grid_064.npy,,
104,64,0.9821443353790223,1.2340668250298341,1.3480642986903948,1.1373402139226105,0.6946308120173064,0.5683551380560046,0.7538357889719988,0.7920877759078706,0.4123517712759657,0.5856150651932432,0.3824326782989763,0.3913025544745325,0.3363427194634708,0.34018113009804757,pca8_morphology_ridge,examples/runs/seed_104/snapshots/grid_065.npy,,
104,65,0.9672597073018848,1.20079790951827,1.353593826599928,1.0513429996591468,0.679725729318354,0.5266684698332644,0.7492340739786484,0.7371170143426055,0.4077409812012409,0.5488055249200102,0.3721914300379923,0.38182641430625763,0.332732509456648,0.32055957878228236,pca8_morphology_ridge,examples/runs/seed_104/snapshots/grid_066.npy,,
104,66,0.953619009028374,1.1547315589982325,1.3581696611296148,0.9962850543701237,0.6631355615155574,0.4907729174717488,0.7400591855329577,0.6949078618351405,0.4054026342113213,0.5290269846624969,0.3621016985257076,0.3642582805534159,0.3292836387410158,0.3048278976404065,pca8_morphology_ridge,examples/runs/seed_104/snapshots/grid_067.npy,,
104,67,0.9412618265305048,1.110045843855616,1.353565906174769,0.9607209488241142,0.6589940657745003,0.4643561168711552,0.7320401383949915,0.6586481493132342,0.3997428730772793,0.5008110106473996,0.3625174494278819,0.34536754327857344,0.3257814004147739,0.2917634370924346,pca8_morphology_ridge,examples/runs/seed_104/snapshots/grid_068.npy,,
104,68,0.9275729763850908,1.0812598660246424,1.3538372793691993,0.8876491746046367,0.6541920863782321,0.4365234341867836,0.7254218119785982,0.6179170785900205,0.3915338325195166,0.46994171410082497,0.3578973970973313,0.32419034198241997,0.3218476100666534,0.27495795818201424,pca8_morphology_ridge,examples/runs/seed_104/snapshots/grid_069.npy,,
104,69,0.9148526809176216,1.0330246754989127,1.3559462170561394,0.9042997219261099,0.6527753332783934,0.4276012643693241,0.7220501085935527,0.5920884822372041,0.3845683094351313,0.449191097166456,0.3483974194179225,0.31694848067338904,0.317021998173003,0.2702753041991636,pca8_morphology_ridge,examples/runs/seed_104/snapshots/grid_070.npy,,
104,70,0.9031694599197552,1.005122911524229,1.3502191393408391,0.8534242956237622,0.6511268975669183,0.4040125455819432,0.7165009253468858,0.552941961619414,0.3742200874408493,0.4224368472523954,0.3377282800176883,0.29685858428923273,0.312360935669778,0.257087933460508,pca8_morphology_ridge,examples/runs/seed_104/snapshots/grid_071.npy,,
104,71,0.8916323132877458,0.9607250901064799,1.343389320542378,0.8394462918142672,0.6454211405796971,0.3828899419191181,0.7186648251870815,0.5253103364652083,0.3650239765908235,0.4033459852277232,0.3414864270677938,0.28040196387594135,0.3074939258800845,0.24777975246396505,pca8_morphology_ridge,examples/runs/seed_104/snapshots/grid_072.npy,,
104,72,0.8798164266728014,0.9245409700312996,1.3383216051744593,0.8245341962278344,0.6463435693196405,0.3675682739555134,0.7175204322444101,0.4967425539975758,0.3491027889023804,0.3796028118740877,0.33898135848416,0.2664331099009271,0.302058493296624,0.23930739869103515,pca8_morphology_ridge,examples/runs/seed_104/snapshots/grid_073.npy,,
104,73,0.8684387439924517,0.8888721006477677,1.3385811348491587,0.8002423065535209,0.6431667529397691,0.34678641386854014,0.7114072628406879,0.4709748758431626,0.3370046108737998,0.3630426769386418,0.3418989274673469,0.25234069357254074,0.2966756554494968,0.22978670581271993,pca8_morphology_ridge,examples/runs/seed_104/snapshots/grid_074.npy,,
104,74,0.8580262176503937,0.8448430778532441,1.3419512405456366,0.8122550912670141,0.6430219608080618,0.3370910116852125,0.7152610702392495,0.44948567634099795,0.3350776889747678,0.34480820997597145,0.3237608297499441,0.24269405961099094,0.292103905979412,0.22462679254307202,pca8_morphology_ridge,examples/runs/seed_104/snapshots/grid_075.npy,,
104,75,0.8467293609244928,0.8094261170904973,1.3316960380374308,0.7961545467884696,0.6403469321130189,0.3206548338593772,0.7246687276292345,0.4211317586897728,0.3249998652804162,0.3247795025615546,0.3033781648478821,0.225611237599061,0.2864596844785554,0.21630939906921862,pca8_morphology_ridge,examples/runs/seed_104/snapshots/grid_076.npy,,
104,76,0.8396194113950344,0.7789792423608455,1.312801746903543,0.7620500224558802,0.6365793984628454,0.30146885083287095,0.705179680281584,0.3889801218604034,0.3134084994082971,0.30118411544152407,0.2987059845899742,0.21376588552833783,0.2816762003786319,0.20591594745279007,pca8_morphology_ridge,examples/runs/seed_104/snapshots/grid_077.npy,,
104,77,0.8319204405445352,0.7648706738159142,1.287423990097948,0.7250214135727364,0.6361863251536904,0.2862667965594736,0.7125228525557035,0.3633840698555715,0.3122035051224152,0.2871775839225653,0.3055280693116718,0.1998472591734917,0.2756666820314982,0.1974398429696174,pca8_morphology_ridge,examples/runs/seed_104/snapshots/grid_078.npy,,
104,78,0.8265806227269509,0.743764623307849,1.267255329822478,0.6843895639931721,0.63572804744528,0.2706364618687559,0.7086755053417603,0.33606594028499276,0.3061126973600354,0.2653229051457458,0.3010994820541948,0.18802275357969472,0.2711852883965734,0.18755005789092166,pca8_morphology_ridge,examples/runs/seed_104/snapshots/grid_079.npy,,
104,79,0.8224805484675766,0.7140502240024019,1.2605859068722045,0.7132990742505542,0.6109103034453566,0.26926028693995047,0.6857829507454916,0.3252336218223665,0.3124313161506697,0.25791753214159696,0.2932270709978831,0.1824968250533452,0.267555044033668,0.18744392516657232,pca8_morphology_ridge,examples/runs/seed_104/snapshots/grid_080.npy,,
104,80,0.8154857688081677,0.6938901670441199,1.2434112784879834,0.6861763429193914,0.5858364119785322,0.2541887547722581,0.6596556044873576,0.30356430504043685,0.2929481527091758,0.24121522223923547,0.2850466269664248,0.17342462287650867,0.2635456982605072,0.17956308977514082,pca8_morphology_ridge,examples/runs/seed_104/snapshots/grid_081.npy,,
104,81,0.8093082442945677,0.6777689972304821,1.213472067579728,0.6787338061484787,0.6046030271394229,0.2470083289365068,0.6420389060177015,0.29111768789637366,0.2605813333582736,0.23003567616168574,0.2899131045991361,0.16656004529676208,0.2583949000323784,0.17557374232951534,pca8_morphology_ridge,examples/runs/seed_104/snapshots/grid_082.npy,,
104,82,0.8067767488657542,0.6683366070733872,1.1817677714263288,0.6593029771587801,0.5954558397187628,0.23848540046064096,0.6136345991936906,0.2747267887246081,0.2479631640607135,0.22124200852343462,0.2643089642566376,0.16387941265105982,0.2541201650058894,0.17102075364009336,pca8_morphology_ridge,examples/runs/seed_104/snapshots/grid_083.npy,,
104,83,0.805960542741362,0.6576357860483968,1.17802542200302,0.644929305847512,0.5387831194517105,0.22912226977185496,0.5715924335049611,0.26270506260468374,0.2478837150124191,0.21549973007271955,0.2532974460136819,0.16077855700472768,0.2520227432930028,0.16690831493339914,pca8_morphology_ridge,examples/runs/seed_104/snapshots/grid_084.npy,,
104,84,0.8036729994531567,0.6448678200906046,1.170067930128445,0.6463052046174973,0.4747264140993301,0.22463943828764935,0.501702693028047,0.25733436123034314,0.2174786748780915,0.20954897036134273,0.2471717811684581,0.1564647920380383,0.2486633990173876,0.16487279358543414,pca8_morphology_ridge,examples/runs/seed_104/snapshots/grid_085.npy,,
104,85,0.8021283904906241,0.6356468717111406,1.1468655557288947,0.6435769840635945,0.4212431613379114,0.2211438517308661,0.4212017188867469,0.2515154229386153,0.1897548112543364,0.20436983021356442,0.2370729083711213,0.1503752706519886,0.2465414574191038,0.16297819004324215,pca8_morphology_ridge,examples/runs/seed_104/snapshots/grid_086.npy,,
104,86,0.7993517115076271,0.6329195863869057,1.1375078873879036,0.6359435673746331,0.4007159008005456,0.218973713110253,0.4006839090315741,0.246049740572584,0.1885361566549171,0.19944834449027632,0.2126593353764197,0.14897262881229517,0.2434651205495384,0.16123720019420668,pca8_morphology_ridge,examples/runs/seed_104/snapshots/grid_087.npy,,
104,87,0.7931460774326998,0.6302613786677504,1.1319921376971782,0.629555580744776,0.3315239027900985,0.21624956708855975,0.3314877260078858,0.24193686328339084,0.187132450661147,0.19769897904078138,0.1968383542046374,0.1474635683317106,0.2399379111280236,0.15981642483106706,pca8_morphology_ridge,examples/runs/seed_104/snapshots/grid_088.npy,,
104,88,0.7869651694634703,0.6263993755236714,1.1121926023485484,0.6304397144133723,0.3252522245194198,0.21582760392805295,0.3252247937552697,0.24005132683852345,0.1857461204274141,0.19517146352443623,0.176906397444724,0.1462754179603657,0.2352203149946615,0.15938213724479688,pca8_morphology_ridge,examples/runs/seed_104/snapshots/grid_089.npy,,
104,89,0.7813236279830076,0.6210760785303946,1.00587185510123,0.6325031544058306,0.2955805410633841,0.2149765788189317,0.295570956218212,0.23752121718652006,0.1894262580682771,0.19212035969160318,0.1911478337429371,0.14500209814324352,0.2298395169547818,0.15886042065035638,pca8_morphology_ridge,examples/runs/seed_104/snapshots/grid_090.npy,,
104,90,0.7778232703619182,0.6209398457895878,1.0337095519713524,0.6306437438950174,0.3023834184828086,0.2141502801518537,0.3023745042302522,0.23743519256580556,0.1893547407457204,0.19217697767867442,0.1945310185801194,0.14382131192637856,0.2264061865235636,0.1585265974335974,pca8_morphology_ridge,examples/runs/seed_104/snapshots/grid_091.npy,,
104,91,0.7754325234335017,0.6219540467894003,1.0495084721086507,0.6226233780515777,0.3146930742018771,0.21209177575827398,0.3146853098468533,0.23505710080878056,0.1888239521485167,0.19103461889518825,0.2005673959506209,0.14366854082393646,0.2202190358853367,0.15739224761772586,pca8_morphology_ridge,examples/runs/seed_104/snapshots/grid_092.npy,,
104,92,0.7730980945779287,0.6206620534890492,1.0131932648544368,0.6187497520754501,0.3484281102009829,0.21036956217849107,0.3484242806528091,0.23333951829832703,0.1894780773571658,0.19042303616767578,0.1516443321194978,0.14303309222376792,0.2158757357124711,0.15658438961302085,pca8_morphology_ridge,examples/runs/seed_104/snapshots/grid_093.npy,,
104,93,0.7682743456643186,0.6182642620603831,0.968319999939115,0.6180295341960017,0.3134647703135287,0.2094667540212827,0.3134429064514438,0.23200606124726902,0.1877146417885042,0.188412563401908,0.1502178953064278,0.14230361663616148,0.2142960416211978,0.15609905475006164,pca8_morphology_ridge,examples/runs/seed_104/snapshots/grid_094.npy,,
104,94,0.7622470161688778,0.617495140115724,0.9689034468921638,0.6195087903199311,0.3239942417698256,0.20942936212915095,0.3239735146505711,0.2320403762903098,0.1872988339924396,0.18855105015627013,0.1498868226610209,0.14267508998111006,0.2094814886303995,0.15621256722028282,pca8_morphology_ridge,examples/runs/seed_104/snapshots/grid_095.npy,,
104,95,0.7640609357087444,0.6166130315947804,0.8161209993953933,0.617673256528808,0.2296992254126324,0.2090457345539194,0.2296854893345868,0.22997790081693018,0.2009695180961636,0.18684203625897952,0.1608146822693628,0.1423144482158904,0.2126220200903928,0.15576792998426447,pca8_morphology_ridge,examples/runs/seed_104/snapshots/grid_096.npy,,
104,96,0.7613365066934736,0.616269315637368,0.7575120122594365,0.6181443806210309,0.2355350954714272,0.2087982880462088,0.2355187292620144,0.23010308089704895,0.2060693872490012,0.1871377522348652,0.1648894723403796,0.14231728681174904,0.2084797535488554,0.15577046374535541,pca8_morphology_ridge,examples/runs/seed_104/snapshots/grid_097.npy,,
104,97,0.7607766362535356,0.615914582912227,0.832960811033493,0.6200755021890484,0.2368986584497834,0.20917372834260844,0.2368839288613119,0.23056183072881592,0.2072648869839127,0.18725707176959366,0.165842475874191,0.1422934344389497,0.2050737289618191,0.1560128103097998,pca8_morphology_ridge,examples/runs/seed_104/snapshots/grid_098.npy,,
104,98,0.7619976292836443,0.6164557111928807,0.8497954976848954,0.6164059679565266,0.2343105358593124,0.2082704039896578,0.234294198769127,0.22958038949493914,0.2050048300218638,0.18693582846760778,0.1640285243076369,0.142145951100432,0.202333663434127,0.15552028874655294,pca8_morphology_ridge,examples/runs/seed_104/snapshots/grid_099.npy,,
104,99,0.7623576397013234,0.6160722474600215,0.908815947916406,0.6182932414939946,0.234476695234284,0.20856785558837715,0.2344619918531171,0.23000573160178553,0.2051519083604674,0.18731038183829624,0.1641437209495052,0.14236283077850503,0.1986183461633462,0.1557942340418068,pca8_morphology_ridge,examples/runs/seed_104/snapshots/grid_100.npy,,
104,100,0.7619052600800903,0.6157339552829802,0.9283489396448608,0.6185804946496505,0.2370235429777295,0.20900680262079396,0.2370066475273981,0.2295779927182822,0.2073754557717382,0.18659237238399617,0.1659165401237938,0.14198661155578285,0.1944449539081563,0.15577306997046297,pca8_morphology_ridge,examples/runs/seed_104/snapshots/grid_101.npy,,
104,101,0.7646087076987876,0.6148531590435736,0.8097000051237832,0.6181273316786509,0.2404831200390868,0.20821357339527619,0.2404649757410681,0.2293151991977519,0.2104179919317406,0.18669483038995152,0.1683437188797648,0.14165370631862972,0.1947464901453988,0.15555455593281484,pca8_morphology_ridge,examples/runs/seed_104/snapshots/grid_102.npy,,
104,102,0.7664014398005684,0.6151648721912923,0.9087300046114049,0.6171147316710639,0.2401500294184292,0.20818996945324605,0.2401336995502124,0.22896893304165836,0.2101270114489113,0.18623069299788012,0.168110001960064,0.14180372820348203,0.1918724960991347,0.15543893451916369,pca8_morphology_ridge,examples/runs/seed_104/snapshots/grid_103.npy,,
104,103,0.766954447976424,0.615394285562975,0.9978570041502643,0.6160324900993268,0.2382618885036026,0.2078962093219339,0.2382471916222074,0.22872130407142252,0.2084753145776593,0.18632298235879882,0.166787805182969,0.14173745212741617,0.1881740499081326,0.15531000725509245,pca8_morphology_ridge,examples/runs/seed_104/snapshots/grid_104.npy,,
104,104,0.0,0.6144926626317171,0.0,0.6179859543399127,0.0,0.20812265270977665,0.0,0.22898288769636907,0.0,0.18631261111836175,0.0,0.1416238754796394,0.0,0.15547362536466278,pca8_morphology_ridge,examples/runs/seed_104/snapshots/grid_105.npy,,
104,105,0.0,0.6144926626317171,0.0,0.6179859543399127,0.0,0.20812265270977665,0.0,0.22898288769636907,0.0,0.18631261111836175,0.0,0.1416238754796394,0.0,0.15547362536466278,pca8_morphology_ridge,examples/runs/seed_104/snapshots/grid_106.npy,,
104,106,0.0,0.6144926626317171,0.0,0.6179859543399127,0.0,0.20812265270977662,0.0,0.22898288769636901,0.0,0.18631261111836173,0.0,0.14162387547963942,0.0,0.15547362536466278,pca8_morphology_ridge,examples/runs/seed_104/snapshots/grid_107.npy,,
104,107,0.0,0.6144926626317171,0.0,0.6179859543399127,0.0,0.20812265270977665,0.0,0.22898288769636907,0.0,0.18631261111836175,0.0,0.1416238754796394,0.0,0.15547362536466278,pca8_morphology_ridge,examples/runs/seed_104/snapshots/grid_108.npy,,
104,108,0.0,0.6144926626317171,0.0,0.6179859543399127,0.0,0.20812265270977665,0.0,0.22898288769636907,0.0,0.18631261111836175,0.0,0.1416238754796394,0.0,0.15547362536466278,pca8_morphology_ridge,examples/runs/seed_104/snapshots/grid_109.npy,,
104,109,0.0,0.6144926626317171,0.0,0.6179859543399127,0.0,0.20812265270977665,0.0,0.22898288769636907,0.0,0.18631261111836175,0.0,0.1416238754796394,0.0,0.15547362536466278,pca8_morphology_ridge,examples/runs/seed_104/snapshots/grid_110.npy,,
104,110,0.0,0.6144926626317171,0.0,0.6179859543399127,0.0,0.20812265270977665,0.0,0.22898288769636907,0.0,0.18631261111836175,0.0,0.1416238754796394,0.0,0.15547362536466278,pca8_morphology_ridge,examples/runs/seed_104/snapshots/grid_111.npy,,
104,111,0.0,0.6144926626317171,0.0,0.6179859543399127,0.0,0.20812265270977665,0.0,0.22898288769636907,0.0,0.18631261111836175,0.0,0.1416238754796394,0.0,0.15547362536466278,pca8_morphology_ridge,examples/runs/seed_104/snapshots/grid_112.npy,,
104,112,0.0,0.6144926626317171,0.0,0.6179859543399127,0.0,0.20812265270977665,0.0,0.22898288769636907,0.0,0.18631261111836175,0.0,0.1416238754796394,0.0,0.15547362536466278,pca8_morphology_ridge,examples/runs/seed_104/snapshots/grid_113.npy,,
104,113,0.0,0.6144926626317171,0.0,0.6179859543399127,0.0,0.20812265270977662,0.0,0.22898288769636901,0.0,0.18631261111836173,0.0,0.14162387547963942,0.0,0.15547362536466278,pca8_morphology_ridge,examples/runs/seed_104/snapshots/grid_114.npy,,
104,114,0.0,0.6144926626317171,0.0,0.6179859543399127,0.0,0.20812265270977665,0.0,0.22898288769636907,0.0,0.18631261111836175,0.0,0.1416238754796394,0.0,0.15547362536466278,pca8_morphology_ridge,examples/runs/seed_104/snapshots/grid_115.npy,,
104,115,0.0,0.6144926626317171,0.0,0.6179859543399127,0.0,0.20812265270977665,0.0,0.22898288769636907,0.0,0.18631261111836175,0.0,0.1416238754796394,0.0,0.15547362536466278,pca8_morphology_ridge,examples/runs/seed_104/snapshots/grid_116.npy,,
104,116,0.0,0.6144926626317171,0.0,0.6179859543399127,0.0,0.20812265270977665,0.0,0.22898288769636907,0.0,0.18631261111836175,0.0,0.1416238754796394,0.0,0.15547362536466278,pca8_morphology_ridge,examples/runs/seed_104/snapshots/grid_117.npy,,
104,117,0.0,0.6144926626317171,0.0,0.6179859543399127,0.0,0.20812265270977665,0.0,0.22898288769636907,0.0,0.18631261111836175,0.0,0.1416238754796394,0.0,0.15547362536466278,pca8_morphology_ridge,examples/runs/seed_104/snapshots/grid_118.npy,,
104,118,0.0,0.6144926626317171,0.0,0.6179859543399127,0.0,0.20812265270977665,0.0,0.22898288769636907,0.0,0.18631261111836175,0.0,0.1416238754796394,0.0,0.15547362536466278,pca8_morphology_ridge,examples/runs/seed_104/snapshots/grid_119.npy,,
104,119,0.0,0.6144926626317171,0.0,0.6179859543399127,0.0,0.20812265270977665,0.0,0.22898288769636907,0.0,0.18631261111836175,0.0,0.1416238754796394,0.0,0.15547362536466278,pca8_morphology_ridge,examples/runs/seed_104/snapshots/grid_120.npy,,
107,0,0.814284620503459,0.6203615031919807,0.4213477021364857,0.6139590646587263,0.5331520810910546,0.20956580593003352,0.52746027528933,0.23073807729163334,0.5445632973951474,0.1874360889290828,0.4195786104010203,0.14293117353528778,0.3884838437833017,0.15579228313133114,pca8_morphology_ridge,examples/runs/seed_107/snapshots/grid_001.npy,,
107,1,0.6411167767247635,0.6228659904375299,0.2781419546152247,0.614765927355295,0.331716857015381,0.21054634699490754,0.3419337731601972,0.2323519911123941,0.3475252179157763,0.18887843447811495,0.275096370869535,0.14398636079853083,0.2511106318606005,0.15633772217107186,pca8_morphology_ridge,examples/runs/seed_107/snapshots/grid_002.npy,,
107,2,0.682688470376792,0.6238525091291678,0.260089606828615,0.6165465218205,0.2885582169377283,0.21143981968681705,0.2915518492312571,0.23334199067954295,0.29147619475638,0.1893972922177466,0.2312118034217514,0.14413105513856084,0.2156175797687238,0.15677045987121022,pca8_morphology_ridge,examples/runs/seed_107/snapshots/grid_003.npy,,
107,3,0.7565622884976912,0.6494655498637314,0.25481820755466,0.5971422195165033,0.2631554507577512,0.21462120427142212,0.2690840154664947,0.2410897170723837,0.2649704340985027,0.1982452997654903,0.2116493879098915,0.15196520565411797,0.1995120703034353,0.15775311304716505,pca8_morphology_ridge,examples/runs/seed_107/snapshots/grid_004.npy,,
107,4,0.8936649940979801,0.6521332972105487,0.2749141136858741,0.5906677706333998,0.2926090993997444,0.21215048986977067,0.299728451471524,0.24021860552767976,0.2889865749253473,0.19972171919547943,0.2326599839630922,0.1523130017342611,0.2056105506671135,0.15705958885541565,pca8_morphology_ridge,examples/runs/seed_107/snapshots/grid_005.npy,,
107,5,0.910401604198761,0.6629015775582692,0.2553729726329001,0.5750040616436501,0.2935758372037009,0.2121145213768667,0.2959072112150363,0.2403939398045018,0.2822410364960989,0.2003123302080882,0.2305687325557911,0.153786891205346,0.190326728297592,0.1563658813590474,pca8_morphology_ridge,examples/runs/seed_107/snapshots/grid_006.npy,,
107,6,0.8085027187865989,0.668758276797696,0.2142821127856077,0.6068441834837948,0.2540933335556867,0.2246340423825798,0.2616269062522793,0.2537590177168213,0.244912729937316,0.20416339742792294,0.2059122061162742,0.1573135505544378,0.1570289575966009,0.16239664901472173,pca8_morphology_ridge,examples/runs/seed_107/snapshots/grid_007.npy,,
107,7,0.799527612397603,0.6715101595031927,0.2095156507868584,0.6404878019581316,0.248013232193217,0.23355276883930115,0.2571394085246068,0.27003292052066885,0.235310348706084,0.2154126111041767,0.206746099512131,0.16186225777893476,0.1451404217674574,0.1681882510773502,pca8_morphology_ridge,examples/runs/seed_107/snapshots/grid_008.npy,,
107,8,0.9024673172459184,0.6737159039728394,0.2361748090850737,0.6421420465852615,0.272566994188165,0.2364355483822665,0.2931278585874723,0.2707500893285039,0.2621984168535458,0.21390619502268557,0.2327772248477136,0.16044160466623564,0.1552067554032487,0.1688386977765649,pca8_morphology_ridge,examples/runs/seed_107/snapshots/grid_009.npy,,
107,9,0.9593701503498446,0.6844359213721061,0.2469017319279185,0.6368470642236312,0.2871724795115187,0.2390401254435589,0.3161323350390684,0.2759050473223904,0.2790028577760204,0.21490325684360057,0.251353510894208,0.16283194579736143,0.1595700142316319,0.1695154795294886,pca8_morphology_ridge,examples/runs/seed_107/snapshots/grid_010.npy,,
107,10,0.9887549850615708,0.6915447295963821,0.2537952327441228,0.6429108392997426,0.2989234614237406,0.24601762533146943,0.3327228910802587,0.2820816045515964,0.2903299553040145,0.21626885947525396,0.2604483732097444,0.16235930709931534,0.1615244005983857,0.17174912305672363,pca8_morphology_ridge,examples/runs/seed_107/snapshots/grid_011.npy,,
107,11,0.9931679916353492,0.6948639788006705,0.2584929111600821,0.6737199490010344,0.3037354059561989,0.255653329866512,0.3418689294205465,0.2976957857982074,0.2982466342309926,0.22306676897776012,0.2606248982633077,0.16498192912517978,0.1609715610004773,0.1771599949190585,pca8_morphology_ridge,examples/runs/seed_107/snapshots/grid_012.npy,,
107,12,0.9554397059060372,0.7076483940252556,0.2529686752702261,0.6716871753714215,0.3025176387113658,0.2593537225912449,0.3358426422725457,0.30465282451821274,0.294638772666966,0.23116512691285132,0.2546271974515356,0.16743495050633633,0.1541657563740746,0.17890712957827554,pca8_morphology_ridge,examples/runs/seed_107/snapshots/grid_013.npy,,
107,13,0.9455265855633024,0.7204084592989921,0.2609723397554871,0.6795636392849609,0.2997829174137056,0.263446169245917,0.3353176281363911,0.31566190467834687,0.293637526544412,0.24356781358713242,0.2507896417010992,0.17100642166518382,0.1525302095942233,0.18225400901358677,pca8_morphology_ridge,examples/runs/seed_107/snapshots/grid_014.npy,,
107,14,0.94823134256702,0.7438862518323881,0.2721183669894523,0.6533422573523906,0.3042130064549299,0.2659365230686335,0.3386522570313405,0.31707618277781047,0.2955468710817342,0.24779023058553717,0.2566083739726814,0.17290781960250048,0.1530141374692402,0.18183307549254124,pca8_morphology_ridge,examples/runs/seed_107/snapshots/grid_015.npy,,
107,15,1.011735263724093,0.7528249241754315,0.2974774525518273,0.6670773913908682,0.3224750229346487,0.2724894948915566,0.365515482656874,0.328663802117709,0.3118756052762142,0.259402853288605,0.2724311263342639,0.17309592334960705,0.1630565416561976,0.18554838593642886,pca8_morphology_ridge,examples/runs/seed_107/snapshots/grid_016.npy,,
107,16,1.024104399751556,0.7686486879175899,0.30543488789811,0.6915844237013264,0.3276156303916815,0.28662824983019886,0.3760171896112559,0.3470312365045451,0.3197020177236558,0.2704845003489957,0.2790540127725828,0.18025063237089864,0.1655461686811963,0.19218587835171042,pca8_morphology_ridge,examples/runs/seed_107/snapshots/grid_017.npy,,
107,17,1.014485899523892,0.7957909776795686,0.3139442256487265,0.7095417488408989,0.3295375061548929,0.30151517282972706,0.3797114633033708,0.36758198030412526,0.3238061257771408,0.2867920023882255,0.2813967557488779,0.186272683137289,0.1656861234913162,0.19942812972071056,pca8_morphology_ridge,examples/runs/seed_107/snapshots/grid_018.npy,,
107,18,1.0377665000180305,0.8114081495617166,0.332646558725891,0.70742845588722,0.3421544446479604,0.3070210359648494,0.3962118182212323,0.3741363439959314,0.3342992912460394,0.2995279604236478,0.2902965762344965,0.18955566021197356,0.1710084911772633,0.2018832992107294,pca8_morphology_ridge,examples/runs/seed_107/snapshots/grid_019.npy,,
107,19,1.0201402765706098,0.8366702022179575,0.335420254721877,0.728015347077456,0.3425711596775415,0.3231866718171914,0.3960517746124185,0.39496806730021117,0.3306257188643197,0.3132359052932265,0.2882267229773216,0.1946642993044531,0.1694453941485055,0.20913533793123495,pca8_morphology_ridge,examples/runs/seed_107/snapshots/grid_020.npy,,
107,20,1.0137366290211005,0.8661146371296415,0.3427639104090366,0.7269928883950085,0.3419896968165922,0.3372172797668311,0.3995542012025345,0.40833555342950384,0.3313492363621629,0.31849745419757597,0.2866359951871606,0.2079582756744493,0.1696124951773882,0.21367906207127485,pca8_morphology_ridge,examples/runs/seed_107/snapshots/grid_021.npy,,
107,21,1.0149462794247912,0.914444275135271,0.3554425284189389,0.6716167281978944,0.3452697330903668,0.3377022615711056,0.4044763258415556,0.4114294607171106,0.3340202581641123,0.33077778988619766,0.2877443808896006,0.2190236388525094,0.1713693231376295,0.2125066621637688,pca8_morphology_ridge,examples/runs/seed_107/snapshots/grid_022.npy,,
107,22,1.0292408688612924,0.9503172949647021,0.3727667010280688,0.656458652077511,0.3502024675234725,0.35110803838906224,0.4153400206192771,0.4242443539582803,0.3409481259730864,0.3375737819879425,0.2918752092744029,0.2261456679089855,0.1753918030215137,0.21588258399721036,pca8_morphology_ridge,examples/runs/seed_107/snapshots/grid_023.npy,,
107,23,1.0596501048270697,0.9729562711666779,0.3932873794790679,0.6907919277193374,0.3608925243277157,0.3709182586716257,0.4334581480271274,0.44995453216516257,0.3529752481964291,0.3457983121765288,0.3040947857535942,0.24505495746832862,0.1819955693748669,0.2251726788022239,pca8_morphology_ridge,examples/runs/seed_107/snapshots/grid_024.npy,,
107,24,1.0857359774550828,1.010057597148515,0.413294846980386,0.6870755730349009,0.3716880055024169,0.38286116487087557,0.4510385878777792,0.46459289615474036,0.3646593646284282,0.3620763425601296,0.3136660318710422,0.25990421461274454,0.1883897115849927,0.2309069144173596,pca8_morphology_ridge,examples/runs/seed_107/snapshots/grid_025.npy,,
107,25,1.1172524056276958,1.0344081787752255,0.4393279749994001,0.703311289224086,0.3871331005105555,0.3940508739888572,0.4717117128052381,0.4853108459896614,0.3767871323857312,0.3805530862186132,0.3221695242253731,0.2735797848866762,0.1965426422207167,0.23800430849551246,pca8_morphology_ridge,examples/runs/seed_107/snapshots/grid_026.npy,,
107,26,1.1304300693110088,1.0779552880672074,0.4589153927271153,0.6824424058670961,0.394078618247018,0.40143900042077635,0.4852205704667501,0.5032127554851449,0.386499992221222,0.39642911561027705,0.3273023456661362,0.28300523273413447,0.201913624432817,0.2415459738414167,pca8_morphology_ridge,examples/runs/seed_107/snapshots/grid_027.npy,,
107,27,1.1399792664337902,1.1068133472193329,0.4795575133141974,0.682030470708772,0.4017653018684653,0.41329605637767397,0.4974879556898943,0.5226050856017489,0.3945275854812407,0.41067286557102844,0.3328005770531809,0.29356274199837984,0.2070544876417154,0.24629390143773405,pca8_morphology_ridge,examples/runs/seed_107/snapshots/grid_028.npy,,
107,28,1.1347571181646658,1.1365239074118243,0.4939609993278742,0.7336533595801016,0.4059990995588794,0.4356276063013108,0.502771901501699,0.5601491644433869,0.397932119646421,0.44218221208814873,0.3327807671837683,0.31513487818523145,0.2094925338759041,0.25947549820062304,pca8_morphology_ridge,examples/runs/seed_107/snapshots/grid_029.npy,,
107,29,1.1500770523191182,1.1538803113459872,0.5185726349270818,0.7788998313803331,0.4165055711568372,0.45285259691512325,0.5176850210024293,0.5955414737049098,0.4070874241549936,0.45902739592492475,0.3404328390406294,0.32777041548284536,0.2157556255859634,0.26987960679662826,pca8_morphology_ridge,examples/runs/seed_107/snapshots/grid_030.npy,,
107,30,1.170694186609458,1.1724484849138905,0.5464251258258511,0.8269963980378658,0.4272994301157553,0.4728243929410001,0.5349056256262928,0.6234787561244011,0.41900211681747,0.46793611371834587,0.3478882358985204,0.3386356558241825,0.2231945578145052,0.27991774381777695,pca8_morphology_ridge,examples/runs/seed_107/snapshots/grid_031.npy,,
107,31,1.1963451261286515,1.1884056445986402,0.5734612792627024,0.8421616008222998,0.4397079987528001,0.483777967643908,0.5546715979386043,0.6419991678921275,0.4329932717292894,0.48000189081199707,0.3574691999721239,0.34276500197834353,0.2314060662816386,0.28524958056762006,pca8_morphology_ridge,examples/runs/seed_107/snapshots/grid_032.npy,,
107,32,1.2205569373729594,1.2317467539806006,0.6044730824670851,0.779954718320165,0.4526999748069391,0.47779548543085415,0.5739519067942521,0.6478314057360418,0.445495887259165,0.49806789998838297,0.3677073410489859,0.347932440490487,0.2402638187750494,0.28241790817794366,pca8_morphology_ridge,examples/runs/seed_107/snapshots/grid_033.npy,,
107,33,1.2272629419075352,1.2423995140266857,0.6271514479377799,0.8565007807411276,0.4600809291710132,0.4998050592030495,0.586375431147008,0.6867763529232821,0.4531820143147381,0.5283469866527467,0.3737544222630988,0.3616047519010772,0.2459781073956991,0.29669007646543444,pca8_morphology_ridge,examples/runs/seed_107/snapshots/grid_034.npy,,
107,34,1.2517277477291775,1.2565704693462418,0.6594781088551595,0.8615634921943506,0.4732537591650555,0.5082281580639716,0.6074427552537731,0.69760727211379,0.4667511530242003,0.5401894524410472,0.3854372262146825,0.3549868865408812,0.2553708719926132,0.2996368894974328,pca8_morphology_ridge,examples/runs/seed_107/snapshots/grid_035.npy,,
107,35,1.2763603673945596,1.2525103738511674,0.6951850122237598,0.93108639018312,0.4875784353484344,0.5293441590501905,0.6296745003801775,0.725588732302328,0.4821799595974607,0.5420079135155421,0.3962811975803671,0.3617023023140651,0.2655610817125834,0.3103529716713627,pca8_morphology_ridge,examples/runs/seed_107/snapshots/grid_036.npy,,
107,36,1.2921831767756242,1.2829872612248874,0.7269500041714408,0.9012011111634441,0.498519703973121,0.5331221540278834,0.6484024356558002,0.7274883889605079,0.4951858507639333,0.5584249908928748,0.4065056073310468,0.36483489231348876,0.27430148057634,0.3108742153055948,pca8_morphology_ridge,examples/runs/seed_107/snapshots/grid_037.npy,,
107,37,1.294055159200793,1.2950007157775798,0.7507084651738442,0.9687101517562595,0.5062608288542039,0.5613405225148383,0.6614533624892616,0.7554744995794276,0.5029875470425336,0.5578989794436446,0.4119329442295551,0.37484931623962936,0.2802295201854154,0.32329065364154524,pca8_morphology_ridge,examples/runs/seed_107/snapshots/grid_038.npy,,
107,38,1.2923374706263713,1.3116912396210867,0.7757890952766568,1.0032874830732312,0.5134628051078788,0.5793981586246681,0.6733992987685088,0.7788844623934978,0.5099612307501139,0.5713745780258308,0.4165068782296696,0.37927998484635106,0.2858551227585665,0.3314244672472739,pca8_morphology_ridge,examples/runs/seed_107/snapshots/grid_039.npy,,
107,39,1.301503659876433,1.3164016287527724,0.8085538827485802,1.0765193304846734,0.525432597977094,0.6033158021573231,0.6917448953570394,0.8075674875110469,0.5217070366207135,0.5839453079160094,0.4256618310643213,0.3845911137935085,0.294047398845235,0.34344544798847054,pca8_morphology_ridge,examples/runs/seed_107/snapshots/grid_040.npy,,
107,40,1.3132838080393217,1.3315171786147797,0.8439912069485681,1.0420522519039412,0.538354598740109,0.604453552749945,0.7120655760963255,0.79670647559483,0.534409004451985,0.5813868903107062,0.4362347724404453,0.3886606549258723,0.3030547406652785,0.34048112891306204,pca8_morphology_ridge,examples/runs/seed_107/snapshots/grid_041.npy,,
107,41,1.3189296704352913,1.3362776563531582,0.877040172416626,1.0617037833843825,0.5498612190889528,0.6017424066212439,0.7298243446590943,0.8179399983705796,0.5459256017106702,0.6039396307240261,0.4451112790324099,0.3950720908205055,0.3110163377844746,0.34453998038413436,pca8_morphology_ridge,examples/runs/seed_107/snapshots/grid_042.npy,,
107,42,1.3199186624118535,1.346900384377545,0.9079939444183708,1.0610818420596995,0.5601322105983731,0.6110577104372605,0.7458120193388573,0.8152510860209661,0.5557455975120653,0.603067407563529,0.4529120925830155,0.3998100934528759,0.3181236683547698,0.34607084936339616,pca8_morphology_ridge,examples/runs/seed_107/snapshots/grid_043.npy,,
107,43,1.319135265152973,1.366179660257943,0.939648830954561,1.0342763358716427,0.5694632715592525,0.6051629166064346,0.7614285800238358,0.8134646116634896,0.5658137219691243,0.6019707758464667,0.4608980780232788,0.40952293355841113,0.3250886449476562,0.3444376190806012,pca8_morphology_ridge,examples/runs/seed_107/snapshots/grid_044.npy,,
107,44,1.317549676679419,1.3484506995776886,0.9710043827978156,1.1226682004511672,0.5790459666112193,0.6208616330538099,0.7771574855399256,0.8443595555195766,0.5754437821409112,0.6193133026758033,0.469131056345129,0.4029785286710765,0.331916029274265,0.3557058707751571,pca8_morphology_ridge,examples/runs/seed_107/snapshots/grid_045.npy,,
107,45,1.3114777917805471,1.3714603664082965,1.0016605106423395,1.055488484627421,0.5876327837998213,0.6174448028656374,0.7910704972855243,0.822583751397016,0.5843445251292557,0.6095210090709521,0.4762911292966173,0.4047857427166396,0.3380535087494465,0.34900998033286074,pca8_morphology_ridge,examples/runs/seed_107/snapshots/grid_046.npy,,
107,46,1.3010220248927769,1.3654776717250585,1.0296910884151056,1.0935890582000192,0.5943935473261804,0.6261050916544677,0.8027044449641747,0.8318615062567822,0.5913629168063658,0.6151287632259358,0.4822460323688008,0.408507577063179,0.3430766922508802,0.35406317916886215,pca8_morphology_ridge,examples/runs/seed_107/snapshots/grid_047.npy,,
107,47,1.288579182108044,1.3695166056327572,1.0564390054459385,1.1003303365532946,0.6004655753620661,0.6274732895676293,0.8136245530064798,0.8395194670285877,0.5980151511844409,0.6169968850918287,0.4874606859973268,0.4121845107723585,0.3475223606974206,0.35561846492343707,pca8_morphology_ridge,examples/runs/seed_107/snapshots/grid_048.npy,,
107,48,1.2739267747308238,1.3601677800945553,1.082112574479215,1.1254162067722018,0.6055576446654595,0.6359120751486866,0.823166817913402,0.8419751199115135,0.6034487366603238,0.6082261837800436,0.4921649827967668,0.4119950384340349,0.3512874513243034,0.3582618718784305,pca8_morphology_ridge,examples/runs/seed_107/snapshots/grid_049.npy,,
107,49,1.2573485782833376,1.37580970786172,1.104857298851325,1.081432299428068,0.6098859353576304,0.6269371181987651,0.8316059098436893,0.8362458449397077,0.6080550330794049,0.602793128458307,0.4959084749230968,0.4202834799136741,0.3541442721168417,0.35354116457326745,pca8_morphology_ridge,examples/runs/seed_107/snapshots/grid_050.npy,,
107,50,1.2365957192321335,1.3561009785052018,1.1252334694658996,1.1577308013289107,0.6117285935266528,0.6371422508282216,0.8368164572097393,0.8542406148481958,0.6103775486550721,0.6219702633065034,0.4979376704264147,0.42459201584338263,0.3557275340748575,0.36322794028850863,pca8_morphology_ridge,examples/runs/seed_107/snapshots/grid_051.npy,,
107,51,1.217859938371541,1.3749931757963347,1.1458630448571816,1.0931187574168661,0.6143136128294501,0.6332125258690964,0.8432874059168457,0.8330934578575762,0.6134803195186186,0.6030561172174304,0.5005818643993619,0.42305157966274654,0.3573381380000146,0.35567505588067483,pca8_morphology_ridge,examples/runs/seed_107/snapshots/grid_052.npy,,
107,52,1.1976632025123266,1.3571508975988023,1.1652751390904397,1.143717440108778,0.6157090465130213,0.6397844511415642,0.8481801760642944,0.8522793609458172,0.6154581150679842,0.6139938166333602,0.5023098803927524,0.4218366081372023,0.3581935690672876,0.36088374442931387,pca8_morphology_ridge,examples/runs/seed_107/snapshots/grid_053.npy,,
107,53,1.175278254188231,1.3658128045665991,1.1839790270812485,1.0956407863611202,0.6155837707006019,0.6273055246837609,0.850931059964258,0.8408901921701666,0.6159572615090612,0.6089085479563214,0.5028834187227632,0.42288125212168515,0.3582201066540418,0.3548663318069135,pca8_morphology_ridge,examples/runs/seed_107/snapshots/grid_054.npy,,
107,54,1.1533464676958989,1.374231207329192,1.2030705181993058,1.071985037085437,0.6156291557210029,0.6231113085458411,0.8528965485442723,0.8340846367934087,0.6152964553444128,0.6076607157986396,0.5022018808127814,0.4266002262034962,0.3580733925555663,0.3524178345554455,pca8_morphology_ridge,examples/runs/seed_107/snapshots/grid_055.npy,,
107,55,1.1305454694094816,1.3660387800553624,1.2201584247046815,1.051335659678906,0.6147299199780251,0.6146321483628283,0.8521552889106405,0.8274892357955681,0.6122496090740325,0.6064569807229014,0.5007085988531266,0.42125579250544476,0.3570752714877507,0.34791950947869427,pca8_morphology_ridge,examples/runs/seed_107/snapshots/grid_056.npy,,
107,56,1.1076168982941468,1.346448047339012,1.238713400068647,1.1205766732600893,0.6126964756148088,0.6282366573239166,0.8512071968381253,0.8403569256022168,0.6096548147816659,0.6057573324789634,0.4976225217284934,0.42119397698208105,0.3558101797472134,0.35582279648959747,pca8_morphology_ridge,examples/runs/seed_107/snapshots/grid_057.npy,,
107,57,1.0865579836820636,1.3442276550126055,1.2581794730838272,1.0969796350915801,0.6115710447335134,0.6186828451360454,0.8482264736273687,0.8300789452077233,0.6042373538342996,0.6016938454693508,0.493138705314272,0.4185127554238226,0.3541492731000311,0.35176667952759866,pca8_morphology_ridge,examples/runs/seed_107/snapshots/grid_058.npy,,
107,58,1.066034696932555,1.3223934239638928,1.2766997151445902,1.1568982058100352,0.6088158969012025,0.6305092659029365,0.8450969338449292,0.8374958871153797,0.5987821840735745,0.6019210336845571,0.4900228998255023,0.415847788936768,0.3517827140479842,0.35764907265073764,pca8_morphology_ridge,examples/runs/seed_107/snapshots/grid_059.npy,,
107,59,1.0451949873177688,1.320290739906251,1.2924844640423947,1.090763867026138,0.604643033425358,0.6129268096847064,0.8373699563052841,0.8163538261000518,0.5917002555382282,0.5843292709295367,0.4870813575218136,0.4091890086058197,0.3488341090787273,0.3468005738348072,pca8_morphology_ridge,examples/runs/seed_107/snapshots/grid_060.npy,,
107,60,1.026311186262595,1.2943300907817608,1.310597202155188,1.1201099596720376,0.5979984927831948,0.6118670409554424,0.8300389773244392,0.8149450110660189,0.5863106477260809,0.5735880973109281,0.4792662270961905,0.39593341592548326,0.3456971611237063,0.3472296378838062,pca8_morphology_ridge,examples/runs/seed_107/snapshots/grid_061.npy,,
107,61,1.009477715124124,1.2664609900308974,1.3253244711552212,1.121716786034193,0.5961791732703305,0.5972417203043696,0.8227248405386921,0.8004479454928803,0.5779869102357525,0.5732219316210223,0.4770425130361299,0.39343522054673485,0.3429006358578789,0.3429208882993598,pca8_morphology_ridge,examples/runs/seed_107/snapshots/grid_062.npy,,
107,62,0.993317543279474,1.2412034876442644,1.334524697331139,1.0529087954188936,0.59087750544743,0.5694858840375387,0.8150219603068012,0.7590005793341525,0.5656593396665137,0.5571500694573938,0.4725886479795989,0.36178305031895386,0.3402634955704507,0.3282288682739739,pca8_morphology_ridge,examples/runs/seed_107/snapshots/grid_063.npy,,
107,63,0.978502713290218,1.1926104891908937,1.3448670241047134,1.0971820441544184,0.5882052501687266,0.5664745340264992,0.8034588555881413,0.7469086779773322,0.5568773996266723,0.5374816824460759,0.4623403906689728,0.36031127154038417,0.3370691051406745,0.3270964243726525,pca8_morphology_ridge,examples/runs/seed_107/snapshots/grid_064.npy,,
107,64,0.962517165624892,1.1593497242256081,1.355776616937585,1.080812213881633,0.5813694229014862,0.5453150183312334,0.7940605013863211,0.7262197690320851,0.5501908632235455,0.5235501582773938,0.4600739384366314,0.3473485393159253,0.3331377958848087,0.3189697143666781,pca8_morphology_ridge,examples/runs/seed_107/snapshots/grid_065.npy,,
107,65,0.9483428363151112,1.1089570318006532,1.3617122704801914,1.099960777044589,0.5719430899297986,0.5319554254013297,0.7852345718920357,0.6978215160813803,0.5428081560080174,0.5033533474776417,0.4545386467504941,0.3350128539448428,0.3295980429775194,0.31382774722519036,pca8_morphology_ridge,examples/runs/seed_107/snapshots/grid_066.npy,,
107,66,0.9351028190021572,1.0765948778709082,1.3723243269441443,1.0296375121923365,0.566882536490103,0.4989827710685166,0.7724754198230757,0.6590663815851354,0.5299332888408503,0.4851712899252885,0.4408648851262815,0.319450489440714,0.3255914692283936,0.29761011786328984,pca8_morphology_ridge,examples/runs/seed_107/snapshots/grid_067.npy,,
107,67,0.9235194107726948,1.0452525085611757,1.3785329453606396,0.9834339583268075,0.5589413773453717,0.47479834798384385,0.756047274881124,0.6164738043277898,0.51984140932906,0.4532643881363661,0.4351973513281179,0.3055186979766133,0.3218562781506775,0.2848488436721361,pca8_morphology_ridge,examples/runs/seed_107/snapshots/grid_068.npy,,
107,68,0.9125546143475336,0.9983545426663739,1.376701628177778,0.9268907697034652,0.547043363144285,0.4413009675102614,0.7369326088539938,0.5735836457183436,0.50521204886253,0.42746887544860374,0.4320056436319901,0.2842979527104755,0.318279430830705,0.26850821253431867,pca8_morphology_ridge,examples/runs/seed_107/snapshots/grid_069.npy,,
107,69,0.9009343249533596,0.9518462428501373,1.3741336120661976,0.9127367969259266,0.5352052390915795,0.41835919815999556,0.7237061387409698,0.5386408129230149,0.4972700241897881,0.4013210100397755,0.4143495682188105,0.27300284789765267,0.3142099472113296,0.25829876815052183,pca8_morphology_ridge,examples/runs/seed_107/snapshots/grid_070.npy,,
107,70,0.8908093868865704,0.9231710187324855,1.3632981765972585,0.8497411698728875,0.5300826423503251,0.3876561887953038,0.7134051072805658,0.4984325676615988,0.4952074624958267,0.38002231300813477,0.4020124988023994,0.2592721535447926,0.3096049895784966,0.24370512187297813,pca8_morphology_ridge,examples/runs/seed_107/snapshots/grid_071.npy,,
107,71,0.8808328109437348,0.8981883854848288,1.3619160674456892,0.8376103245366526,0.5252783327145153,0.37208765505106284,0.7023186598352322,0.47435729964910195,0.4866898960866677,0.36464504889180344,0.4022943558147626,0.25338303613923946,0.3046065721447589,0.23737498165015533,pca8_morphology_ridge,examples/runs/seed_107/snapshots/grid_072.npy,,
107,72,0.8692803945833493,0.8786929062967535,1.3712802690240236,0.7751713546221796,0.5166227281289277,0.344897319682222,0.6946910114711439,0.4418871658478763,0.4680458971602049,0.34405599905306544,0.382321815799038,0.24144091824922184,0.2992506785988852,0.22409399389433463,pca8_morphology_ridge,examples/runs/seed_107/snapshots/grid_073.npy,,
107,73,0.8592302131001036,0.8377733423572048,1.3614071287144345,0.8003929191939878,0.5308000468515774,0.3383007241383565,0.6948733807235752,0.4291219746893867,0.4526002202063072,0.32717099912120595,0.372890787022496,0.23098697310921612,0.2942245105428832,0.22157832406815453,pca8_morphology_ridge,examples/runs/seed_107/snapshots/grid_074.npy,,
107,74,0.8486220581665382,0.8061676815186805,1.3637976749083192,0.7857075283721994,0.541387719108369,0.32558723611326046,0.6885926586504747,0.4048016220322944,0.4211002865289929,0.3106679534289197,0.355261968857923,0.21641197745362845,0.2890268609783673,0.21424757771028716,pca8_morphology_ridge,examples/runs/seed_107/snapshots/grid_075.npy,,
107,75,0.8397702246214666,0.7725371804224594,1.3747026958129875,0.7858676398160344,0.5469280799031172,0.31073031860203354,0.6690859340197014,0.38747429017663393,0.3836847500306087,0.29735632926056627,0.3239439900019162,0.21315994461037588,0.2844981995111389,0.20867517836371052,pca8_morphology_ridge,examples/runs/seed_107/snapshots/grid_076.npy,,
107,76,0.8319177499881986,0.7450952401876991,1.3737971843061865,0.747694462593352,0.5505975876307763,0.2926714101857411,0.6595524958544583,0.3554249079283104,0.3508066173386449,0.268960490943775,0.3313350054406038,0.19970577371895407,0.2810217426783136,0.19780775654987656,pca8_morphology_ridge,examples/runs/seed_107/snapshots/grid_077.npy,,
107,77,0.8250004103270558,0.723588012361204,1.3752368376297277,0.7228114452635246,0.5419574373628271,0.27878708981386685,0.6404641938081659,0.33399945261887964,0.320145617927173,0.2514497765114453,0.3089628222090184,0.1876972923075506,0.2773206567257789,0.19019267791059277,pca8_morphology_ridge,examples/runs/seed_107/snapshots/grid_078.npy,,
107,78,0.8181442964371411,0.702229651286685,1.3689974241335423,0.713614117329801,0.5452271336218049,0.2731894821623396,0.6375336762661228,0.31747099520132105,0.3071206543200568,0.23427605224265768,0.2809086517392742,0.17908903992740688,0.2729425090111032,0.18515757248648923,pca8_morphology_ridge,examples/runs/seed_107/snapshots/grid_079.npy,,
107,79,0.8128845015319933,0.6716834477100391,1.3548076058129292,0.7109582808134549,0.4920639040793609,0.2559985709221382,0.5828372416110521,0.30398164764844676,0.2963150608719199,0.2304522522216683,0.2672267157020435,0.1717404510174473,0.2693200980810924,0.17977171885104803,pca8_morphology_ridge,examples/runs/seed_107/snapshots/grid_080.npy,,
107,80,0.8111713109007308,0.6589199960425494,1.3446052175390135,0.6976451460812335,0.464359136925159,0.24960295107121128,0.5509494125954142,0.2870974048569427,0.281068341431318,0.22165627342514177,0.26129314205836,0.1615509127393569,0.2672190063074374,0.1757236798191467,pca8_morphology_ridge,examples/runs/seed_107/snapshots/grid_081.npy,,
107,81,0.8053188696489164,0.65097241225001,1.3375744756210526,0.6842977405041419,0.4322909042993584,0.24247621876519632,0.5158737891232011,0.27785398072912926,0.2770702846670434,0.216117700649021,0.2422463781366396,0.1577560936718527,0.2616111431245536,0.17212750885053174,pca8_morphology_ridge,examples/runs/seed_107/snapshots/grid_082.npy,,
107,82,0.7983655053135768,0.6475722183851766,1.3280636974890243,0.658364128294312,0.4076018315819281,0.23277478795276108,0.4859280472343414,0.2643729421010279,0.2711925196084006,0.21048785157288943,0.237223992607007,0.1529684723356908,0.2567859727036883,0.16739534690442337,pca8_morphology_ridge,examples/runs/seed_107/snapshots/grid_083.npy,,
107,83,0.7927836022547627,0.6370918782422881,1.331330133647577,0.6618426552218647,0.3898936977640043,0.23092907358358117,0.4563967394030447,0.2606837746846129,0.2594914548302428,0.2040261669528358,0.2263938128001177,0.15002620004619055,0.2533925787402181,0.16623792201276613,pca8_morphology_ridge,examples/runs/seed_107/snapshots/grid_084.npy,,
107,84,0.7906115113805698,0.6331429773897113,1.2911064103717045,0.6552190947944649,0.3680030737134653,0.22636818659098537,0.4164636583745171,0.2542326569666719,0.2147255538097655,0.20035026713210757,0.2302317197437557,0.1486420097207517,0.2507211243815601,0.16438467890166178,pca8_morphology_ridge,examples/runs/seed_107/snapshots/grid_085.npy,,
107,85,0.7876832359512761,0.6307329741110027,1.2462966056636642,0.6442854119175754,0.3461427020351529,0.22284515152962203,0.4043009027501445,0.24820740748228798,0.2255906491952371,0.19770208178730084,0.2502269884704789,0.14614485330658006,0.2473621848490018,0.16225917826972214,pca8_morphology_ridge,examples/runs/seed_107/snapshots/grid_086.npy,,
107,86,0.7851691142049219,0.6278969475052898,1.1932897558792257,0.6356311312248621,0.313824634526014,0.2189564126620962,0.3860383201583481,0.24291643920288444,0.2413943459788648,0.19365515369445324,0.2799249987758885,0.1468168457901114,0.2459750740235269,0.1604520618138626,pca8_morphology_ridge,examples/runs/seed_107/snapshots/grid_087.npy,,
107,87,0.7835887479262245,0.6253052722877998,1.1787752623688414,0.6295320401160287,0.2737657797473506,0.21709161823615855,0.3270860297513165,0.23878458232116317,0.2227649408334794,0.1906008399462286,0.2423653111659409,0.14590307169233,0.2421346427029332,0.15908476718780745,pca8_morphology_ridge,examples/runs/seed_107/snapshots/grid_088.npy,,
107,88,0.7796182235071668,0.6245671601067926,1.175663890244898,0.6274563661100718,0.2806981379706831,0.21667374403425807,0.3387410633614157,0.23751250153382145,0.2273519423613957,0.18967703407462164,0.2225955396124568,0.1456127755561442,0.2367861098446608,0.15867198786924058,pca8_morphology_ridge,examples/runs/seed_107/snapshots/grid_089.npy,,
107,89,0.7768862812550632,0.6238649704651146,1.1594924834410656,0.6231018189532476,0.2951252379204707,0.21501555640537443,0.3280100218368216,0.23612794147775532,0.2046248234014281,0.18900706585207971,0.2032644159723781,0.14434107322019307,0.2349757714374854,0.15784253716288837,pca8_morphology_ridge,examples/runs/seed_107/snapshots/grid_090.npy,,
107,90,0.774085399470853,0.6218653595708905,1.1795975617656822,0.6272307790685544,0.3001570399399821,0.21547834349799008,0.3354090938160844,0.23636357871644034,0.2051984410735929,0.18954503717352783,0.2065513630405417,0.14516681228660616,0.2300573761026381,0.1582541979308602,pca8_morphology_ridge,examples/runs/seed_107/snapshots/grid_091.npy,,
107,91,0.7719118675540879,0.6195760779467492,1.2337447629962484,0.6230865433752211,0.2335658361228229,0.21198262854543562,0.2335298589565467,0.2334576841416438,0.165009760986171,0.18979782968553666,0.132027100439904,0.14391807427616443,0.2368593980296922,0.1572180067846064,pca8_morphology_ridge,examples/runs/seed_107/snapshots/grid_092.npy,,
107,92,0.7686051121797683,0.6193892764591762,1.151317943760385,0.6208193451769062,0.25110292178117,0.21125220975410716,0.2510780565738603,0.23236808372222453,0.171624664976785,0.18865790540917773,0.1373049742049385,0.14401190031143066,0.2343169557239816,0.15678630276107525,pca8_morphology_ridge,examples/runs/seed_107/snapshots/grid_093.npy,,
107,93,0.7679156426848799,0.6187379946621838,1.17450748280446,0.6199984608484679,0.1954054061605724,0.21044629388772268,0.1953807196861517,0.23176966294979556,0.1709810506025406,0.1894115189682697,0.136793823509532,0.14306936889603683,0.2333432560636668,0.15656705233308302,pca8_morphology_ridge,examples/runs/seed_107/snapshots/grid_094.npy,,
107,94,0.7643453139945234,0.6164664379348872,1.0523082676311477,0.6226226839570344,0.1990788991427007,0.21031599266849849,0.1990618455233348,0.23160280819847234,0.174200398527196,0.18876508672695236,0.1393617353495689,0.14239362277055057,0.2336096671229211,0.1565771448678261,pca8_morphology_ridge,examples/runs/seed_107/snapshots/grid_095.npy,,
107,95,0.7603218247932908,0.616292325965681,1.046298221585282,0.6221645498090228,0.2013138305830162,0.21019251174678932,0.2012972572851689,0.23177591790799668,0.1761538547977973,0.18828872530153426,0.1409185659199202,0.14231532937572935,0.2307043034366946,0.15648819139682343,pca8_morphology_ridge,examples/runs/seed_107/snapshots/grid_096.npy,,
107,96,0.7580591669570789,0.6164610111109441,1.0341813694826896,0.6205207944077913,0.2040149165371418,0.2098837619478289,0.2040012621887771,0.2307231724229052,0.1785218820229353,0.18811570495020496,0.142807802725835,0.1419814123185857,0.2253765391959163,0.15623560086216226,pca8_morphology_ridge,examples/runs/seed_107/snapshots/grid_097.npy,,
107,97,0.7560845845914766,0.6163418840626099,1.0567632325344205,0.621030928992459,0.2043669227340425,0.20994376022284564,0.2043546338205143,0.23116773628503287,0.1788290044399299,0.18809824177335738,0.1430544709486819,0.14241461945058267,0.2200663337717551,0.1563181329529385,pca8_morphology_ridge,examples/runs/seed_107/snapshots/grid_098.npy,,
107,98,0.7526777562575953,0.6161962837912828,1.0526875916962524,0.6194999892950592,0.1969972364980403,0.20934901726402658,0.1969937178856651,0.23022576647283474,0.1723769847378967,0.18756774042780588,0.1379071883538787,0.14209294563667169,0.2197587487756052,0.1560227250866581,pca8_morphology_ridge,examples/runs/seed_107/snapshots/grid_099.npy,,
107,99,0.7500860860286381,0.6162976415239348,1.039962950756722,0.6181787898285105,0.1967057824891062,0.2086695823655564,0.1967085973074007,0.22952886693994035,0.172118698438021,0.18792478980476132,0.1377106545420666,0.14242308832309103,0.2204869833763574,0.1558128930066779,pca8_morphology_ridge,examples/runs/seed_107/snapshots/grid_100.npy,,
107,100,0.7479865989095427,0.6157554394022786,1.0240402045604646,0.6189155471543929,0.1912571566225304,0.20879695153120878,0.1912646717758129,0.22969644538498635,0.1673522550500224,0.1874231446344615,0.1338983047209613,0.1422630153128699,0.2218010978964594,0.1558461534043531,pca8_morphology_ridge,examples/runs/seed_107/snapshots/grid_101.npy,,
107,101,0.7461933762921946,0.615170599838901,0.8793482743788408,0.619734966672644,0.2047482600796906,0.20879371510622333,0.2047406763241778,0.22984949320866374,0.1791360818452738,0.18739509545028868,0.1433251952668856,0.1420174223448522,0.2212343687731509,0.1558765285778883,pca8_morphology_ridge,examples/runs/seed_107/snapshots/grid_102.npy,,
107,102,0.7456234337153311,0.615206478216715,0.9144134469409568,0.6192396614373421,0.2072879469177858,0.2087060605871042,0.2072811215378243,0.22975169913043472,0.1813601724010527,0.1873164919048189,0.1451028347324421,0.14196094243762408,0.2174710908880809,0.15580528609650635,pca8_morphology_ridge,examples/runs/seed_107/snapshots/grid_103.npy,,
107,103,0.7448221927011625,0.6150236072869131,0.9609721022468608,0.6198600544932631,0.2087125335353572,0.2087794705679961,0.2087063906933919,0.22983343300438377,0.1826083638066286,0.18732868052156476,0.1460999181757428,0.1421145859160417,0.2157313487158177,0.15587606673995802,pca8_morphology_ridge,examples/runs/seed_107/snapshots/grid_104.npy,,
107,104,0.7442684986321934,0.6153126888757781,1.002874892022175,0.619155737511623,0.2092244648860295,0.20871944920130175,0.2092189363282607,0.2296207434628258,0.1830578140421478,0.18719441879947005,0.1464581556511142,0.14217492100025497,0.2136264431371816,0.155809296099283,pca8_morphology_ridge,examples/runs/seed_107/snapshots/grid_105.npy,,
107,105,0.7437312290597378,0.6151415040745825,1.0555874028199574,0.6198383181198244,0.2087209045435878,0.20868513234163374,0.2087159288415958,0.2299475811089394,0.1826185580158241,0.18740477944640277,0.1461055603883156,0.14230752213839884,0.2133070191257763,0.15588750523890454,pca8_morphology_ridge,examples/runs/seed_107/snapshots/grid_106.npy,,
107,106,0.7420171647784606,0.6148706076298218,0.918620774193446,0.6187721539380232,0.1984638670723367,0.2084645796664128,0.1984620367967462,0.22929456514190272,0.1736477241747513,0.18691621779423226,0.1389264334296129,0.14176982138278782,0.2227256788271565,0.15567155888586903,pca8_morphology_ridge,examples/runs/seed_107/snapshots/grid_107.npy,,
107,107,0.7408077806983331,0.6149675616895169,0.8927586967741015,0.6185598772163041,0.2018830879072812,0.20844540125347896,0.2018814406592498,0.22922695204367127,0.1766403583566821,0.18682315011379017,0.1413197153661763,0.1418228246339625,0.2212390362239655,0.15564949927839145,pca8_morphology_ridge,examples/runs/seed_107/snapshots/grid_108.npy,,
107,108,0.7400060550693381,0.6148706076298218,0.9114828270966912,0.6187721539380232,0.2046002626148096,0.2084645796664128,0.2045987800915813,0.22929456514190272,0.1790186205819883,0.18691621779423226,0.1432215822783382,0.14176982138278782,0.2151489710503485,0.15567155888586903,pca8_morphology_ridge,examples/runs/seed_107/snapshots/grid_109.npy,,
107,109,0.7389877928573239,0.6149675616895169,0.958334544387022,0.6185598772163041,0.2061730629886531,0.20844540125347896,0.2061717287177477,0.22922695204367127,0.1803954818296984,0.18682315011379017,0.1443224026952316,0.1418228246339625,0.2135570525900408,0.15564949927839145,pca8_morphology_ridge,examples/runs/seed_107/snapshots/grid_110.npy,,
107,110,0.7383070461818395,0.6148706076298218,1.0425010899483198,0.6187721539380232,0.206053980000755,0.2084645796664128,0.2060527791569401,0.22929456514190272,0.1802918790438249,0.18691621779423226,0.1442389187433855,0.14176982138278782,0.2065501036487138,0.15567155888586903,pca8_morphology_ridge,examples/runs/seed_107/snapshots/grid_111.npy,,
107,111,0.7374472712416263,0.6149675616895169,1.1482509809534878,0.6185598772163041,0.2040185457552756,0.20844540125347896,0.2040174649958422,0.22922695204367127,0.1785114094247139,0.18682315011379017,0.1428140014972642,0.1418228246339625,0.2033940679120597,0.15564949927839145,pca8_morphology_ridge,examples/runs/seed_107/snapshots/grid_112.npy,,
107,112,0.7379440756031929,0.6147394619521975,1.0971088034492475,0.6181694938784799,0.213121037382952,0.20825593514125249,0.2131158539823208,0.22909289577866487,0.1864700015281054,0.18658320167129525,0.1491661472916698,0.1416815252692743,0.2012169063196296,0.15554757135615394,pca8_morphology_ridge,examples/runs/seed_107/snapshots/grid_113.npy,,
107,113,0.0,0.6144926626317171,0.0,0.6179859543399127,0.0,0.20812265270977665,0.0,0.22898288769636907,0.0,0.18631261111836175,0.0,0.1416238754796394,0.0,0.15547362536466278,pca8_morphology_ridge,examples/runs/seed_107/snapshots/grid_114.npy,,
107,114,0.0,0.6144926626317171,0.0,0.6179859543399127,0.0,0.20812265270977665,0.0,0.22898288769636907,0.0,0.18631261111836175,0.0,0.1416238754796394,0.0,0.15547362536466278,pca8_morphology_ridge,examples/runs/seed_107/snapshots/grid_115.npy,,
107,115,0.0,0.6144926626317171,0.0,0.6179859543399127,0.0,0.20812265270977665,0.0,0.22898288769636907,0.0,0.18631261111836175,0.0,0.1416238754796394,0.0,0.15547362536466278,pca8_morphology_ridge,examples/runs/seed_107/snapshots/grid_116.npy,,
107,116,0.0,0.6144926626317171,0.0,0.6179859543399127,0.0,0.20812265270977665,0.0,0.22898288769636907,0.0,0.18631261111836175,0.0,0.1416238754796394,0.0,0.15547362536466278,pca8_morphology_ridge,examples/runs/seed_107/snapshots/grid_117.npy,,
107,117,0.0,0.6144926626317171,0.0,0.6179859543399127,0.0,0.20812265270977665,0.0,0.22898288769636907,0.0,0.18631261111836175,0.0,0.1416238754796394,0.0,0.15547362536466278,pca8_morphology_ridge,examples/runs/seed_107/snapshots/grid_118.npy,,
107,118,0.0,0.6144926626317171,0.0,0.6179859543399127,0.0,0.20812265270977665,0.0,0.22898288769636907,0.0,0.18631261111836175,0.0,0.1416238754796394,0.0,0.15547362536466278,pca8_morphology_ridge,examples/runs/seed_107/snapshots/grid_119.npy,,
107,119,0.0,0.6144926626317171,0.0,0.6179859543399127,0.0,0.20812265270977662,0.0,0.22898288769636901,0.0,0.18631261111836173,0.0,0.14162387547963942,0.0,0.15547362536466278,pca8_morphology_ridge,examples/runs/seed_107/snapshots/grid_120.npy,,
104,0,0.6256729596956754,0.8814317329649902,0.2681040692932415,0.4443370146432903,0.3241537462390116,0.5341484410492509,0.3356614460227789,0.5652195912411211,0.335238315296342,0.562046619552024,0.2313758380412026,0.3697407672487868,0.2267477595627544,0.3804112183129939,persistence_t_plus_1,,1.0,1.0
104,1,0.7302751143898367,0.6256729596956754,0.2778752727515463,0.2681040692932415,0.3057773344195059,0.3241537462390116,0.3119673338491363,0.3356614460227789,0.3166533569198067,0.335238315296342,0.2168317383593543,0.2313758380412026,0.214767838562212,0.2267477595627544,persistence_t_plus_1,,2.0,1.0
104,2,0.7820507888337238,0.7302751143898367,0.2587108418374793,0.2778752727515463,0.2722015597541898,0.3057773344195059,0.2817802979753999,0.3119673338491363,0.287484907835346,0.3166533569198067,0.2008016936702458,0.2168317383593543,0.1952768189526942,0.214767838562212,persistence_t_plus_1,,3.0,1.0
104,3,0.8343704836630028,0.7820507888337238,0.2479162008839384,0.2587108418374793,0.2788350430127211,0.2722015597541898,0.2731365736967416,0.2817802979753999,0.277887656089303,0.287484907835346,0.2014605050437402,0.2008016936702458,0.183442660691829,0.1952768189526942,persistence_t_plus_1,,4.0,1.0
104,4,0.8401945524750375,0.8343704836630028,0.234119832221814,0.2479162008839384,0.2739370704000329,0.2788350430127211,0.2580236434891541,0.2731365736967416,0.2615324628652002,0.277887656089303,0.1989457481955449,0.2014605050437402,0.1683575461344314,0.183442660691829,persistence_t_plus_1,,5.0,1.0
104,5,0.83324734699786,0.8401945524750375,0.2235131763257755,0.234119832221814,0.2670871424622861,0.2739370704000329,0.2450314578646595,0.2580236434891541,0.239675068799557,0.2615324628652002,0.1906030540491205,0.1989457481955449,0.155280910696349,0.1683575461344314,persistence_t_plus_1,,6.0,1.0
104,6,0.8392540495519619,0.83324734699786,0.2246625327081702,0.2235131763257755,0.2707983341461923,0.2670871424622861,0.2390948593672634,0.2450314578646595,0.2326630405211716,0.239675068799557,0.1941169141581548,0.1906030540491205,0.148195710975982,0.155280910696349,persistence_t_plus_1,,7.0,1.0
104,7,0.9375255094015584,0.8392540495519619,0.2516696598196141,0.2246625327081702,0.2972507098114553,0.2707983341461923,0.2611567071963999,0.2390948593672634,0.2470408223876631,0.2326630405211716,0.2139357048516894,0.1941169141581548,0.1588048959039071,0.148195710975982,persistence_t_plus_1,,8.0,1.0
104,8,0.9980440179161622,0.9375255094015584,0.2620025142484759,0.2516696598196141,0.3166466498073134,0.2972507098114553,0.278349256504489,0.2611567071963999,0.2587784381118175,0.2470408223876631,0.2256477691288339,0.2139357048516894,0.1645254482809409,0.1588048959039071,persistence_t_plus_1,,9.0,1.0
104,9,0.9765854100042024,0.9980440179161622,0.2554802285422857,0.2620025142484759,0.3189547459381788,0.3166466498073134,0.2749525207848293,0.278349256504489,0.2548139409405951,0.2587784381118175,0.2279345123122447,0.2256477691288339,0.1590540444233102,0.1645254482809409,persistence_t_plus_1,,10.0,1.0
104,10,0.982547661153428,0.9765854100042024,0.2615396411932378,0.2554802285422857,0.3235347561865255,0.3189547459381788,0.2784548402705521,0.2749525207848293,0.2541335516222272,0.2548139409405951,0.234134010640516,0.2279345123122447,0.1588954214819159,0.1590540444233102,persistence_t_plus_1,,11.0,1.0
104,11,0.9761644711346494,0.982547661153428,0.2662771587866854,0.2615396411932378,0.3234910470153652,0.3235347561865255,0.2806924241476881,0.2784548402705521,0.2534857569234826,0.2541335516222272,0.2353111477046726,0.234134010640516,0.1574545613596761,0.1588954214819159,persistence_t_plus_1,,12.0,1.0
104,12,0.950548075304376,0.9761644711346494,0.2660504997637796,0.2662771587866854,0.3246674032272261,0.3234910470153652,0.2793598166759288,0.2806924241476881,0.2439876340534074,0.2534857569234826,0.2315931243530203,0.2353111477046726,0.1531755311333318,0.1574545613596761,persistence_t_plus_1,,13.0,1.0
104,13,0.9862762991339544,0.950548075304376,0.2874926984602237,0.2660504997637796,0.3396478767886066,0.3246674032272261,0.2941153701956909,0.2793598166759288,0.2540217968479478,0.2439876340534074,0.2376677819674119,0.2315931243530203,0.1592269648629449,0.1531755311333318,persistence_t_plus_1,,14.0,1.0
104,14,1.0310056471071656,0.9862762991339544,0.3078657690873618,0.2874926984602237,0.3576934308765294,0.3396478767886066,0.3132303571192603,0.2941153701956909,0.263383599306301,0.2540217968479478,0.2467458661363874,0.2376677819674119,0.1668670145218173,0.1592269648629449,persistence_t_plus_1,,15.0,1.0
104,15,1.0733346456315314,1.0310056471071656,0.3262218137076662,0.3078657690873618,0.3754614569632339,0.3576934308765294,0.3324593336212255,0.3132303571192603,0.2745981740672891,0.263383599306301,0.2566564176121083,0.2467458661363874,0.1746185963375051,0.1668670145218173,persistence_t_plus_1,,16.0,1.0
104,16,1.0593718335646076,1.0733346456315314,0.3262052274673028,0.3262218137076662,0.3759243097753009,0.3754614569632339,0.3355508670267959,0.3324593336212255,0.2760016479919621,0.2745981740672891,0.260059305249957,0.2566564176121083,0.1735435604821331,0.1746185963375051,persistence_t_plus_1,,17.0,1.0
104,17,1.05299677893542,1.0593718335646076,0.3345806696558405,0.3262052274673028,0.3805979056095748,0.3759243097753009,0.3407019384609852,0.3355508670267959,0.2753957703180352,0.2760016479919621,0.2612137910958647,0.260059305249957,0.1742815175570419,0.1735435604821331,persistence_t_plus_1,,18.0,1.0
104,18,1.0410349696920318,1.05299677893542,0.3404343207321456,0.3345806696558405,0.3832118832488657,0.3805979056095748,0.3432922949688924,0.3407019384609852,0.2749556179504961,0.2753957703180352,0.2618977915600427,0.2612137910958647,0.1737687103872925,0.1742815175570419,persistence_t_plus_1,,19.0,1.0
104,19,1.0583469526982936,1.0410349696920318,0.3579153178555093,0.3404343207321456,0.3947256893030517,0.3832118832488657,0.3557903429028795,0.3432922949688924,0.2804202268772533,0.2749556179504961,0.2663583337364116,0.2618977915600427,0.178269447834911,0.1737687103872925,persistence_t_plus_1,,20.0,1.0
104,20,1.074327635853354,1.0583469526982936,0.3777631960876019,0.3579153178555093,0.4046187575230334,0.3947256893030517,0.3682344597959635,0.3557903429028795,0.2848680650922429,0.2804202268772533,0.2714613321691788,0.2663583337364116,0.1831292449877449,0.178269447834911,persistence_t_plus_1,,21.0,1.0
104,21,1.073026372459768,1.074327635853354,0.3875897947731873,0.3777631960876019,0.4106998913364221,0.4046187575230334,0.3749539032069516,0.3682344597959635,0.2848497662156833,0.2848680650922429,0.2725114635164304,0.2714613321691788,0.184623972562442,0.1831292449877449,persistence_t_plus_1,,22.0,1.0
104,22,1.08876633172572,1.073026372459768,0.4049221578508785,0.3875897947731873,0.4224488318644216,0.4106998913364221,0.3869475943294023,0.3749539032069516,0.2877922583761865,0.2848497662156833,0.2767092867415082,0.2725114635164304,0.1891667747940704,0.184623972562442,persistence_t_plus_1,,23.0,1.0
104,23,1.1052727584493915,1.08876633172572,0.4231467094714011,0.4049221578508785,0.4339853734641465,0.4224488318644216,0.4000134994232894,0.3869475943294023,0.2915109719717799,0.2877922583761865,0.2807246859788995,0.2767092867415082,0.1941048090867464,0.1891667747940704,persistence_t_plus_1,,24.0,1.0
104,24,1.1454765636932511,1.1052727584493915,0.449722328137078,0.4231467094714011,0.4538031784049677,0.4339853734641465,0.4218324909889124,0.4000134994232894,0.3021895120438058,0.2915109719717799,0.289706971433531,0.2807246859788995,0.2032337907220737,0.1941048090867464,persistence_t_plus_1,,25.0,1.0
104,25,1.1476693335317845,1.1454765636932511,0.4600908170737318,0.449722328137078,0.4594712358595103,0.4538031784049677,0.429982823749549,0.4218324909889124,0.303498745564024,0.3021895120438058,0.2939079061379764,0.289706971433531,0.2059081261913312,0.2032337907220737,persistence_t_plus_1,,26.0,1.0
104,26,1.1460897264917096,1.1476693335317845,0.4729262792634101,0.4600908170737318,0.4652285191078177,0.4594712358595103,0.4363093976566998,0.429982823749549,0.3044666002090953,0.303498745564024,0.2962134003680717,0.2939079061379764,0.208385807802525,0.2059081261913312,persistence_t_plus_1,,27.0,1.0
104,27,1.1433898743899982,1.1460897264917096,0.4888764069022333,0.4729262792634101,0.4700740766794148,0.4652285191078177,0.4428978222855391,0.4363093976566998,0.3057250411550984,0.3044666002090953,0.2980344674386667,0.2962134003680717,0.2110551390884188,0.208385807802525,persistence_t_plus_1,,28.0,1.0
104,28,1.15625747688919,1.1433898743899982,0.5121968088029071,0.4888764069022333,0.4798439085122357,0.4700740766794148,0.455155966938063,0.4428978222855391,0.3112084202451002,0.3057250411550984,0.3028073846807556,0.2980344674386667,0.2165470806246694,0.2110551390884188,persistence_t_plus_1,,29.0,1.0
104,29,1.1921929760616303,1.15625747688919,0.5478411008324722,0.5121968088029071,0.5003868608666919,0.4798439085122357,0.4773304213661443,0.455155966938063,0.322305587907196,0.3112084202451002,0.3133757270984865,0.3028073846807556,0.2267748024623101,0.2165470806246694,persistence_t_plus_1,,30.0,1.0
104,30,1.2088654453854195,1.1921929760616303,0.5736617000783774,0.5478411008324722,0.5128260263960338,0.5003868608666919,0.4920312299499271,0.4773304213661443,0.3299474846074345,0.322305587907196,0.3188843036972279,0.3133757270984865,0.2335767566188171,0.2267748024623101,persistence_t_plus_1,,31.0,1.0
104,31,1.2396009956363343,1.2088654453854195,0.6082628364387347,0.5736617000783774,0.5321688308217591,0.5128260263960338,0.5134938696759624,0.4920312299499271,0.3409425255517518,0.3299474846074345,0.328778885518552,0.3188843036972279,0.2435690649228861,0.2335767566188171,persistence_t_plus_1,,32.0,1.0
104,32,1.2510740231762951,1.2396009956363343,0.6318306829991194,0.6082628364387347,0.5433321398661511,0.5321688308217591,0.5269858469332362,0.5134938696759624,0.3468611279073505,0.3409425255517518,0.3339501309940852,0.328778885518552,0.249905076418272,0.2435690649228861,persistence_t_plus_1,,33.0,1.0
104,33,1.2572259906452083,1.2510740231762951,0.6545924018858685,0.6318306829991194,0.5540984954370132,0.5433321398661511,0.5389005094225103,0.5269858469332362,0.3512759388117343,0.3468611279073505,0.3390378872171014,0.3339501309940852,0.2555590461110776,0.249905076418272,persistence_t_plus_1,,34.0,1.0
104,34,1.268729421674195,1.2572259906452083,0.6843770054587487,0.6545924018858685,0.5665190175410768,0.5540984954370132,0.5533019115093895,0.5389005094225103,0.3584568178962466,0.3512759388117343,0.3443725727378609,0.3390378872171014,0.2629264355165334,0.2555590461110776,persistence_t_plus_1,,35.0,1.0
104,35,1.2781354241510656,1.268729421674195,0.7136890654761735,0.6843770054587487,0.576813658105925,0.5665190175410768,0.5670778455938654,0.5533019115093895,0.3652968494672924,0.3584568178962466,0.3488933900177878,0.3443725727378609,0.2699947248788064,0.2629264355165334,persistence_t_plus_1,,36.0,1.0
104,36,1.2987418591973174,1.2781354241510656,0.7500147410516805,0.7136890654761735,0.5939637304205412,0.576813658105925,0.5868151068529285,0.5670778455938654,0.3754170656511046,0.3652968494672924,0.3567582534136007,0.3488933900177878,0.2796819511010385,0.2699947248788064,persistence_t_plus_1,,37.0,1.0
104,37,1.310427493723359,1.2987418591973174,0.783309719338052,0.7500147410516805,0.6076667872649641,0.5939637304205412,0.603389015142778,0.5868151068529285,0.3833160711226551,0.3754170656511046,0.3636626408866064,0.3567582534136007,0.2880204034052671,0.2796819511010385,persistence_t_plus_1,,38.0,1.0
104,38,1.3216490281914162,1.310427493723359,0.8153865671195076,0.783309719338052,0.622268440368203,0.6076667872649641,0.6207822360567534,0.603389015142778,0.3912812422047103,0.3833160711226551,0.3707118843059234,0.3636626408866064,0.2962330249218843,0.2880204034052671,persistence_t_plus_1,,39.0,1.0
104,39,1.332997976327479,1.3216490281914162,0.8488162731556638,0.8153865671195076,0.6376319123918602,0.622268440368203,0.6392926654126557,0.6207822360567534,0.4001583086072036,0.3912812422047103,0.3785533205996481,0.3707118843059234,0.3048148398562877,0.2962330249218843,persistence_t_plus_1,,40.0,1.0
104,40,1.3345366932192648,1.332997976327479,0.8775275639299356,0.8488162731556638,0.649562597827551,0.6376319123918602,0.6540578387531484,0.6392926654126557,0.406382308111119,0.4001583086072036,0.3839560556775358,0.3785533205996481,0.3115684138022243,0.3048148398562877,persistence_t_plus_1,,41.0,1.0
104,41,1.3394814499904832,1.3345366932192648,0.9076708611704034,0.8775275639299356,0.6630052032207524,0.649562597827551,0.670894020885299,0.6540578387531484,0.4146425700504489,0.406382308111119,0.3906264577463538,0.3839560556775358,0.3190061034058617,0.3115684138022243,persistence_t_plus_1,,42.0,1.0
104,42,1.341955456780881,1.3394814499904832,0.938725351476702,0.9076708611704034,0.6769265808290621,0.6630052032207524,0.687599392030866,0.670894020885299,0.4218535409229342,0.4146425700504489,0.3973712168194869,0.3906264577463538,0.3263660030066338,0.3190061034058617,persistence_t_plus_1,,43.0,1.0
104,43,1.34018638435547,1.341955456780881,0.9688264860323048,0.938725351476702,0.6894260886673687,0.6769265808290621,0.7025278233539127,0.687599392030866,0.428213979208668,0.4218535409229342,0.4029878658684955,0.3973712168194869,0.3330331439765599,0.3263660030066338,persistence_t_plus_1,,44.0,1.0
104,44,1.3333822031454832,1.34018638435547,0.996300690121433,0.9688264860323048,0.7000041613740448,0.6894260886673687,0.7154142609898576,0.7025278233539127,0.4333412566174401,0.428213979208668,0.4073722007740012,0.4029878658684955,0.3386029966712207,0.3330331439765599,persistence_t_plus_1,,45.0,1.0
104,45,1.3298579749216426,1.3333822031454832,1.0273120204155342,0.996300690121433,0.7125882987876624,0.7000041613740448,0.7304169225423377,0.7154142609898576,0.4395274359759019,0.4333412566174401,0.4132131066158253,0.4073722007740012,0.3451123858517549,0.3386029966712207,persistence_t_plus_1,,46.0,1.0
104,46,1.317378187494344,1.3298579749216426,1.0510205848409957,1.0273120204155342,0.7209101008017204,0.7125882987876624,0.7407381291167634,0.7304169225423377,0.4432164575937892,0.4395274359759019,0.4169100761940092,0.4132131066158253,0.3492017084823869,0.3451123858517549,persistence_t_plus_1,,47.0,1.0
104,47,1.3041961969048756,1.317378187494344,1.0749309911327989,1.0510205848409957,0.729055773527943,0.7209101008017204,0.7509802576101949,0.7407381291167634,0.4468111409875419,0.4432164575937892,0.4204023434421622,0.4169100761940092,0.3531413314919099,0.3492017084823869,persistence_t_plus_1,,48.0,1.0
104,48,1.2860597047022713,1.3041961969048756,1.094189366400546,1.0749309911327989,0.7344389998135503,0.729055773527943,0.7581419460399085,0.7509802576101949,0.4487363424933975,0.4468111409875419,0.4220376288373955,0.4204023434421622,0.3554475583900418,0.3531413314919099,persistence_t_plus_1,,49.0,1.0
104,49,1.26946009143524,1.2860597047022713,1.116799094992583,1.094189366400546,0.7406328065527565,0.7344389998135503,0.7660784727520342,0.7581419460399085,0.4510767044357562,0.4487363424933975,0.4243033311467582,0.4220376288373955,0.3582817872310282,0.3554475583900418,persistence_t_plus_1,,50.0,1.0
104,50,1.2499677102470172,1.26946009143524,1.1360515669953632,1.116799094992583,0.7446560227236442,0.7406328065527565,0.7716528215494615,0.7660784727520342,0.4521811568269811,0.4510767044357562,0.4254415331721145,0.4243033311467582,0.3598703834993451,0.3582817872310282,persistence_t_plus_1,,51.0,1.0
104,51,1.2281413489232955,1.2499677102470172,1.1524469457651252,1.1360515669953632,0.7465130825202114,0.7446560227236442,0.7751225044270419,0.7716528215494615,0.452294060905523,0.4521811568269811,0.425492014917082,0.4254415331721145,0.3603373618369113,0.3598703834993451,persistence_t_plus_1,,52.0,1.0
104,52,1.2068274433807114,1.2281413489232955,1.169062006450808,1.1524469457651252,0.7484807977395788,0.7465130825202114,0.7784447315946849,0.7751225044270419,0.4520332784789687,0.452294060905523,0.4253937039949962,0.425492014917082,0.3606521515206542,0.3603373618369113,persistence_t_plus_1,,53.0,1.0
104,53,1.1818116230982083,1.2068274433807114,1.1815919452542984,1.169062006450808,0.7476046877591004,0.7484807977395788,0.7785877934735828,0.7784447315946849,0.4501290089210658,0.4520332784789687,0.423901057700168,0.4253937039949962,0.3594036612410016,0.3606521515206542,persistence_t_plus_1,,54.0,1.0
104,54,1.1584517915320138,1.1818116230982083,1.195647963289201,1.1815919452542984,0.746516098056101,0.7476046877591004,0.7793696042313302,0.7785877934735828,0.4476987060579538,0.4501290089210658,0.4225376521293802,0.423901057700168,0.3582555499861605,0.3594036612410016,persistence_t_plus_1,,55.0,1.0
104,55,1.1371943763640835,1.1584517915320138,1.2128016832401225,1.195647963289201,0.7454948931759414,0.746516098056101,0.779433550559903,0.7793696042313302,0.4462192195730346,0.4476987060579538,0.4215687760971137,0.4225376521293802,0.3574919302468572,0.3582555499861605,persistence_t_plus_1,,56.0,1.0
104,56,1.1138619783211177,1.1371943763640835,1.2289574844902444,1.2128016832401225,0.7419409261670149,0.7454948931759414,0.7774951400532429,0.779433550559903,0.4428277673915626,0.4462192195730346,0.4189336200975165,0.4215687760971137,0.3556434876915062,0.3574919302468572,persistence_t_plus_1,,57.0,1.0
104,57,1.0931892097429918,1.1138619783211177,1.2452262035450257,1.2289574844902444,0.7389911613198057,0.7419409261670149,0.7764389031188265,0.7774951400532429,0.4387933857955918,0.4428277673915626,0.4164587402813868,0.4189336200975165,0.3539827099632885,0.3556434876915062,persistence_t_plus_1,,58.0,1.0
104,58,1.0729140543974909,1.0931892097429918,1.2651498752724946,1.2452262035450257,0.7338815578400009,0.7389911613198057,0.7738933515533502,0.7764389031188265,0.4352716436468224,0.4387933857955918,0.4124797892351652,0.4164587402813868,0.3522027354173695,0.3539827099632885,persistence_t_plus_1,,59.0,1.0
104,59,1.052976493062675,1.0729140543974909,1.2835532936720166,1.2651498752724946,0.7285070098394775,0.7338815578400009,0.7713436293563504,0.7738933515533502,0.4300570751146484,0.4352716436468224,0.4085271339822141,0.4124797892351652,0.3495970597124065,0.3522027354173695,persistence_t_plus_1,,60.0,1.0
104,60,1.0342279241763468,1.052976493062675,1.2984427473564528,1.2835532936720166,0.7186289953834811,0.7285070098394775,0.7638289886205447,0.7713436293563504,0.4271314691158997,0.4300570751146484,0.404005381671092,0.4085271339822141,0.34685766734133,0.3495970597124065,persistence_t_plus_1,,61.0,1.0
104,61,1.0162851920497942,1.0342279241763468,1.315860730037987,1.2984427473564528,0.7092048032703143,0.7186289953834811,0.7598324031787241,0.7638289886205447,0.420091229280885,0.4271314691158997,0.3986597604894915,0.404005381671092,0.343974177483613,0.34685766734133,persistence_t_plus_1,,62.0,1.0
104,62,0.9981715709299268,1.0162851920497942,1.3337933027579822,1.315860730037987,0.701889530681678,0.7092048032703143,0.7562099402438086,0.7598324031787241,0.4182374000261161,0.420091229280885,0.3900515124427991,0.3986597604894915,0.3400299601025803,0.343974177483613,persistence_t_plus_1,,63.0,1.0
104,63,0.9821443353790223,0.9981715709299268,1.3480642986903948,1.3337933027579822,0.6946308120173064,0.701889530681678,0.7538357889719988,0.7562099402438086,0.4123517712759657,0.4182374000261161,0.3824326782989763,0.3900515124427991,0.3363427194634708,0.3400299601025803,persistence_t_plus_1,,64.0,1.0
104,64,0.9672597073018848,0.9821443353790223,1.353593826599928,1.3480642986903948,0.679725729318354,0.6946308120173064,0.7492340739786484,0.7538357889719988,0.4077409812012409,0.4123517712759657,0.3721914300379923,0.3824326782989763,0.332732509456648,0.3363427194634708,persistence_t_plus_1,,65.0,1.0
104,65,0.953619009028374,0.9672597073018848,1.3581696611296148,1.353593826599928,0.6631355615155574,0.679725729318354,0.7400591855329577,0.7492340739786484,0.4054026342113213,0.4077409812012409,0.3621016985257076,0.3721914300379923,0.3292836387410158,0.332732509456648,persistence_t_plus_1,,66.0,1.0
104,66,0.9412618265305048,0.953619009028374,1.353565906174769,1.3581696611296148,0.6589940657745003,0.6631355615155574,0.7320401383949915,0.7400591855329577,0.3997428730772793,0.4054026342113213,0.3625174494278819,0.3621016985257076,0.3257814004147739,0.3292836387410158,persistence_t_plus_1,,67.0,1.0
104,67,0.9275729763850908,0.9412618265305048,1.3538372793691993,1.353565906174769,0.6541920863782321,0.6589940657745003,0.7254218119785982,0.7320401383949915,0.3915338325195166,0.3997428730772793,0.3578973970973313,0.3625174494278819,0.3218476100666534,0.3257814004147739,persistence_t_plus_1,,68.0,1.0
104,68,0.9148526809176216,0.9275729763850908,1.3559462170561394,1.3538372793691993,0.6527753332783934,0.6541920863782321,0.7220501085935527,0.7254218119785982,0.3845683094351313,0.3915338325195166,0.3483974194179225,0.3578973970973313,0.317021998173003,0.3218476100666534,persistence_t_plus_1,,69.0,1.0
104,69,0.9031694599197552,0.9148526809176216,1.3502191393408391,1.3559462170561394,0.6511268975669183,0.6527753332783934,0.7165009253468858,0.7220501085935527,0.3742200874408493,0.3845683094351313,0.3377282800176883,0.3483974194179225,0.312360935669778,0.317021998173003,persistence_t_plus_1,,70.0,1.0
104,70,0.8916323132877458,0.9031694599197552,1.343389320542378,1.3502191393408391,0.6454211405796971,0.6511268975669183,0.7186648251870815,0.7165009253468858,0.3650239765908235,0.3742200874408493,0.3414864270677938,0.3377282800176883,0.3074939258800845,0.312360935669778,persistence_t_plus_1,,71.0,1.0
104,71,0.8798164266728014,0.8916323132877458,1.3383216051744593,1.343389320542378,0.6463435693196405,0.6454211405796971,0.7175204322444101,0.7186648251870815,0.3491027889023804,0.3650239765908235,0.33898135848416,0.3414864270677938,0.302058493296624,0.3074939258800845,persistence_t_plus_1,,72.0,1.0
104,72,0.8684387439924517,0.8798164266728014,1.3385811348491587,1.3383216051744593,0.6431667529397691,0.6463435693196405,0.7114072628406879,0.7175204322444101,0.3370046108737998,0.3491027889023804,0.3418989274673469,0.33898135848416,0.2966756554494968,0.302058493296624,persistence_t_plus_1,,73.0,1.0
104,73,0.8580262176503937,0.8684387439924517,1.3419512405456366,1.3385811348491587,0.6430219608080618,0.6431667529397691,0.7152610702392495,0.7114072628406879,0.3350776889747678,0.3370046108737998,0.3237608297499441,0.3418989274673469,0.292103905979412,0.2966756554494968,persistence_t_plus_1,,74.0,1.0
104,74,0.8467293609244928,0.8580262176503937,1.3316960380374308,1.3419512405456366,0.6403469321130189,0.6430219608080618,0.7246687276292345,0.7152610702392495,0.3249998652804162,0.3350776889747678,0.3033781648478821,0.3237608297499441,0.2864596844785554,0.292103905979412,persistence_t_plus_1,,75.0,1.0
104,75,0.8396194113950344,0.8467293609244928,1.312801746903543,1.3316960380374308,0.6365793984628454,0.6403469321130189,0.705179680281584,0.7246687276292345,0.3134084994082971,0.3249998652804162,0.2987059845899742,0.3033781648478821,0.2816762003786319,0.2864596844785554,persistence_t_plus_1,,76.0,1.0
104,76,0.8319204405445352,0.8396194113950344,1.287423990097948,1.312801746903543,0.6361863251536904,0.6365793984628454,0.7125228525557035,0.705179680281584,0.3122035051224152,0.3134084994082971,0.3055280693116718,0.2987059845899742,0.2756666820314982,0.2816762003786319,persistence_t_plus_1,,77.0,1.0
104,77,0.8265806227269509,0.8319204405445352,1.267255329822478,1.287423990097948,0.63572804744528,0.6361863251536904,0.7086755053417603,0.7125228525557035,0.3061126973600354,0.3122035051224152,0.3010994820541948,0.3055280693116718,0.2711852883965734,0.2756666820314982,persistence_t_plus_1,,78.0,1.0
104,78,0.8224805484675766,0.8265806227269509,1.2605859068722045,1.267255329822478,0.6109103034453566,0.63572804744528,0.6857829507454916,0.7086755053417603,0.3124313161506697,0.3061126973600354,0.2932270709978831,0.3010994820541948,0.267555044033668,0.2711852883965734,persistence_t_plus_1,,79.0,1.0
104,79,0.8154857688081677,0.8224805484675766,1.2434112784879834,1.2605859068722045,0.5858364119785322,0.6109103034453566,0.6596556044873576,0.6857829507454916,0.2929481527091758,0.3124313161506697,0.2850466269664248,0.2932270709978831,0.2635456982605072,0.267555044033668,persistence_t_plus_1,,80.0,1.0
104,80,0.8093082442945677,0.8154857688081677,1.213472067579728,1.2434112784879834,0.6046030271394229,0.5858364119785322,0.6420389060177015,0.6596556044873576,0.2605813333582736,0.2929481527091758,0.2899131045991361,0.2850466269664248,0.2583949000323784,0.2635456982605072,persistence_t_plus_1,,81.0,1.0
104,81,0.8067767488657542,0.8093082442945677,1.1817677714263288,1.213472067579728,0.5954558397187628,0.6046030271394229,0.6136345991936906,0.6420389060177015,0.2479631640607135,0.2605813333582736,0.2643089642566376,0.2899131045991361,0.2541201650058894,0.2583949000323784,persistence_t_plus_1,,82.0,1.0
104,82,0.805960542741362,0.8067767488657542,1.17802542200302,1.1817677714263288,0.5387831194517105,0.5954558397187628,0.5715924335049611,0.6136345991936906,0.2478837150124191,0.2479631640607135,0.2532974460136819,0.2643089642566376,0.2520227432930028,0.2541201650058894,persistence_t_plus_1,,83.0,1.0
104,83,0.8036729994531567,0.805960542741362,1.170067930128445,1.17802542200302,0.4747264140993301,0.5387831194517105,0.501702693028047,0.5715924335049611,0.2174786748780915,0.2478837150124191,0.2471717811684581,0.2532974460136819,0.2486633990173876,0.2520227432930028,persistence_t_plus_1,,84.0,1.0
104,84,0.8021283904906241,0.8036729994531567,1.1468655557288947,1.170067930128445,0.4212431613379114,0.4747264140993301,0.4212017188867469,0.501702693028047,0.1897548112543364,0.2174786748780915,0.2370729083711213,0.2471717811684581,0.2465414574191038,0.2486633990173876,persistence_t_plus_1,,85.0,1.0
104,85,0.7993517115076271,0.8021283904906241,1.1375078873879036,1.1468655557288947,0.4007159008005456,0.4212431613379114,0.4006839090315741,0.4212017188867469,0.1885361566549171,0.1897548112543364,0.2126593353764197,0.2370729083711213,0.2434651205495384,0.2465414574191038,persistence_t_plus_1,,86.0,1.0
104,86,0.7931460774326998,0.7993517115076271,1.1319921376971782,1.1375078873879036,0.3315239027900985,0.4007159008005456,0.3314877260078858,0.4006839090315741,0.187132450661147,0.1885361566549171,0.1968383542046374,0.2126593353764197,0.2399379111280236,0.2434651205495384,persistence_t_plus_1,,87.0,1.0
104,87,0.7869651694634703,0.7931460774326998,1.1121926023485484,1.1319921376971782,0.3252522245194198,0.3315239027900985,0.3252247937552697,0.3314877260078858,0.1857461204274141,0.187132450661147,0.176906397444724,0.1968383542046374,0.2352203149946615,0.2399379111280236,persistence_t_plus_1,,88.0,1.0
104,88,0.7813236279830076,0.7869651694634703,1.00587185510123,1.1121926023485484,0.2955805410633841,0.3252522245194198,0.295570956218212,0.3252247937552697,0.1894262580682771,0.1857461204274141,0.1911478337429371,0.176906397444724,0.2298395169547818,0.2352203149946615,persistence_t_plus_1,,89.0,1.0
104,89,0.7778232703619182,0.7813236279830076,1.0337095519713524,1.00587185510123,0.3023834184828086,0.2955805410633841,0.3023745042302522,0.295570956218212,0.1893547407457204,0.1894262580682771,0.1945310185801194,0.1911478337429371,0.2264061865235636,0.2298395169547818,persistence_t_plus_1,,90.0,1.0
104,90,0.7754325234335017,0.7778232703619182,1.0495084721086507,1.0337095519713524,0.3146930742018771,0.3023834184828086,0.3146853098468533,0.3023745042302522,0.1888239521485167,0.1893547407457204,0.2005673959506209,0.1945310185801194,0.2202190358853367,0.2264061865235636,persistence_t_plus_1,,91.0,1.0
104,91,0.7730980945779287,0.7754325234335017,1.0131932648544368,1.0495084721086507,0.3484281102009829,0.3146930742018771,0.3484242806528091,0.3146853098468533,0.1894780773571658,0.1888239521485167,0.1516443321194978,0.2005673959506209,0.2158757357124711,0.2202190358853367,persistence_t_plus_1,,92.0,1.0
104,92,0.7682743456643186,0.7730980945779287,0.968319999939115,1.0131932648544368,0.3134647703135287,0.3484281102009829,0.3134429064514438,0.3484242806528091,0.1877146417885042,0.1894780773571658,0.1502178953064278,0.1516443321194978,0.2142960416211978,0.2158757357124711,persistence_t_plus_1,,93.0,1.0
104,93,0.7622470161688778,0.7682743456643186,0.9689034468921638,0.968319999939115,0.3239942417698256,0.3134647703135287,0.3239735146505711,0.3134429064514438,0.1872988339924396,0.1877146417885042,0.1498868226610209,0.1502178953064278,0.2094814886303995,0.2142960416211978,persistence_t_plus_1,,94.0,1.0
104,94,0.7640609357087444,0.7622470161688778,0.8161209993953933,0.9689034468921638,0.2296992254126324,0.3239942417698256,0.2296854893345868,0.3239735146505711,0.2009695180961636,0.1872988339924396,0.1608146822693628,0.1498868226610209,0.2126220200903928,0.2094814886303995,persistence_t_plus_1,,95.0,1.0
104,95,0.7613365066934736,0.7640609357087444,0.7575120122594365,0.8161209993953933,0.2355350954714272,0.2296992254126324,0.2355187292620144,0.2296854893345868,0.2060693872490012,0.2009695180961636,0.1648894723403796,0.1608146822693628,0.2084797535488554,0.2126220200903928,persistence_t_plus_1,,96.0,1.0
104,96,0.7607766362535356,0.7613365066934736,0.832960811033493,0.7575120122594365,0.2368986584497834,0.2355350954714272,0.2368839288613119,0.2355187292620144,0.2072648869839127,0.2060693872490012,0.165842475874191,0.1648894723403796,0.2050737289618191,0.2084797535488554,persistence_t_plus_1,,97.0,1.0
104,97,0.7619976292836443,0.7607766362535356,0.8497954976848954,0.832960811033493,0.2343105358593124,0.2368986584497834,0.234294198769127,0.2368839288613119,0.2050048300218638,0.2072648869839127,0.1640285243076369,0.165842475874191,0.202333663434127,0.2050737289618191,persistence_t_plus_1,,98.0,1.0
104,98,0.7623576397013234,0.7619976292836443,0.908815947916406,0.8497954976848954,0.234476695234284,0.2343105358593124,0.2344619918531171,0.234294198769127,0.2051519083604674,0.2050048300218638,0.1641437209495052,0.1640285243076369,0.1986183461633462,0.202333663434127,persistence_t_plus_1,,99.0,1.0
104,99,0.7619052600800903,0.7623576397013234,0.9283489396448608,0.908815947916406,0.2370235429777295,0.234476695234284,0.2370066475273981,0.2344619918531171,0.2073754557717382,0.2051519083604674,0.1659165401237938,0.1641437209495052,0.1944449539081563,0.1986183461633462,persistence_t_plus_1,,100.0,1.0
104,100,0.7646087076987876,0.7619052600800903,0.8097000051237832,0.9283489396448608,0.2404831200390868,0.2370235429777295,0.2404649757410681,0.2370066475273981,0.2104179919317406,0.2073754557717382,0.1683437188797648,0.1659165401237938,0.1947464901453988,0.1944449539081563,persistence_t_plus_1,,101.0,1.0
104,101,0.7664014398005684,0.7646087076987876,0.9087300046114049,0.8097000051237832,0.2401500294184292,0.2404831200390868,0.2401336995502124,0.2404649757410681,0.2101270114489113,0.2104179919317406,0.168110001960064,0.1683437188797648,0.1918724960991347,0.1947464901453988,persistence_t_plus_1,,102.0,1.0
104,102,0.766954447976424,0.7664014398005684,0.9978570041502643,0.9087300046114049,0.2382618885036026,0.2401500294184292,0.2382471916222074,0.2401336995502124,0.2084753145776593,0.2101270114489113,0.166787805182969,0.168110001960064,0.1881740499081326,0.1918724960991347,persistence_t_plus_1,,103.0,1.0
104,103,0.0,0.766954447976424,0.0,0.9978570041502643,0.0,0.2382618885036026,0.0,0.2382471916222074,0.0,0.2084753145776593,0.0,0.166787805182969,0.0,0.1881740499081326,persistence_t_plus_1,,104.0,1.0
104,104,0.0,0.0,0.0,0.0,0.0,0.0,0.0,0.0,0.0,0.0,0.0,0.0,0.0,0.0,persistence_t_plus_1,,105.0,1.0
104,105,0.0,0.0,0.0,0.0,0.0,0.0,0.0,0.0,0.0,0.0,0.0,0.0,0.0,0.0,persistence_t_plus_1,,106.0,1.0
104,106,0.0,0.0,0.0,0.0,0.0,0.0,0.0,0.0,0.0,0.0,0.0,0.0,0.0,0.0,persistence_t_plus_1,,107.0,1.0
104,107,0.0,0.0,0.0,0.0,0.0,0.0,0.0,0.0,0.0,0.0,0.0,0.0,0.0,0.0,persistence_t_plus_1,,108.0,1.0
104,108,0.0,0.0,0.0,0.0,0.0,0.0,0.0,0.0,0.0,0.0,0.0,0.0,0.0,0.0,persistence_t_plus_1,,109.0,1.0
104,109,0.0,0.0,0.0,0.0,0.0,0.0,0.0,0.0,0.0,0.0,0.0,0.0,0.0,0.0,persistence_t_plus_1,,110.0,1.0
104,110,0.0,0.0,0.0,0.0,0.0,0.0,0.0,0.0,0.0,0.0,0.0,0.0,0.0,0.0,persistence_t_plus_1,,111.0,1.0
104,111,0.0,0.0,0.0,0.0,0.0,0.0,0.0,0.0,0.0,0.0,0.0,0.0,0.0,0.0,persistence_t_plus_1,,112.0,1.0
104,112,0.0,0.0,0.0,0.0,0.0,0.0,0.0,0.0,0.0,0.0,0.0,0.0,0.0,0.0,persistence_t_plus_1,,113.0,1.0
104,113,0.0,0.0,0.0,0.0,0.0,0.0,0.0,0.0,0.0,0.0,0.0,0.0,0.0,0.0,persistence_t_plus_1,,114.0,1.0
104,114,0.0,0.0,0.0,0.0,0.0,0.0,0.0,0.0,0.0,0.0,0.0,0.0,0.0,0.0,persistence_t_plus_1,,115.0,1.0
104,115,0.0,0.0,0.0,0.0,0.0,0.0,0.0,0.0,0.0,0.0,0.0,0.0,0.0,0.0,persistence_t_plus_1,,116.0,1.0
104,116,0.0,0.0,0.0,0.0,0.0,0.0,0.0,0.0,0.0,0.0,0.0,0.0,0.0,0.0,persistence_t_plus_1,,117.0,1.0
104,117,0.0,0.0,0.0,0.0,0.0,0.0,0.0,0.0,0.0,0.0,0.0,0.0,0.0,0.0,persistence_t_plus_1,,118.0,1.0
104,118,0.0,0.0,0.0,0.0,0.0,0.0,0.0,0.0,0.0,0.0,0.0,0.0,0.0,0.0,persistence_t_plus_1,,119.0,1.0
107,0,0.6411167767247635,0.814284620503459,0.2781419546152247,0.4213477021364857,0.331716857015381,0.5331520810910546,0.3419337731601972,0.52746027528933,0.3475252179157763,0.5445632973951474,0.275096370869535,0.4195786104010203,0.2511106318606005,0.3884838437833017,persistence_t_plus_1,,1.0,1.0
107,1,0.682688470376792,0.6411167767247635,0.260089606828615,0.2781419546152247,0.2885582169377283,0.331716857015381,0.2915518492312571,0.3419337731601972,0.29147619475638,0.3475252179157763,0.2312118034217514,0.275096370869535,0.2156175797687238,0.2511106318606005,persistence_t_plus_1,,2.0,1.0
107,2,0.7565622884976912,0.682688470376792,0.25481820755466,0.260089606828615,0.2631554507577512,0.2885582169377283,0.2690840154664947,0.2915518492312571,0.2649704340985027,0.29147619475638,0.2116493879098915,0.2312118034217514,0.1995120703034353,0.2156175797687238,persistence_t_plus_1,,3.0,1.0
107,3,0.8936649940979801,0.7565622884976912,0.2749141136858741,0.25481820755466,0.2926090993997444,0.2631554507577512,0.299728451471524,0.2690840154664947,0.2889865749253473,0.2649704340985027,0.2326599839630922,0.2116493879098915,0.2056105506671135,0.1995120703034353,persistence_t_plus_1,,4.0,1.0
107,4,0.910401604198761,0.8936649940979801,0.2553729726329001,0.2749141136858741,0.2935758372037009,0.2926090993997444,0.2959072112150363,0.299728451471524,0.2822410364960989,0.2889865749253473,0.2305687325557911,0.2326599839630922,0.190326728297592,0.2056105506671135,persistence_t_plus_1,,5.0,1.0
107,5,0.8085027187865989,0.910401604198761,0.2142821127856077,0.2553729726329001,0.2540933335556867,0.2935758372037009,0.2616269062522793,0.2959072112150363,0.244912729937316,0.2822410364960989,0.2059122061162742,0.2305687325557911,0.1570289575966009,0.190326728297592,persistence_t_plus_1,,6.0,1.0
107,6,0.799527612397603,0.8085027187865989,0.2095156507868584,0.2142821127856077,0.248013232193217,0.2540933335556867,0.2571394085246068,0.2616269062522793,0.235310348706084,0.244912729937316,0.206746099512131,0.2059122061162742,0.1451404217674574,0.1570289575966009,persistence_t_plus_1,,7.0,1.0
107,7,0.9024673172459184,0.799527612397603,0.2361748090850737,0.2095156507868584,0.272566994188165,0.248013232193217,0.2931278585874723,0.2571394085246068,0.2621984168535458,0.235310348706084,0.2327772248477136,0.206746099512131,0.1552067554032487,0.1451404217674574,persistence_t_plus_1,,8.0,1.0
107,8,0.9593701503498446,0.9024673172459184,0.2469017319279185,0.2361748090850737,0.2871724795115187,0.272566994188165,0.3161323350390684,0.2931278585874723,0.2790028577760204,0.2621984168535458,0.251353510894208,0.2327772248477136,0.1595700142316319,0.1552067554032487,persistence_t_plus_1,,9.0,1.0
107,9,0.9887549850615708,0.9593701503498446,0.2537952327441228,0.2469017319279185,0.2989234614237406,0.2871724795115187,0.3327228910802587,0.3161323350390684,0.2903299553040145,0.2790028577760204,0.2604483732097444,0.251353510894208,0.1615244005983857,0.1595700142316319,persistence_t_plus_1,,10.0,1.0
107,10,0.9931679916353492,0.9887549850615708,0.2584929111600821,0.2537952327441228,0.3037354059561989,0.2989234614237406,0.3418689294205465,0.3327228910802587,0.2982466342309926,0.2903299553040145,0.2606248982633077,0.2604483732097444,0.1609715610004773,0.1615244005983857,persistence_t_plus_1,,11.0,1.0
107,11,0.9554397059060372,0.9931679916353492,0.2529686752702261,0.2584929111600821,0.3025176387113658,0.3037354059561989,0.3358426422725457,0.3418689294205465,0.294638772666966,0.2982466342309926,0.2546271974515356,0.2606248982633077,0.1541657563740746,0.1609715610004773,persistence_t_plus_1,,12.0,1.0
107,12,0.9455265855633024,0.9554397059060372,0.2609723397554871,0.2529686752702261,0.2997829174137056,0.3025176387113658,0.3353176281363911,0.3358426422725457,0.293637526544412,0.294638772666966,0.2507896417010992,0.2546271974515356,0.1525302095942233,0.1541657563740746,persistence_t_plus_1,,13.0,1.0
107,13,0.94823134256702,0.9455265855633024,0.2721183669894523,0.2609723397554871,0.3042130064549299,0.2997829174137056,0.3386522570313405,0.3353176281363911,0.2955468710817342,0.293637526544412,0.2566083739726814,0.2507896417010992,0.1530141374692402,0.1525302095942233,persistence_t_plus_1,,14.0,1.0
107,14,1.011735263724093,0.94823134256702,0.2974774525518273,0.2721183669894523,0.3224750229346487,0.3042130064549299,0.365515482656874,0.3386522570313405,0.3118756052762142,0.2955468710817342,0.2724311263342639,0.2566083739726814,0.1630565416561976,0.1530141374692402,persistence_t_plus_1,,15.0,1.0
107,15,1.024104399751556,1.011735263724093,0.30543488789811,0.2974774525518273,0.3276156303916815,0.3224750229346487,0.3760171896112559,0.365515482656874,0.3197020177236558,0.3118756052762142,0.2790540127725828,0.2724311263342639,0.1655461686811963,0.1630565416561976,persistence_t_plus_1,,16.0,1.0
107,16,1.014485899523892,1.024104399751556,0.3139442256487265,0.30543488789811,0.3295375061548929,0.3276156303916815,0.3797114633033708,0.3760171896112559,0.3238061257771408,0.3197020177236558,0.2813967557488779,0.2790540127725828,0.1656861234913162,0.1655461686811963,persistence_t_plus_1,,17.0,1.0
107,17,1.0377665000180305,1.014485899523892,0.332646558725891,0.3139442256487265,0.3421544446479604,0.3295375061548929,0.3962118182212323,0.3797114633033708,0.3342992912460394,0.3238061257771408,0.2902965762344965,0.2813967557488779,0.1710084911772633,0.1656861234913162,persistence_t_plus_1,,18.0,1.0
107,18,1.0201402765706098,1.0377665000180305,0.335420254721877,0.332646558725891,0.3425711596775415,0.3421544446479604,0.3960517746124185,0.3962118182212323,0.3306257188643197,0.3342992912460394,0.2882267229773216,0.2902965762344965,0.1694453941485055,0.1710084911772633,persistence_t_plus_1,,19.0,1.0
107,19,1.0137366290211005,1.0201402765706098,0.3427639104090366,0.335420254721877,0.3419896968165922,0.3425711596775415,0.3995542012025345,0.3960517746124185,0.3313492363621629,0.3306257188643197,0.2866359951871606,0.2882267229773216,0.1696124951773882,0.1694453941485055,persistence_t_plus_1,,20.0,1.0
107,20,1.0149462794247912,1.0137366290211005,0.3554425284189389,0.3427639104090366,0.3452697330903668,0.3419896968165922,0.4044763258415556,0.3995542012025345,0.3340202581641123,0.3313492363621629,0.2877443808896006,0.2866359951871606,0.1713693231376295,0.1696124951773882,persistence_t_plus_1,,21.0,1.0
107,21,1.0292408688612924,1.0149462794247912,0.3727667010280688,0.3554425284189389,0.3502024675234725,0.3452697330903668,0.4153400206192771,0.4044763258415556,0.3409481259730864,0.3340202581641123,0.2918752092744029,0.2877443808896006,0.1753918030215137,0.1713693231376295,persistence_t_plus_1,,22.0,1.0
107,22,1.0596501048270697,1.0292408688612924,0.3932873794790679,0.3727667010280688,0.3608925243277157,0.3502024675234725,0.4334581480271274,0.4153400206192771,0.3529752481964291,0.3409481259730864,0.3040947857535942,0.2918752092744029,0.1819955693748669,0.1753918030215137,persistence_t_plus_1,,23.0,1.0
107,23,1.0857359774550828,1.0596501048270697,0.413294846980386,0.3932873794790679,0.3716880055024169,0.3608925243277157,0.4510385878777792,0.4334581480271274,0.3646593646284282,0.3529752481964291,0.3136660318710422,0.3040947857535942,0.1883897115849927,0.1819955693748669,persistence_t_plus_1,,24.0,1.0
107,24,1.1172524056276958,1.0857359774550828,0.4393279749994001,0.413294846980386,0.3871331005105555,0.3716880055024169,0.4717117128052381,0.4510385878777792,0.3767871323857312,0.3646593646284282,0.3221695242253731,0.3136660318710422,0.1965426422207167,0.1883897115849927,persistence_t_plus_1,,25.0,1.0
107,25,1.1304300693110088,1.1172524056276958,0.4589153927271153,0.4393279749994001,0.394078618247018,0.3871331005105555,0.4852205704667501,0.4717117128052381,0.386499992221222,0.3767871323857312,0.3273023456661362,0.3221695242253731,0.201913624432817,0.1965426422207167,persistence_t_plus_1,,26.0,1.0
107,26,1.1399792664337902,1.1304300693110088,0.4795575133141974,0.4589153927271153,0.4017653018684653,0.394078618247018,0.4974879556898943,0.4852205704667501,0.3945275854812407,0.386499992221222,0.3328005770531809,0.3273023456661362,0.2070544876417154,0.201913624432817,persistence_t_plus_1,,27.0,1.0
107,27,1.1347571181646658,1.1399792664337902,0.4939609993278742,0.4795575133141974,0.4059990995588794,0.4017653018684653,0.502771901501699,0.4974879556898943,0.397932119646421,0.3945275854812407,0.3327807671837683,0.3328005770531809,0.2094925338759041,0.2070544876417154,persistence_t_plus_1,,28.0,1.0
107,28,1.1500770523191182,1.1347571181646658,0.5185726349270818,0.4939609993278742,0.4165055711568372,0.4059990995588794,0.5176850210024293,0.502771901501699,0.4070874241549936,0.397932119646421,0.3404328390406294,0.3327807671837683,0.2157556255859634,0.2094925338759041,persistence_t_plus_1,,29.0,1.0
107,29,1.170694186609458,1.1500770523191182,0.5464251258258511,0.5185726349270818,0.4272994301157553,0.4165055711568372,0.5349056256262928,0.5176850210024293,0.41900211681747,0.4070874241549936,0.3478882358985204,0.3404328390406294,0.2231945578145052,0.2157556255859634,persistence_t_plus_1,,30.0,1.0
107,30,1.1963451261286515,1.170694186609458,0.5734612792627024,0.5464251258258511,0.4397079987528001,0.4272994301157553,0.5546715979386043,0.5349056256262928,0.4329932717292894,0.41900211681747,0.3574691999721239,0.3478882358985204,0.2314060662816386,0.2231945578145052,persistence_t_plus_1,,31.0,1.0
107,31,1.2205569373729594,1.1963451261286515,0.6044730824670851,0.5734612792627024,0.4526999748069391,0.4397079987528001,0.5739519067942521,0.5546715979386043,0.445495887259165,0.4329932717292894,0.3677073410489859,0.3574691999721239,0.2402638187750494,0.2314060662816386,persistence_t_plus_1,,32.0,1.0
107,32,1.2272629419075352,1.2205569373729594,0.6271514479377799,0.6044730824670851,0.4600809291710132,0.4526999748069391,0.586375431147008,0.5739519067942521,0.4531820143147381,0.445495887259165,0.3737544222630988,0.3677073410489859,0.2459781073956991,0.2402638187750494,persistence_t_plus_1,,33.0,1.0
107,33,1.2517277477291775,1.2272629419075352,0.6594781088551595,0.6271514479377799,0.4732537591650555,0.4600809291710132,0.6074427552537731,0.586375431147008,0.4667511530242003,0.4531820143147381,0.3854372262146825,0.3737544222630988,0.2553708719926132,0.2459781073956991,persistence_t_plus_1,,34.0,1.0
107,34,1.2763603673945596,1.2517277477291775,0.6951850122237598,0.6594781088551595,0.4875784353484344,0.4732537591650555,0.6296745003801775,0.6074427552537731,0.4821799595974607,0.4667511530242003,0.3962811975803671,0.3854372262146825,0.2655610817125834,0.2553708719926132,persistence_t_plus_1,,35.0,1.0
107,35,1.2921831767756242,1.2763603673945596,0.7269500041714408,0.6951850122237598,0.498519703973121,0.4875784353484344,0.6484024356558002,0.6296745003801775,0.4951858507639333,0.4821799595974607,0.4065056073310468,0.3962811975803671,0.27430148057634,0.2655610817125834,persistence_t_plus_1,,36.0,1.0
107,36,1.294055159200793,1.2921831767756242,0.7507084651738442,0.7269500041714408,0.5062608288542039,0.498519703973121,0.6614533624892616,0.6484024356558002,0.5029875470425336,0.4951858507639333,0.4119329442295551,0.4065056073310468,0.2802295201854154,0.27430148057634,persistence_t_plus_1,,37.0,1.0
107,37,1.2923374706263713,1.294055159200793,0.7757890952766568,0.7507084651738442,0.5134628051078788,0.5062608288542039,0.6733992987685088,0.6614533624892616,0.5099612307501139,0.5029875470425336,0.4165068782296696,0.4119329442295551,0.2858551227585665,0.2802295201854154,persistence_t_plus_1,,38.0,1.0
107,38,1.301503659876433,1.2923374706263713,0.8085538827485802,0.7757890952766568,0.525432597977094,0.5134628051078788,0.6917448953570394,0.6733992987685088,0.5217070366207135,0.5099612307501139,0.4256618310643213,0.4165068782296696,0.294047398845235,0.2858551227585665,persistence_t_plus_1,,39.0,1.0
107,39,1.3132838080393217,1.301503659876433,0.8439912069485681,0.8085538827485802,0.538354598740109,0.525432597977094,0.7120655760963255,0.6917448953570394,0.534409004451985,0.5217070366207135,0.4362347724404453,0.4256618310643213,0.3030547406652785,0.294047398845235,persistence_t_plus_1,,40.0,1.0
107,40,1.3189296704352913,1.3132838080393217,0.877040172416626,0.8439912069485681,0.5498612190889528,0.538354598740109,0.7298243446590943,0.7120655760963255,0.5459256017106702,0.534409004451985,0.4451112790324099,0.4362347724404453,0.3110163377844746,0.3030547406652785,persistence_t_plus_1,,41.0,1.0
107,41,1.3199186624118535,1.3189296704352913,0.9079939444183708,0.877040172416626,0.5601322105983731,0.5498612190889528,0.7458120193388573,0.7298243446590943,0.5557455975120653,0.5459256017106702,0.4529120925830155,0.4451112790324099,0.3181236683547698,0.3110163377844746,persistence_t_plus_1,,42.0,1.0
107,42,1.319135265152973,1.3199186624118535,0.939648830954561,0.9079939444183708,0.5694632715592525,0.5601322105983731,0.7614285800238358,0.7458120193388573,0.5658137219691243,0.5557455975120653,0.4608980780232788,0.4529120925830155,0.3250886449476562,0.3181236683547698,persistence_t_plus_1,,43.0,1.0
107,43,1.317549676679419,1.319135265152973,0.9710043827978156,0.939648830954561,0.5790459666112193,0.5694632715592525,0.7771574855399256,0.7614285800238358,0.5754437821409112,0.5658137219691243,0.469131056345129,0.4608980780232788,0.331916029274265,0.3250886449476562,persistence_t_plus_1,,44.0,1.0
107,44,1.3114777917805471,1.317549676679419,1.0016605106423395,0.9710043827978156,0.5876327837998213,0.5790459666112193,0.7910704972855243,0.7771574855399256,0.5843445251292557,0.5754437821409112,0.4762911292966173,0.469131056345129,0.3380535087494465,0.331916029274265,persistence_t_plus_1,,45.0,1.0
107,45,1.3010220248927769,1.3114777917805471,1.0296910884151056,1.0016605106423395,0.5943935473261804,0.5876327837998213,0.8027044449641747,0.7910704972855243,0.5913629168063658,0.5843445251292557,0.4822460323688008,0.4762911292966173,0.3430766922508802,0.3380535087494465,persistence_t_plus_1,,46.0,1.0
107,46,1.288579182108044,1.3010220248927769,1.0564390054459385,1.0296910884151056,0.6004655753620661,0.5943935473261804,0.8136245530064798,0.8027044449641747,0.5980151511844409,0.5913629168063658,0.4874606859973268,0.4822460323688008,0.3475223606974206,0.3430766922508802,persistence_t_plus_1,,47.0,1.0
107,47,1.2739267747308238,1.288579182108044,1.082112574479215,1.0564390054459385,0.6055576446654595,0.6004655753620661,0.823166817913402,0.8136245530064798,0.6034487366603238,0.5980151511844409,0.4921649827967668,0.4874606859973268,0.3512874513243034,0.3475223606974206,persistence_t_plus_1,,48.0,1.0
107,48,1.2573485782833376,1.2739267747308238,1.104857298851325,1.082112574479215,0.6098859353576304,0.6055576446654595,0.8316059098436893,0.823166817913402,0.6080550330794049,0.6034487366603238,0.4959084749230968,0.4921649827967668,0.3541442721168417,0.3512874513243034,persistence_t_plus_1,,49.0,1.0
107,49,1.2365957192321335,1.2573485782833376,1.1252334694658996,1.104857298851325,0.6117285935266528,0.6098859353576304,0.8368164572097393,0.8316059098436893,0.6103775486550721,0.6080550330794049,0.4979376704264147,0.4959084749230968,0.3557275340748575,0.3541442721168417,persistence_t_plus_1,,50.0,1.0
107,50,1.217859938371541,1.2365957192321335,1.1458630448571816,1.1252334694658996,0.6143136128294501,0.6117285935266528,0.8432874059168457,0.8368164572097393,0.6134803195186186,0.6103775486550721,0.5005818643993619,0.4979376704264147,0.3573381380000146,0.3557275340748575,persistence_t_plus_1,,51.0,1.0
107,51,1.1976632025123266,1.217859938371541,1.1652751390904397,1.1458630448571816,0.6157090465130213,0.6143136128294501,0.8481801760642944,0.8432874059168457,0.6154581150679842,0.6134803195186186,0.5023098803927524,0.5005818643993619,0.3581935690672876,0.3573381380000146,persistence_t_plus_1,,52.0,1.0
107,52,1.175278254188231,1.1976632025123266,1.1839790270812485,1.1652751390904397,0.6155837707006019,0.6157090465130213,0.850931059964258,0.8481801760642944,0.6159572615090612,0.6154581150679842,0.5028834187227632,0.5023098803927524,0.3582201066540418,0.3581935690672876,persistence_t_plus_1,,53.0,1.0
107,53,1.1533464676958989,1.175278254188231,1.2030705181993058,1.1839790270812485,0.6156291557210029,0.6155837707006019,0.8528965485442723,0.850931059964258,0.6152964553444128,0.6159572615090612,0.5022018808127814,0.5028834187227632,0.3580733925555663,0.3582201066540418,persistence_t_plus_1,,54.0,1.0
107,54,1.1305454694094816,1.1533464676958989,1.2201584247046815,1.2030705181993058,0.6147299199780251,0.6156291557210029,0.8521552889106405,0.8528965485442723,0.6122496090740325,0.6152964553444128,0.5007085988531266,0.5022018808127814,0.3570752714877507,0.3580733925555663,persistence_t_plus_1,,55.0,1.0
107,55,1.1076168982941468,1.1305454694094816,1.238713400068647,1.2201584247046815,0.6126964756148088,0.6147299199780251,0.8512071968381253,0.8521552889106405,0.6096548147816659,0.6122496090740325,0.4976225217284934,0.5007085988531266,0.3558101797472134,0.3570752714877507,persistence_t_plus_1,,56.0,1.0
107,56,1.0865579836820636,1.1076168982941468,1.2581794730838272,1.238713400068647,0.6115710447335134,0.6126964756148088,0.8482264736273687,0.8512071968381253,0.6042373538342996,0.6096548147816659,0.493138705314272,0.4976225217284934,0.3541492731000311,0.3558101797472134,persistence_t_plus_1,,57.0,1.0
107,57,1.066034696932555,1.0865579836820636,1.2766997151445902,1.2581794730838272,0.6088158969012025,0.6115710447335134,0.8450969338449292,0.8482264736273687,0.5987821840735745,0.6042373538342996,0.4900228998255023,0.493138705314272,0.3517827140479842,0.3541492731000311,persistence_t_plus_1,,58.0,1.0
107,58,1.0451949873177688,1.066034696932555,1.2924844640423947,1.2766997151445902,0.604643033425358,0.6088158969012025,0.8373699563052841,0.8450969338449292,0.5917002555382282,0.5987821840735745,0.4870813575218136,0.4900228998255023,0.3488341090787273,0.3517827140479842,persistence_t_plus_1,,59.0,1.0
107,59,1.026311186262595,1.0451949873177688,1.310597202155188,1.2924844640423947,0.5979984927831948,0.604643033425358,0.8300389773244392,0.8373699563052841,0.5863106477260809,0.5917002555382282,0.4792662270961905,0.4870813575218136,0.3456971611237063,0.3488341090787273,persistence_t_plus_1,,60.0,1.0
107,60,1.009477715124124,1.026311186262595,1.3253244711552212,1.310597202155188,0.5961791732703305,0.5979984927831948,0.8227248405386921,0.8300389773244392,0.5779869102357525,0.5863106477260809,0.4770425130361299,0.4792662270961905,0.3429006358578789,0.3456971611237063,persistence_t_plus_1,,61.0,1.0
107,61,0.993317543279474,1.009477715124124,1.334524697331139,1.3253244711552212,0.59087750544743,0.5961791732703305,0.8150219603068012,0.8227248405386921,0.5656593396665137,0.5779869102357525,0.4725886479795989,0.4770425130361299,0.3402634955704507,0.3429006358578789,persistence_t_plus_1,,62.0,1.0
107,62,0.978502713290218,0.993317543279474,1.3448670241047134,1.334524697331139,0.5882052501687266,0.59087750544743,0.8034588555881413,0.8150219603068012,0.5568773996266723,0.5656593396665137,0.4623403906689728,0.4725886479795989,0.3370691051406745,0.3402634955704507,persistence_t_plus_1,,63.0,1.0
107,63,0.962517165624892,0.978502713290218,1.355776616937585,1.3448670241047134,0.5813694229014862,0.5882052501687266,0.7940605013863211,0.8034588555881413,0.5501908632235455,0.5568773996266723,0.4600739384366314,0.4623403906689728,0.3331377958848087,0.3370691051406745,persistence_t_plus_1,,64.0,1.0
107,64,0.9483428363151112,0.962517165624892,1.3617122704801914,1.355776616937585,0.5719430899297986,0.5813694229014862,0.7852345718920357,0.7940605013863211,0.5428081560080174,0.5501908632235455,0.4545386467504941,0.4600739384366314,0.3295980429775194,0.3331377958848087,persistence_t_plus_1,,65.0,1.0
107,65,0.9351028190021572,0.9483428363151112,1.3723243269441443,1.3617122704801914,0.566882536490103,0.5719430899297986,0.7724754198230757,0.7852345718920357,0.5299332888408503,0.5428081560080174,0.4408648851262815,0.4545386467504941,0.3255914692283936,0.3295980429775194,persistence_t_plus_1,,66.0,1.0
107,66,0.9235194107726948,0.9351028190021572,1.3785329453606396,1.3723243269441443,0.5589413773453717,0.566882536490103,0.756047274881124,0.7724754198230757,0.51984140932906,0.5299332888408503,0.4351973513281179,0.4408648851262815,0.3218562781506775,0.3255914692283936,persistence_t_plus_1,,67.0,1.0
107,67,0.9125546143475336,0.9235194107726948,1.376701628177778,1.3785329453606396,0.547043363144285,0.5589413773453717,0.7369326088539938,0.756047274881124,0.50521204886253,0.51984140932906,0.4320056436319901,0.4351973513281179,0.318279430830705,0.3218562781506775,persistence_t_plus_1,,68.0,1.0
107,68,0.9009343249533596,0.9125546143475336,1.3741336120661976,1.376701628177778,0.5352052390915795,0.547043363144285,0.7237061387409698,0.7369326088539938,0.4972700241897881,0.50521204886253,0.4143495682188105,0.4320056436319901,0.3142099472113296,0.318279430830705,persistence_t_plus_1,,69.0,1.0
107,69,0.8908093868865704,0.9009343249533596,1.3632981765972585,1.3741336120661976,0.5300826423503251,0.5352052390915795,0.7134051072805658,0.7237061387409698,0.4952074624958267,0.4972700241897881,0.4020124988023994,0.4143495682188105,0.3096049895784966,0.3142099472113296,persistence_t_plus_1,,70.0,1.0
107,70,0.8808328109437348,0.8908093868865704,1.3619160674456892,1.3632981765972585,0.5252783327145153,0.5300826423503251,0.7023186598352322,0.7134051072805658,0.4866898960866677,0.4952074624958267,0.4022943558147626,0.4020124988023994,0.3046065721447589,0.3096049895784966,persistence_t_plus_1,,71.0,1.0
107,71,0.8692803945833493,0.8808328109437348,1.3712802690240236,1.3619160674456892,0.5166227281289277,0.5252783327145153,0.6946910114711439,0.7023186598352322,0.4680458971602049,0.4866898960866677,0.382321815799038,0.4022943558147626,0.2992506785988852,0.3046065721447589,persistence_t_plus_1,,72.0,1.0
107,72,0.8592302131001036,0.8692803945833493,1.3614071287144345,1.3712802690240236,0.5308000468515774,0.5166227281289277,0.6948733807235752,0.6946910114711439,0.4526002202063072,0.4680458971602049,0.372890787022496,0.382321815799038,0.2942245105428832,0.2992506785988852,persistence_t_plus_1,,73.0,1.0
107,73,0.8486220581665382,0.8592302131001036,1.3637976749083192,1.3614071287144345,0.541387719108369,0.5308000468515774,0.6885926586504747,0.6948733807235752,0.4211002865289929,0.4526002202063072,0.355261968857923,0.372890787022496,0.2890268609783673,0.2942245105428832,persistence_t_plus_1,,74.0,1.0
107,74,0.8397702246214666,0.8486220581665382,1.3747026958129875,1.3637976749083192,0.5469280799031172,0.541387719108369,0.6690859340197014,0.6885926586504747,0.3836847500306087,0.4211002865289929,0.3239439900019162,0.355261968857923,0.2844981995111389,0.2890268609783673,persistence_t_plus_1,,75.0,1.0
107,75,0.8319177499881986,0.8397702246214666,1.3737971843061865,1.3747026958129875,0.5505975876307763,0.5469280799031172,0.6595524958544583,0.6690859340197014,0.3508066173386449,0.3836847500306087,0.3313350054406038,0.3239439900019162,0.2810217426783136,0.2844981995111389,persistence_t_plus_1,,76.0,1.0
107,76,0.8250004103270558,0.8319177499881986,1.3752368376297277,1.3737971843061865,0.5419574373628271,0.5505975876307763,0.6404641938081659,0.6595524958544583,0.320145617927173,0.3508066173386449,0.3089628222090184,0.3313350054406038,0.2773206567257789,0.2810217426783136,persistence_t_plus_1,,77.0,1.0
107,77,0.8181442964371411,0.8250004103270558,1.3689974241335423,1.3752368376297277,0.5452271336218049,0.5419574373628271,0.6375336762661228,0.6404641938081659,0.3071206543200568,0.320145617927173,0.2809086517392742,0.3089628222090184,0.2729425090111032,0.2773206567257789,persistence_t_plus_1,,78.0,1.0
107,78,0.8128845015319933,0.8181442964371411,1.3548076058129292,1.3689974241335423,0.4920639040793609,0.5452271336218049,0.5828372416110521,0.6375336762661228,0.2963150608719199,0.3071206543200568,0.2672267157020435,0.2809086517392742,0.2693200980810924,0.2729425090111032,persistence_t_plus_1,,79.0,1.0
107,79,0.8111713109007308,0.8128845015319933,1.3446052175390135,1.3548076058129292,0.464359136925159,0.4920639040793609,0.5509494125954142,0.5828372416110521,0.281068341431318,0.2963150608719199,0.26129314205836,0.2672267157020435,0.2672190063074374,0.2693200980810924,persistence_t_plus_1,,80.0,1.0
107,80,0.8053188696489164,0.8111713109007308,1.3375744756210526,1.3446052175390135,0.4322909042993584,0.464359136925159,0.5158737891232011,0.5509494125954142,0.2770702846670434,0.281068341431318,0.2422463781366396,0.26129314205836,0.2616111431245536,0.2672190063074374,persistence_t_plus_1,,81.0,1.0
107,81,0.7983655053135768,0.8053188696489164,1.3280636974890243,1.3375744756210526,0.4076018315819281,0.4322909042993584,0.4859280472343414,0.5158737891232011,0.2711925196084006,0.2770702846670434,0.237223992607007,0.2422463781366396,0.2567859727036883,0.2616111431245536,persistence_t_plus_1,,82.0,1.0
107,82,0.7927836022547627,0.7983655053135768,1.331330133647577,1.3280636974890243,0.3898936977640043,0.4076018315819281,0.4563967394030447,0.4859280472343414,0.2594914548302428,0.2711925196084006,0.2263938128001177,0.237223992607007,0.2533925787402181,0.2567859727036883,persistence_t_plus_1,,83.0,1.0
107,83,0.7906115113805698,0.7927836022547627,1.2911064103717045,1.331330133647577,0.3680030737134653,0.3898936977640043,0.4164636583745171,0.4563967394030447,0.2147255538097655,0.2594914548302428,0.2302317197437557,0.2263938128001177,0.2507211243815601,0.2533925787402181,persistence_t_plus_1,,84.0,1.0
107,84,0.7876832359512761,0.7906115113805698,1.2462966056636642,1.2911064103717045,0.3461427020351529,0.3680030737134653,0.4043009027501445,0.4164636583745171,0.2255906491952371,0.2147255538097655,0.2502269884704789,0.2302317197437557,0.2473621848490018,0.2507211243815601,persistence_t_plus_1,,85.0,1.0
107,85,0.7851691142049219,0.7876832359512761,1.1932897558792257,1.2462966056636642,0.313824634526014,0.3461427020351529,0.3860383201583481,0.4043009027501445,0.2413943459788648,0.2255906491952371,0.2799249987758885,0.2502269884704789,0.2459750740235269,0.2473621848490018,persistence_t_plus_1,,86.0,1.0
107,86,0.7835887479262245,0.7851691142049219,1.1787752623688414,1.1932897558792257,0.2737657797473506,0.313824634526014,0.3270860297513165,0.3860383201583481,0.2227649408334794,0.2413943459788648,0.2423653111659409,0.2799249987758885,0.2421346427029332,0.2459750740235269,persistence_t_plus_1,,87.0,1.0
107,87,0.7796182235071668,0.7835887479262245,1.175663890244898,1.1787752623688414,0.2806981379706831,0.2737657797473506,0.3387410633614157,0.3270860297513165,0.2273519423613957,0.2227649408334794,0.2225955396124568,0.2423653111659409,0.2367861098446608,0.2421346427029332,persistence_t_plus_1,,88.0,1.0
107,88,0.7768862812550632,0.7796182235071668,1.1594924834410656,1.175663890244898,0.2951252379204707,0.2806981379706831,0.3280100218368216,0.3387410633614157,0.2046248234014281,0.2273519423613957,0.2032644159723781,0.2225955396124568,0.2349757714374854,0.2367861098446608,persistence_t_plus_1,,89.0,1.0
107,89,0.774085399470853,0.7768862812550632,1.1795975617656822,1.1594924834410656,0.3001570399399821,0.2951252379204707,0.3354090938160844,0.3280100218368216,0.2051984410735929,0.2046248234014281,0.2065513630405417,0.2032644159723781,0.2300573761026381,0.2349757714374854,persistence_t_plus_1,,90.0,1.0
107,90,0.7719118675540879,0.774085399470853,1.2337447629962484,1.1795975617656822,0.2335658361228229,0.3001570399399821,0.2335298589565467,0.3354090938160844,0.165009760986171,0.2051984410735929,0.132027100439904,0.2065513630405417,0.2368593980296922,0.2300573761026381,persistence_t_plus_1,,91.0,1.0
107,91,0.7686051121797683,0.7719118675540879,1.151317943760385,1.2337447629962484,0.25110292178117,0.2335658361228229,0.2510780565738603,0.2335298589565467,0.171624664976785,0.165009760986171,0.1373049742049385,0.132027100439904,0.2343169557239816,0.2368593980296922,persistence_t_plus_1,,92.0,1.0
107,92,0.7679156426848799,0.7686051121797683,1.17450748280446,1.151317943760385,0.1954054061605724,0.25110292178117,0.1953807196861517,0.2510780565738603,0.1709810506025406,0.171624664976785,0.136793823509532,0.1373049742049385,0.2333432560636668,0.2343169557239816,persistence_t_plus_1,,93.0,1.0
107,93,0.7643453139945234,0.7679156426848799,1.0523082676311477,1.17450748280446,0.1990788991427007,0.1954054061605724,0.1990618455233348,0.1953807196861517,0.174200398527196,0.1709810506025406,0.1393617353495689,0.136793823509532,0.2336096671229211,0.2333432560636668,persistence_t_plus_1,,94.0,1.0
107,94,0.7603218247932908,0.7643453139945234,1.046298221585282,1.0523082676311477,0.2013138305830162,0.1990788991427007,0.2012972572851689,0.1990618455233348,0.1761538547977973,0.174200398527196,0.1409185659199202,0.1393617353495689,0.2307043034366946,0.2336096671229211,persistence_t_plus_1,,95.0,1.0
107,95,0.7580591669570789,0.7603218247932908,1.0341813694826896,1.046298221585282,0.2040149165371418,0.2013138305830162,0.2040012621887771,0.2012972572851689,0.1785218820229353,0.1761538547977973,0.142807802725835,0.1409185659199202,0.2253765391959163,0.2307043034366946,persistence_t_plus_1,,96.0,1.0
107,96,0.7560845845914766,0.7580591669570789,1.0567632325344205,1.0341813694826896,0.2043669227340425,0.2040149165371418,0.2043546338205143,0.2040012621887771,0.1788290044399299,0.1785218820229353,0.1430544709486819,0.142807802725835,0.2200663337717551,0.2253765391959163,persistence_t_plus_1,,97.0,1.0
107,97,0.7526777562575953,0.7560845845914766,1.0526875916962524,1.0567632325344205,0.1969972364980403,0.2043669227340425,0.1969937178856651,0.2043546338205143,0.1723769847378967,0.1788290044399299,0.1379071883538787,0.1430544709486819,0.2197587487756052,0.2200663337717551,persistence_t_plus_1,,98.0,1.0
107,98,0.7500860860286381,0.7526777562575953,1.039962950756722,1.0526875916962524,0.1967057824891062,0.1969972364980403,0.1967085973074007,0.1969937178856651,0.172118698438021,0.1723769847378967,0.1377106545420666,0.1379071883538787,0.2204869833763574,0.2197587487756052,persistence_t_plus_1,,99.0,1.0
107,99,0.7479865989095427,0.7500860860286381,1.0240402045604646,1.039962950756722,0.1912571566225304,0.1967057824891062,0.1912646717758129,0.1967085973074007,0.1673522550500224,0.172118698438021,0.1338983047209613,0.1377106545420666,0.2218010978964594,0.2204869833763574,persistence_t_plus_1,,100.0,1.0
107,100,0.7461933762921946,0.7479865989095427,0.8793482743788408,1.0240402045604646,0.2047482600796906,0.1912571566225304,0.2047406763241778,0.1912646717758129,0.1791360818452738,0.1673522550500224,0.1433251952668856,0.1338983047209613,0.2212343687731509,0.2218010978964594,persistence_t_plus_1,,101.0,1.0
107,101,0.7456234337153311,0.7461933762921946,0.9144134469409568,0.8793482743788408,0.2072879469177858,0.2047482600796906,0.2072811215378243,0.2047406763241778,0.1813601724010527,0.1791360818452738,0.1451028347324421,0.1433251952668856,0.2174710908880809,0.2212343687731509,persistence_t_plus_1,,102.0,1.0
107,102,0.7448221927011625,0.7456234337153311,0.9609721022468608,0.9144134469409568,0.2087125335353572,0.2072879469177858,0.2087063906933919,0.2072811215378243,0.1826083638066286,0.1813601724010527,0.1460999181757428,0.1451028347324421,0.2157313487158177,0.2174710908880809,persistence_t_plus_1,,103.0,1.0
107,103,0.7442684986321934,0.7448221927011625,1.002874892022175,0.9609721022468608,0.2092244648860295,0.2087125335353572,0.2092189363282607,0.2087063906933919,0.1830578140421478,0.1826083638066286,0.1464581556511142,0.1460999181757428,0.2136264431371816,0.2157313487158177,persistence_t_plus_1,,104.0,1.0
107,104,0.7437312290597378,0.7442684986321934,1.0555874028199574,1.002874892022175,0.2087209045435878,0.2092244648860295,0.2087159288415958,0.2092189363282607,0.1826185580158241,0.1830578140421478,0.1461055603883156,0.1464581556511142,0.2133070191257763,0.2136264431371816,persistence_t_plus_1,,105.0,1.0
107,105,0.7420171647784606,0.7437312290597378,0.918620774193446,1.0555874028199574,0.1984638670723367,0.2087209045435878,0.1984620367967462,0.2087159288415958,0.1736477241747513,0.1826185580158241,0.1389264334296129,0.1461055603883156,0.2227256788271565,0.2133070191257763,persistence_t_plus_1,,106.0,1.0
107,106,0.7408077806983331,0.7420171647784606,0.8927586967741015,0.918620774193446,0.2018830879072812,0.1984638670723367,0.2018814406592498,0.1984620367967462,0.1766403583566821,0.1736477241747513,0.1413197153661763,0.1389264334296129,0.2212390362239655,0.2227256788271565,persistence_t_plus_1,,107.0,1.0
107,107,0.7400060550693381,0.7408077806983331,0.9114828270966912,0.8927586967741015,0.2046002626148096,0.2018830879072812,0.2045987800915813,0.2018814406592498,0.1790186205819883,0.1766403583566821,0.1432215822783382,0.1413197153661763,0.2151489710503485,0.2212390362239655,persistence_t_plus_1,,108.0,1.0
107,108,0.7389877928573239,0.7400060550693381,0.958334544387022,0.9114828270966912,0.2061730629886531,0.2046002626148096,0.2061717287177477,0.2045987800915813,0.1803954818296984,0.1790186205819883,0.1443224026952316,0.1432215822783382,0.2135570525900408,0.2151489710503485,persistence_t_plus_1,,109.0,1.0
107,109,0.7383070461818395,0.7389877928573239,1.0425010899483198,0.958334544387022,0.206053980000755,0.2061730629886531,0.2060527791569401,0.2061717287177477,0.1802918790438249,0.1803954818296984,0.1442389187433855,0.1443224026952316,0.2065501036487138,0.2135570525900408,persistence_t_plus_1,,110.0,1.0
107,110,0.7374472712416263,0.7383070461818395,1.1482509809534878,1.0425010899483198,0.2040185457552756,0.206053980000755,0.2040174649958422,0.2060527791569401,0.1785114094247139,0.1802918790438249,0.1428140014972642,0.1442389187433855,0.2033940679120597,0.2065501036487138,persistence_t_plus_1,,111.0,1.0
107,111,0.7379440756031929,0.7374472712416263,1.0971088034492475,1.1482509809534878,0.213121037382952,0.2040185457552756,0.2131158539823208,0.2040174649958422,0.1864700015281054,0.1785114094247139,0.1491661472916698,0.1428140014972642,0.2012169063196296,0.2033940679120597,persistence_t_plus_1,,112.0,1.0
107,112,0.0,0.7379440756031929,0.0,1.0971088034492475,0.0,0.213121037382952,0.0,0.2131158539823208,0.0,0.1864700015281054,0.0,0.1491661472916698,0.0,0.2012169063196296,persistence_t_plus_1,,113.0,1.0
107,113,0.0,0.0,0.0,0.0,0.0,0.0,0.0,0.0,0.0,0.0,0.0,0.0,0.0,0.0,persistence_t_plus_1,,114.0,1.0
107,114,0.0,0.0,0.0,0.0,0.0,0.0,0.0,0.0,0.0,0.0,0.0,0.0,0.0,0.0,persistence_t_plus_1,,115.0,1.0
107,115,0.0,0.0,0.0,0.0,0.0,0.0,0.0,0.0,0.0,0.0,0.0,0.0,0.0,0.0,persistence_t_plus_1,,116.0,1.0
107,116,0.0,0.0,0.0,0.0,0.0,0.0,0.0,0.0,0.0,0.0,0.0,0.0,0.0,0.0,persistence_t_plus_1,,117.0,1.0
107,117,0.0,0.0,0.0,0.0,0.0,0.0,0.0,0.0,0.0,0.0,0.0,0.0,0.0,0.0,persistence_t_plus_1,,118.0,1.0
107,118,0.0,0.0,0.0,0.0,0.0,0.0,0.0,0.0,0.0,0.0,0.0,0.0,0.0,0.0,persistence_t_plus_1,,119.0,1.0
104,0,0.8401945524750375,0.8814317329649902,0.234119832221814,0.4443370146432903,0.2739370704000329,0.5341484410492509,0.2580236434891541,0.5652195912411211,0.2615324628652002,0.562046619552024,0.1989457481955449,0.3697407672487868,0.1683575461344314,0.3804112183129939,persistence_t_plus_5,,5.0,5.0
104,1,0.83324734699786,0.6256729596956754,0.2235131763257755,0.2681040692932415,0.2670871424622861,0.3241537462390116,0.2450314578646595,0.3356614460227789,0.239675068799557,0.335238315296342,0.1906030540491205,0.2313758380412026,0.155280910696349,0.2267477595627544,persistence_t_plus_5,,6.0,5.0
104,2,0.8392540495519619,0.7302751143898367,0.2246625327081702,0.2778752727515463,0.2707983341461923,0.3057773344195059,0.2390948593672634,0.3119673338491363,0.2326630405211716,0.3166533569198067,0.1941169141581548,0.2168317383593543,0.148195710975982,0.214767838562212,persistence_t_plus_5,,7.0,5.0
104,3,0.9375255094015584,0.7820507888337238,0.2516696598196141,0.2587108418374793,0.2972507098114553,0.2722015597541898,0.2611567071963999,0.2817802979753999,0.2470408223876631,0.287484907835346,0.2139357048516894,0.2008016936702458,0.1588048959039071,0.1952768189526942,persistence_t_plus_5,,8.0,5.0
104,4,0.9980440179161622,0.8343704836630028,0.2620025142484759,0.2479162008839384,0.3166466498073134,0.2788350430127211,0.278349256504489,0.2731365736967416,0.2587784381118175,0.277887656089303,0.2256477691288339,0.2014605050437402,0.1645254482809409,0.183442660691829,persistence_t_plus_5,,9.0,5.0
104,5,0.9765854100042024,0.8401945524750375,0.2554802285422857,0.234119832221814,0.3189547459381788,0.2739370704000329,0.2749525207848293,0.2580236434891541,0.2548139409405951,0.2615324628652002,0.2279345123122447,0.1989457481955449,0.1590540444233102,0.1683575461344314,persistence_t_plus_5,,10.0,5.0
104,6,0.982547661153428,0.83324734699786,0.2615396411932378,0.2235131763257755,0.3235347561865255,0.2670871424622861,0.2784548402705521,0.2450314578646595,0.2541335516222272,0.239675068799557,0.234134010640516,0.1906030540491205,0.1588954214819159,0.155280910696349,persistence_t_plus_5,,11.0,5.0
104,7,0.9761644711346494,0.8392540495519619,0.2662771587866854,0.2246625327081702,0.3234910470153652,0.2707983341461923,0.2806924241476881,0.2390948593672634,0.2534857569234826,0.2326630405211716,0.2353111477046726,0.1941169141581548,0.1574545613596761,0.148195710975982,persistence_t_plus_5,,12.0,5.0
104,8,0.950548075304376,0.9375255094015584,0.2660504997637796,0.2516696598196141,0.3246674032272261,0.2972507098114553,0.2793598166759288,0.2611567071963999,0.2439876340534074,0.2470408223876631,0.2315931243530203,0.2139357048516894,0.1531755311333318,0.1588048959039071,persistence_t_plus_5,,13.0,5.0
104,9,0.9862762991339544,0.9980440179161622,0.2874926984602237,0.2620025142484759,0.3396478767886066,0.3166466498073134,0.2941153701956909,0.278349256504489,0.2540217968479478,0.2587784381118175,0.2376677819674119,0.2256477691288339,0.1592269648629449,0.1645254482809409,persistence_t_plus_5,,14.0,5.0
104,10,1.0310056471071656,0.9765854100042024,0.3078657690873618,0.2554802285422857,0.3576934308765294,0.3189547459381788,0.3132303571192603,0.2749525207848293,0.263383599306301,0.2548139409405951,0.2467458661363874,0.2279345123122447,0.1668670145218173,0.1590540444233102,persistence_t_plus_5,,15.0,5.0
104,11,1.0733346456315314,0.982547661153428,0.3262218137076662,0.2615396411932378,0.3754614569632339,0.3235347561865255,0.3324593336212255,0.2784548402705521,0.2745981740672891,0.2541335516222272,0.2566564176121083,0.234134010640516,0.1746185963375051,0.1588954214819159,persistence_t_plus_5,,16.0,5.0
104,12,1.0593718335646076,0.9761644711346494,0.3262052274673028,0.2662771587866854,0.3759243097753009,0.3234910470153652,0.3355508670267959,0.2806924241476881,0.2760016479919621,0.2534857569234826,0.260059305249957,0.2353111477046726,0.1735435604821331,0.1574545613596761,persistence_t_plus_5,,17.0,5.0
104,13,1.05299677893542,0.950548075304376,0.3345806696558405,0.2660504997637796,0.3805979056095748,0.3246674032272261,0.3407019384609852,0.2793598166759288,0.2753957703180352,0.2439876340534074,0.2612137910958647,0.2315931243530203,0.1742815175570419,0.1531755311333318,persistence_t_plus_5,,18.0,5.0
104,14,1.0410349696920318,0.9862762991339544,0.3404343207321456,0.2874926984602237,0.3832118832488657,0.3396478767886066,0.3432922949688924,0.2941153701956909,0.2749556179504961,0.2540217968479478,0.2618977915600427,0.2376677819674119,0.1737687103872925,0.1592269648629449,persistence_t_plus_5,,19.0,5.0
104,15,1.0583469526982936,1.0310056471071656,0.3579153178555093,0.3078657690873618,0.3947256893030517,0.3576934308765294,0.3557903429028795,0.3132303571192603,0.2804202268772533,0.263383599306301,0.2663583337364116,0.2467458661363874,0.178269447834911,0.1668670145218173,persistence_t_plus_5,,20.0,5.0
104,16,1.074327635853354,1.0733346456315314,0.3777631960876019,0.3262218137076662,0.4046187575230334,0.3754614569632339,0.3682344597959635,0.3324593336212255,0.2848680650922429,0.2745981740672891,0.2714613321691788,0.2566564176121083,0.1831292449877449,0.1746185963375051,persistence_t_plus_5,,21.0,5.0
104,17,1.073026372459768,1.0593718335646076,0.3875897947731873,0.3262052274673028,0.4106998913364221,0.3759243097753009,0.3749539032069516,0.3355508670267959,0.2848497662156833,0.2760016479919621,0.2725114635164304,0.260059305249957,0.184623972562442,0.1735435604821331,persistence_t_plus_5,,22.0,5.0
104,18,1.08876633172572,1.05299677893542,0.4049221578508785,0.3345806696558405,0.4224488318644216,0.3805979056095748,0.3869475943294023,0.3407019384609852,0.2877922583761865,0.2753957703180352,0.2767092867415082,0.2612137910958647,0.1891667747940704,0.1742815175570419,persistence_t_plus_5,,23.0,5.0
104,19,1.1052727584493915,1.0410349696920318,0.4231467094714011,0.3404343207321456,0.4339853734641465,0.3832118832488657,0.4000134994232894,0.3432922949688924,0.2915109719717799,0.2749556179504961,0.2807246859788995,0.2618977915600427,0.1941048090867464,0.1737687103872925,persistence_t_plus_5,,24.0,5.0
104,20,1.1454765636932511,1.0583469526982936,0.449722328137078,0.3579153178555093,0.4538031784049677,0.3947256893030517,0.4218324909889124,0.3557903429028795,0.3021895120438058,0.2804202268772533,0.289706971433531,0.2663583337364116,0.2032337907220737,0.178269447834911,persistence_t_plus_5,,25.0,5.0
104,21,1.1476693335317845,1.074327635853354,0.4600908170737318,0.3777631960876019,0.4594712358595103,0.4046187575230334,0.429982823749549,0.3682344597959635,0.303498745564024,0.2848680650922429,0.2939079061379764,0.2714613321691788,0.2059081261913312,0.1831292449877449,persistence_t_plus_5,,26.0,5.0
104,22,1.1460897264917096,1.073026372459768,0.4729262792634101,0.3875897947731873,0.4652285191078177,0.4106998913364221,0.4363093976566998,0.3749539032069516,0.3044666002090953,0.2848497662156833,0.2962134003680717,0.2725114635164304,0.208385807802525,0.184623972562442,persistence_t_plus_5,,27.0,5.0
104,23,1.1433898743899982,1.08876633172572,0.4888764069022333,0.4049221578508785,0.4700740766794148,0.4224488318644216,0.4428978222855391,0.3869475943294023,0.3057250411550984,0.2877922583761865,0.2980344674386667,0.2767092867415082,0.2110551390884188,0.1891667747940704,persistence_t_plus_5,,28.0,5.0
104,24,1.15625747688919,1.1052727584493915,0.5121968088029071,0.4231467094714011,0.4798439085122357,0.4339853734641465,0.455155966938063,0.4000134994232894,0.3112084202451002,0.2915109719717799,0.3028073846807556,0.2807246859788995,0.2165470806246694,0.1941048090867464,persistence_t_plus_5,,29.0,5.0
104,25,1.1921929760616303,1.1454765636932511,0.5478411008324722,0.449722328137078,0.5003868608666919,0.4538031784049677,0.4773304213661443,0.4218324909889124,0.322305587907196,0.3021895120438058,0.3133757270984865,0.289706971433531,0.2267748024623101,0.2032337907220737,persistence_t_plus_5,,30.0,5.0
104,26,1.2088654453854195,1.1476693335317845,0.5736617000783774,0.4600908170737318,0.5128260263960338,0.4594712358595103,0.4920312299499271,0.429982823749549,0.3299474846074345,0.303498745564024,0.3188843036972279,0.2939079061379764,0.2335767566188171,0.2059081261913312,persistence_t_plus_5,,31.0,5.0
104,27,1.2396009956363343,1.1460897264917096,0.6082628364387347,0.4729262792634101,0.5321688308217591,0.4652285191078177,0.5134938696759624,0.4363093976566998,0.3409425255517518,0.3044666002090953,0.328778885518552,0.2962134003680717,0.2435690649228861,0.208385807802525,persistence_t_plus_5,,32.0,5.0
104,28,1.2510740231762951,1.1433898743899982,0.6318306829991194,0.4888764069022333,0.5433321398661511,0.4700740766794148,0.5269858469332362,0.4428978222855391,0.3468611279073505,0.3057250411550984,0.3339501309940852,0.2980344674386667,0.249905076418272,0.2110551390884188,persistence_t_plus_5,,33.0,5.0
104,29,1.2572259906452083,1.15625747688919,0.6545924018858685,0.5121968088029071,0.5540984954370132,0.4798439085122357,0.5389005094225103,0.455155966938063,0.3512759388117343,0.3112084202451002,0.3390378872171014,0.3028073846807556,0.2555590461110776,0.2165470806246694,persistence_t_plus_5,,34.0,5.0
104,30,1.268729421674195,1.1921929760616303,0.6843770054587487,0.5478411008324722,0.5665190175410768,0.5003868608666919,0.5533019115093895,0.4773304213661443,0.3584568178962466,0.322305587907196,0.3443725727378609,0.3133757270984865,0.2629264355165334,0.2267748024623101,persistence_t_plus_5,,35.0,5.0
104,31,1.2781354241510656,1.2088654453854195,0.7136890654761735,0.5736617000783774,0.576813658105925,0.5128260263960338,0.5670778455938654,0.4920312299499271,0.3652968494672924,0.3299474846074345,0.3488933900177878,0.3188843036972279,0.2699947248788064,0.2335767566188171,persistence_t_plus_5,,36.0,5.0
104,32,1.2987418591973174,1.2396009956363343,0.7500147410516805,0.6082628364387347,0.5939637304205412,0.5321688308217591,0.5868151068529285,0.5134938696759624,0.3754170656511046,0.3409425255517518,0.3567582534136007,0.328778885518552,0.2796819511010385,0.2435690649228861,persistence_t_plus_5,,37.0,5.0
104,33,1.310427493723359,1.2510740231762951,0.783309719338052,0.6318306829991194,0.6076667872649641,0.5433321398661511,0.603389015142778,0.5269858469332362,0.3833160711226551,0.3468611279073505,0.3636626408866064,0.3339501309940852,0.2880204034052671,0.249905076418272,persistence_t_plus_5,,38.0,5.0
104,34,1.3216490281914162,1.2572259906452083,0.8153865671195076,0.6545924018858685,0.622268440368203,0.5540984954370132,0.6207822360567534,0.5389005094225103,0.3912812422047103,0.3512759388117343,0.3707118843059234,0.3390378872171014,0.2962330249218843,0.2555590461110776,persistence_t_plus_5,,39.0,5.0
104,35,1.332997976327479,1.268729421674195,0.8488162731556638,0.6843770054587487,0.6376319123918602,0.5665190175410768,0.6392926654126557,0.5533019115093895,0.4001583086072036,0.3584568178962466,0.3785533205996481,0.3443725727378609,0.3048148398562877,0.2629264355165334,persistence_t_plus_5,,40.0,5.0
104,36,1.3345366932192648,1.2781354241510656,0.8775275639299356,0.7136890654761735,0.649562597827551,0.576813658105925,0.6540578387531484,0.5670778455938654,0.406382308111119,0.3652968494672924,0.3839560556775358,0.3488933900177878,0.3115684138022243,0.2699947248788064,persistence_t_plus_5,,41.0,5.0
104,37,1.3394814499904832,1.2987418591973174,0.9076708611704034,0.7500147410516805,0.6630052032207524,0.5939637304205412,0.670894020885299,0.5868151068529285,0.4146425700504489,0.3754170656511046,0.3906264577463538,0.3567582534136007,0.3190061034058617,0.2796819511010385,persistence_t_plus_5,,42.0,5.0
104,38,1.341955456780881,1.310427493723359,0.938725351476702,0.783309719338052,0.6769265808290621,0.6076667872649641,0.687599392030866,0.603389015142778,0.4218535409229342,0.3833160711226551,0.3973712168194869,0.3636626408866064,0.3263660030066338,0.2880204034052671,persistence_t_plus_5,,43.0,5.0
104,39,1.34018638435547,1.3216490281914162,0.9688264860323048,0.8153865671195076,0.6894260886673687,0.622268440368203,0.7025278233539127,0.6207822360567534,0.428213979208668,0.3912812422047103,0.4029878658684955,0.3707118843059234,0.3330331439765599,0.2962330249218843,persistence_t_plus_5,,44.0,5.0
104,40,1.3333822031454832,1.332997976327479,0.996300690121433,0.8488162731556638,0.7000041613740448,0.6376319123918602,0.7154142609898576,0.6392926654126557,0.4333412566174401,0.4001583086072036,0.4073722007740012,0.3785533205996481,0.3386029966712207,0.3048148398562877,persistence_t_plus_5,,45.0,5.0
104,41,1.3298579749216426,1.3345366932192648,1.0273120204155342,0.8775275639299356,0.7125882987876624,0.649562597827551,0.7304169225423377,0.6540578387531484,0.4395274359759019,0.406382308111119,0.4132131066158253,0.3839560556775358,0.3451123858517549,0.3115684138022243,persistence_t_plus_5,,46.0,5.0
104,42,1.317378187494344,1.3394814499904832,1.0510205848409957,0.9076708611704034,0.7209101008017204,0.6630052032207524,0.7407381291167634,0.670894020885299,0.4432164575937892,0.4146425700504489,0.4169100761940092,0.3906264577463538,0.3492017084823869,0.3190061034058617,persistence_t_plus_5,,47.0,5.0
104,43,1.3041961969048756,1.341955456780881,1.0749309911327989,0.938725351476702,0.729055773527943,0.6769265808290621,0.7509802576101949,0.687599392030866,0.4468111409875419,0.4218535409229342,0.4204023434421622,0.3973712168194869,0.3531413314919099,0.3263660030066338,persistence_t_plus_5,,48.0,5.0
104,44,1.2860597047022713,1.34018638435547,1.094189366400546,0.9688264860323048,0.7344389998135503,0.6894260886673687,0.7581419460399085,0.7025278233539127,0.4487363424933975,0.428213979208668,0.4220376288373955,0.4029878658684955,0.3554475583900418,0.3330331439765599,persistence_t_plus_5,,49.0,5.0
104,45,1.26946009143524,1.3333822031454832,1.116799094992583,0.996300690121433,0.7406328065527565,0.7000041613740448,0.7660784727520342,0.7154142609898576,0.4510767044357562,0.4333412566174401,0.4243033311467582,0.4073722007740012,0.3582817872310282,0.3386029966712207,persistence_t_plus_5,,50.0,5.0
104,46,1.2499677102470172,1.3298579749216426,1.1360515669953632,1.0273120204155342,0.7446560227236442,0.7125882987876624,0.7716528215494615,0.7304169225423377,0.4521811568269811,0.4395274359759019,0.4254415331721145,0.4132131066158253,0.3598703834993451,0.3451123858517549,persistence_t_plus_5,,51.0,5.0
104,47,1.2281413489232955,1.317378187494344,1.1524469457651252,1.0510205848409957,0.7465130825202114,0.7209101008017204,0.7751225044270419,0.7407381291167634,0.452294060905523,0.4432164575937892,0.425492014917082,0.4169100761940092,0.3603373618369113,0.3492017084823869,persistence_t_plus_5,,52.0,5.0
104,48,1.2068274433807114,1.3041961969048756,1.169062006450808,1.0749309911327989,0.7484807977395788,0.729055773527943,0.7784447315946849,0.7509802576101949,0.4520332784789687,0.4468111409875419,0.4253937039949962,0.4204023434421622,0.3606521515206542,0.3531413314919099,persistence_t_plus_5,,53.0,5.0
104,49,1.1818116230982083,1.2860597047022713,1.1815919452542984,1.094189366400546,0.7476046877591004,0.7344389998135503,0.7785877934735828,0.7581419460399085,0.4501290089210658,0.4487363424933975,0.423901057700168,0.4220376288373955,0.3594036612410016,0.3554475583900418,persistence_t_plus_5,,54.0,5.0
104,50,1.1584517915320138,1.26946009143524,1.195647963289201,1.116799094992583,0.746516098056101,0.7406328065527565,0.7793696042313302,0.7660784727520342,0.4476987060579538,0.4510767044357562,0.4225376521293802,0.4243033311467582,0.3582555499861605,0.3582817872310282,persistence_t_plus_5,,55.0,5.0
104,51,1.1371943763640835,1.2499677102470172,1.2128016832401225,1.1360515669953632,0.7454948931759414,0.7446560227236442,0.779433550559903,0.7716528215494615,0.4462192195730346,0.4521811568269811,0.4215687760971137,0.4254415331721145,0.3574919302468572,0.3598703834993451,persistence_t_plus_5,,56.0,5.0
104,52,1.1138619783211177,1.2281413489232955,1.2289574844902444,1.1524469457651252,0.7419409261670149,0.7465130825202114,0.7774951400532429,0.7751225044270419,0.4428277673915626,0.452294060905523,0.4189336200975165,0.425492014917082,0.3556434876915062,0.3603373618369113,persistence_t_plus_5,,57.0,5.0
104,53,1.0931892097429918,1.2068274433807114,1.2452262035450257,1.169062006450808,0.7389911613198057,0.7484807977395788,0.7764389031188265,0.7784447315946849,0.4387933857955918,0.4520332784789687,0.4164587402813868,0.4253937039949962,0.3539827099632885,0.3606521515206542,persistence_t_plus_5,,58.0,5.0
104,54,1.0729140543974909,1.1818116230982083,1.2651498752724946,1.1815919452542984,0.7338815578400009,0.7476046877591004,0.7738933515533502,0.7785877934735828,0.4352716436468224,0.4501290089210658,0.4124797892351652,0.423901057700168,0.3522027354173695,0.3594036612410016,persistence_t_plus_5,,59.0,5.0
104,55,1.052976493062675,1.1584517915320138,1.2835532936720166,1.195647963289201,0.7285070098394775,0.746516098056101,0.7713436293563504,0.7793696042313302,0.4300570751146484,0.4476987060579538,0.4085271339822141,0.4225376521293802,0.3495970597124065,0.3582555499861605,persistence_t_plus_5,,60.0,5.0
104,56,1.0342279241763468,1.1371943763640835,1.2984427473564528,1.2128016832401225,0.7186289953834811,0.7454948931759414,0.7638289886205447,0.779433550559903,0.4271314691158997,0.4462192195730346,0.404005381671092,0.4215687760971137,0.34685766734133,0.3574919302468572,persistence_t_plus_5,,61.0,5.0
104,57,1.0162851920497942,1.1138619783211177,1.315860730037987,1.2289574844902444,0.7092048032703143,0.7419409261670149,0.7598324031787241,0.7774951400532429,0.420091229280885,0.4428277673915626,0.3986597604894915,0.4189336200975165,0.343974177483613,0.3556434876915062,persistence_t_plus_5,,62.0,5.0
104,58,0.9981715709299268,1.0931892097429918,1.3337933027579822,1.2452262035450257,0.701889530681678,0.7389911613198057,0.7562099402438086,0.7764389031188265,0.4182374000261161,0.4387933857955918,0.3900515124427991,0.4164587402813868,0.3400299601025803,0.3539827099632885,persistence_t_plus_5,,63.0,5.0
104,59,0.9821443353790223,1.0729140543974909,1.3480642986903948,1.2651498752724946,0.6946308120173064,0.7338815578400009,0.7538357889719988,0.7738933515533502,0.4123517712759657,0.4352716436468224,0.3824326782989763,0.4124797892351652,0.3363427194634708,0.3522027354173695,persistence_t_plus_5,,64.0,5.0
104,60,0.9672597073018848,1.052976493062675,1.353593826599928,1.2835532936720166,0.679725729318354,0.7285070098394775,0.7492340739786484,0.7713436293563504,0.4077409812012409,0.4300570751146484,0.3721914300379923,0.4085271339822141,0.332732509456648,0.3495970597124065,persistence_t_plus_5,,65.0,5.0
104,61,0.953619009028374,1.0342279241763468,1.3581696611296148,1.2984427473564528,0.6631355615155574,0.7186289953834811,0.7400591855329577,0.7638289886205447,0.4054026342113213,0.4271314691158997,0.3621016985257076,0.404005381671092,0.3292836387410158,0.34685766734133,persistence_t_plus_5,,66.0,5.0
104,62,0.9412618265305048,1.0162851920497942,1.353565906174769,1.315860730037987,0.6589940657745003,0.7092048032703143,0.7320401383949915,0.7598324031787241,0.3997428730772793,0.420091229280885,0.3625174494278819,0.3986597604894915,0.3257814004147739,0.343974177483613,persistence_t_plus_5,,67.0,5.0
104,63,0.9275729763850908,0.9981715709299268,1.3538372793691993,1.3337933027579822,0.6541920863782321,0.701889530681678,0.7254218119785982,0.7562099402438086,0.3915338325195166,0.4182374000261161,0.3578973970973313,0.3900515124427991,0.3218476100666534,0.3400299601025803,persistence_t_plus_5,,68.0,5.0
104,64,0.9148526809176216,0.9821443353790223,1.3559462170561394,1.3480642986903948,0.6527753332783934,0.6946308120173064,0.7220501085935527,0.7538357889719988,0.3845683094351313,0.4123517712759657,0.3483974194179225,0.3824326782989763,0.317021998173003,0.3363427194634708,persistence_t_plus_5,,69.0,5.0
104,65,0.9031694599197552,0.9672597073018848,1.3502191393408391,1.353593826599928,0.6511268975669183,0.679725729318354,0.7165009253468858,0.7492340739786484,0.3742200874408493,0.4077409812012409,0.3377282800176883,0.3721914300379923,0.312360935669778,0.332732509456648,persistence_t_plus_5,,70.0,5.0
104,66,0.8916323132877458,0.953619009028374,1.343389320542378,1.3581696611296148,0.6454211405796971,0.6631355615155574,0.7186648251870815,0.7400591855329577,0.3650239765908235,0.4054026342113213,0.3414864270677938,0.3621016985257076,0.3074939258800845,0.3292836387410158,persistence_t_plus_5,,71.0,5.0
104,67,0.8798164266728014,0.9412618265305048,1.3383216051744593,1.353565906174769,0.6463435693196405,0.6589940657745003,0.7175204322444101,0.7320401383949915,0.3491027889023804,0.3997428730772793,0.33898135848416,0.3625174494278819,0.302058493296624,0.3257814004147739,persistence_t_plus_5,,72.0,5.0
104,68,0.8684387439924517,0.9275729763850908,1.3385811348491587,1.3538372793691993,0.6431667529397691,0.6541920863782321,0.7114072628406879,0.7254218119785982,0.3370046108737998,0.3915338325195166,0.3418989274673469,0.3578973970973313,0.2966756554494968,0.3218476100666534,persistence_t_plus_5,,73.0,5.0
104,69,0.8580262176503937,0.9148526809176216,1.3419512405456366,1.3559462170561394,0.6430219608080618,0.6527753332783934,0.7152610702392495,0.7220501085935527,0.3350776889747678,0.3845683094351313,0.3237608297499441,0.3483974194179225,0.292103905979412,0.317021998173003,persistence_t_plus_5,,74.0,5.0
104,70,0.8467293609244928,0.9031694599197552,1.3316960380374308,1.3502191393408391,0.6403469321130189,0.6511268975669183,0.7246687276292345,0.7165009253468858,0.3249998652804162,0.3742200874408493,0.3033781648478821,0.3377282800176883,0.2864596844785554,0.312360935669778,persistence_t_plus_5,,75.0,5.0
104,71,0.8396194113950344,0.8916323132877458,1.312801746903543,1.343389320542378,0.6365793984628454,0.6454211405796971,0.705179680281584,0.7186648251870815,0.3134084994082971,0.3650239765908235,0.2987059845899742,0.3414864270677938,0.2816762003786319,0.3074939258800845,persistence_t_plus_5,,76.0,5.0
104,72,0.8319204405445352,0.8798164266728014,1.287423990097948,1.3383216051744593,0.6361863251536904,0.6463435693196405,0.7125228525557035,0.7175204322444101,0.3122035051224152,0.3491027889023804,0.3055280693116718,0.33898135848416,0.2756666820314982,0.302058493296624,persistence_t_plus_5,,77.0,5.0
104,73,0.8265806227269509,0.8684387439924517,1.267255329822478,1.3385811348491587,0.63572804744528,0.6431667529397691,0.7086755053417603,0.7114072628406879,0.3061126973600354,0.3370046108737998,0.3010994820541948,0.3418989274673469,0.2711852883965734,0.2966756554494968,persistence_t_plus_5,,78.0,5.0
104,74,0.8224805484675766,0.8580262176503937,1.2605859068722045,1.3419512405456366,0.6109103034453566,0.6430219608080618,0.6857829507454916,0.7152610702392495,0.3124313161506697,0.3350776889747678,0.2932270709978831,0.3237608297499441,0.267555044033668,0.292103905979412,persistence_t_plus_5,,79.0,5.0
104,75,0.8154857688081677,0.8467293609244928,1.2434112784879834,1.3316960380374308,0.5858364119785322,0.6403469321130189,0.6596556044873576,0.7246687276292345,0.2929481527091758,0.3249998652804162,0.2850466269664248,0.3033781648478821,0.2635456982605072,0.2864596844785554,persistence_t_plus_5,,80.0,5.0
104,76,0.8093082442945677,0.8396194113950344,1.213472067579728,1.312801746903543,0.6046030271394229,0.6365793984628454,0.6420389060177015,0.705179680281584,0.2605813333582736,0.3134084994082971,0.2899131045991361,0.2987059845899742,0.2583949000323784,0.2816762003786319,persistence_t_plus_5,,81.0,5.0
104,77,0.8067767488657542,0.8319204405445352,1.1817677714263288,1.287423990097948,0.5954558397187628,0.6361863251536904,0.6136345991936906,0.7125228525557035,0.2479631640607135,0.3122035051224152,0.2643089642566376,0.3055280693116718,0.2541201650058894,0.2756666820314982,persistence_t_plus_5,,82.0,5.0
104,78,0.805960542741362,0.8265806227269509,1.17802542200302,1.267255329822478,0.5387831194517105,0.63572804744528,0.5715924335049611,0.7086755053417603,0.2478837150124191,0.3061126973600354,0.2532974460136819,0.3010994820541948,0.2520227432930028,0.2711852883965734,persistence_t_plus_5,,83.0,5.0
104,79,0.8036729994531567,0.8224805484675766,1.170067930128445,1.2605859068722045,0.4747264140993301,0.6109103034453566,0.501702693028047,0.6857829507454916,0.2174786748780915,0.3124313161506697,0.2471717811684581,0.2932270709978831,0.2486633990173876,0.267555044033668,persistence_t_plus_5,,84.0,5.0
104,80,0.8021283904906241,0.8154857688081677,1.1468655557288947,1.2434112784879834,0.4212431613379114,0.5858364119785322,0.4212017188867469,0.6596556044873576,0.1897548112543364,0.2929481527091758,0.2370729083711213,0.2850466269664248,0.2465414574191038,0.2635456982605072,persistence_t_plus_5,,85.0,5.0
104,81,0.7993517115076271,0.8093082442945677,1.1375078873879036,1.213472067579728,0.4007159008005456,0.6046030271394229,0.4006839090315741,0.6420389060177015,0.1885361566549171,0.2605813333582736,0.2126593353764197,0.2899131045991361,0.2434651205495384,0.2583949000323784,persistence_t_plus_5,,86.0,5.0
104,82,0.7931460774326998,0.8067767488657542,1.1319921376971782,1.1817677714263288,0.3315239027900985,0.5954558397187628,0.3314877260078858,0.6136345991936906,0.187132450661147,0.2479631640607135,0.1968383542046374,0.2643089642566376,0.2399379111280236,0.2541201650058894,persistence_t_plus_5,,87.0,5.0
104,83,0.7869651694634703,0.805960542741362,1.1121926023485484,1.17802542200302,0.3252522245194198,0.5387831194517105,0.3252247937552697,0.5715924335049611,0.1857461204274141,0.2478837150124191,0.176906397444724,0.2532974460136819,0.2352203149946615,0.2520227432930028,persistence_t_plus_5,,88.0,5.0
104,84,0.7813236279830076,0.8036729994531567,1.00587185510123,1.170067930128445,0.2955805410633841,0.4747264140993301,0.295570956218212,0.501702693028047,0.1894262580682771,0.2174786748780915,0.1911478337429371,0.2471717811684581,0.2298395169547818,0.2486633990173876,persistence_t_plus_5,,89.0,5.0
104,85,0.7778232703619182,0.8021283904906241,1.0337095519713524,1.1468655557288947,0.3023834184828086,0.4212431613379114,0.3023745042302522,0.4212017188867469,0.1893547407457204,0.1897548112543364,0.1945310185801194,0.2370729083711213,0.2264061865235636,0.2465414574191038,persistence_t_plus_5,,90.0,5.0
104,86,0.7754325234335017,0.7993517115076271,1.0495084721086507,1.1375078873879036,0.3146930742018771,0.4007159008005456,0.3146853098468533,0.4006839090315741,0.1888239521485167,0.1885361566549171,0.2005673959506209,0.2126593353764197,0.2202190358853367,0.2434651205495384,persistence_t_plus_5,,91.0,5.0
104,87,0.7730980945779287,0.7931460774326998,1.0131932648544368,1.1319921376971782,0.3484281102009829,0.3315239027900985,0.3484242806528091,0.3314877260078858,0.1894780773571658,0.187132450661147,0.1516443321194978,0.1968383542046374,0.2158757357124711,0.2399379111280236,persistence_t_plus_5,,92.0,5.0
104,88,0.7682743456643186,0.7869651694634703,0.968319999939115,1.1121926023485484,0.3134647703135287,0.3252522245194198,0.3134429064514438,0.3252247937552697,0.1877146417885042,0.1857461204274141,0.1502178953064278,0.176906397444724,0.2142960416211978,0.2352203149946615,persistence_t_plus_5,,93.0,5.0
104,89,0.7622470161688778,0.7813236279830076,0.9689034468921638,1.00587185510123,0.3239942417698256,0.2955805410633841,0.3239735146505711,0.295570956218212,0.1872988339924396,0.1894262580682771,0.1498868226610209,0.1911478337429371,0.2094814886303995,0.2298395169547818,persistence_t_plus_5,,94.0,5.0
104,90,0.7640609357087444,0.7778232703619182,0.8161209993953933,1.0337095519713524,0.2296992254126324,0.3023834184828086,0.2296854893345868,0.3023745042302522,0.2009695180961636,0.1893547407457204,0.1608146822693628,0.1945310185801194,0.2126220200903928,0.2264061865235636,persistence_t_plus_5,,95.0,5.0
104,91,0.7613365066934736,0.7754325234335017,0.7575120122594365,1.0495084721086507,0.2355350954714272,0.3146930742018771,0.2355187292620144,0.3146853098468533,0.2060693872490012,0.1888239521485167,0.1648894723403796,0.2005673959506209,0.2084797535488554,0.2202190358853367,persistence_t_plus_5,,96.0,5.0
104,92,0.7607766362535356,0.7730980945779287,0.832960811033493,1.0131932648544368,0.2368986584497834,0.3484281102009829,0.2368839288613119,0.3484242806528091,0.2072648869839127,0.1894780773571658,0.165842475874191,0.1516443321194978,0.2050737289618191,0.2158757357124711,persistence_t_plus_5,,97.0,5.0
104,93,0.7619976292836443,0.7682743456643186,0.8497954976848954,0.968319999939115,0.2343105358593124,0.3134647703135287,0.234294198769127,0.3134429064514438,0.2050048300218638,0.1877146417885042,0.1640285243076369,0.1502178953064278,0.202333663434127,0.2142960416211978,persistence_t_plus_5,,98.0,5.0
104,94,0.7623576397013234,0.7622470161688778,0.908815947916406,0.9689034468921638,0.234476695234284,0.3239942417698256,0.2344619918531171,0.3239735146505711,0.2051519083604674,0.1872988339924396,0.1641437209495052,0.1498868226610209,0.1986183461633462,0.2094814886303995,persistence_t_plus_5,,99.0,5.0
104,95,0.7619052600800903,0.7640609357087444,0.9283489396448608,0.8161209993953933,0.2370235429777295,0.2296992254126324,0.2370066475273981,0.2296854893345868,0.2073754557717382,0.2009695180961636,0.1659165401237938,0.1608146822693628,0.1944449539081563,0.2126220200903928,persistence_t_plus_5,,100.0,5.0
104,96,0.7646087076987876,0.7613365066934736,0.8097000051237832,0.7575120122594365,0.2404831200390868,0.2355350954714272,0.2404649757410681,0.2355187292620144,0.2104179919317406,0.2060693872490012,0.1683437188797648,0.1648894723403796,0.1947464901453988,0.2084797535488554,persistence_t_plus_5,,101.0,5.0
104,97,0.7664014398005684,0.7607766362535356,0.9087300046114049,0.832960811033493,0.2401500294184292,0.2368986584497834,0.2401336995502124,0.2368839288613119,0.2101270114489113,0.2072648869839127,0.168110001960064,0.165842475874191,0.1918724960991347,0.2050737289618191,persistence_t_plus_5,,102.0,5.0
104,98,0.766954447976424,0.7619976292836443,0.9978570041502643,0.8497954976848954,0.2382618885036026,0.2343105358593124,0.2382471916222074,0.234294198769127,0.2084753145776593,0.2050048300218638,0.166787805182969,0.1640285243076369,0.1881740499081326,0.202333663434127,persistence_t_plus_5,,103.0,5.0
104,99,0.0,0.7623576397013234,0.0,0.908815947916406,0.0,0.234476695234284,0.0,0.2344619918531171,0.0,0.2051519083604674,0.0,0.1641437209495052,0.0,0.1986183461633462,persistence_t_plus_5,,104.0,5.0
104,100,0.0,0.7619052600800903,0.0,0.9283489396448608,0.0,0.2370235429777295,0.0,0.2370066475273981,0.0,0.2073754557717382,0.0,0.1659165401237938,0.0,0.1944449539081563,persistence_t_plus_5,,105.0,5.0
104,101,0.0,0.7646087076987876,0.0,0.8097000051237832,0.0,0.2404831200390868,0.0,0.2404649757410681,0.0,0.2104179919317406,0.0,0.1683437188797648,0.0,0.1947464901453988,persistence_t_plus_5,,106.0,5.0
104,102,0.0,0.7664014398005684,0.0,0.9087300046114049,0.0,0.2401500294184292,0.0,0.2401336995502124,0.0,0.2101270114489113,0.0,0.168110001960064,0.0,0.1918724960991347,persistence_t_plus_5,,107.0,5.0
104,103,0.0,0.766954447976424,0.0,0.9978570041502643,0.0,0.2382618885036026,0.0,0.2382471916222074,0.0,0.2084753145776593,0.0,0.166787805182969,0.0,0.1881740499081326,persistence_t_plus_5,,108.0,5.0
104,104,0.0,0.0,0.0,0.0,0.0,0.0,0.0,0.0,0.0,0.0,0.0,0.0,0.0,0.0,persistence_t_plus_5,,109.0,5.0
104,105,0.0,0.0,0.0,0.0,0.0,0.0,0.0,0.0,0.0,0.0,0.0,0.0,0.0,0.0,persistence_t_plus_5,,110.0,5.0
104,106,0.0,0.0,0.0,0.0,0.0,0.0,0.0,0.0,0.0,0.0,0.0,0.0,0.0,0.0,persistence_t_plus_5,,111.0,5.0
104,107,0.0,0.0,0.0,0.0,0.0,0.0,0.0,0.0,0.0,0.0,0.0,0.0,0.0,0.0,persistence_t_plus_5,,112.0,5.0
104,108,0.0,0.0,0.0,0.0,0.0,0.0,0.0,0.0,0.0,0.0,0.0,0.0,0.0,0.0,persistence_t_plus_5,,113.0,5.0
104,109,0.0,0.0,0.0,0.0,0.0,0.0,0.0,0.0,0.0,0.0,0.0,0.0,0.0,0.0,persistence_t_plus_5,,114.0,5.0
104,110,0.0,0.0,0.0,0.0,0.0,0.0,0.0,0.0,0.0,0.0,0.0,0.0,0.0,0.0,persistence_t_plus_5,,115.0,5.0
104,111,0.0,0.0,0.0,0.0,0.0,0.0,0.0,0.0,0.0,0.0,0.0,0.0,0.0,0.0,persistence_t_plus_5,,116.0,5.0
104,112,0.0,0.0,0.0,0.0,0.0,0.0,0.0,0.0,0.0,0.0,0.0,0.0,0.0,0.0,persistence_t_plus_5,,117.0,5.0
104,113,0.0,0.0,0.0,0.0,0.0,0.0,0.0,0.0,0.0,0.0,0.0,0.0,0.0,0.0,persistence_t_plus_5,,118.0,5.0
104,114,0.0,0.0,0.0,0.0,0.0,0.0,0.0,0.0,0.0,0.0,0.0,0.0,0.0,0.0,persistence_t_plus_5,,119.0,5.0
107,0,0.910401604198761,0.814284620503459,0.2553729726329001,0.4213477021364857,0.2935758372037009,0.5331520810910546,0.2959072112150363,0.52746027528933,0.2822410364960989,0.5445632973951474,0.2305687325557911,0.4195786104010203,0.190326728297592,0.3884838437833017,persistence_t_plus_5,,5.0,5.0
107,1,0.8085027187865989,0.6411167767247635,0.2142821127856077,0.2781419546152247,0.2540933335556867,0.331716857015381,0.2616269062522793,0.3419337731601972,0.244912729937316,0.3475252179157763,0.2059122061162742,0.275096370869535,0.1570289575966009,0.2511106318606005,persistence_t_plus_5,,6.0,5.0
107,2,0.799527612397603,0.682688470376792,0.2095156507868584,0.260089606828615,0.248013232193217,0.2885582169377283,0.2571394085246068,0.2915518492312571,0.235310348706084,0.29147619475638,0.206746099512131,0.2312118034217514,0.1451404217674574,0.2156175797687238,persistence_t_plus_5,,7.0,5.0
107,3,0.9024673172459184,0.7565622884976912,0.2361748090850737,0.25481820755466,0.272566994188165,0.2631554507577512,0.2931278585874723,0.2690840154664947,0.2621984168535458,0.2649704340985027,0.2327772248477136,0.2116493879098915,0.1552067554032487,0.1995120703034353,persistence_t_plus_5,,8.0,5.0
107,4,0.9593701503498446,0.8936649940979801,0.2469017319279185,0.2749141136858741,0.2871724795115187,0.2926090993997444,0.3161323350390684,0.299728451471524,0.2790028577760204,0.2889865749253473,0.251353510894208,0.2326599839630922,0.1595700142316319,0.2056105506671135,persistence_t_plus_5,,9.0,5.0
107,5,0.9887549850615708,0.910401604198761,0.2537952327441228,0.2553729726329001,0.2989234614237406,0.2935758372037009,0.3327228910802587,0.2959072112150363,0.2903299553040145,0.2822410364960989,0.2604483732097444,0.2305687325557911,0.1615244005983857,0.190326728297592,persistence_t_plus_5,,10.0,5.0
107,6,0.9931679916353492,0.8085027187865989,0.2584929111600821,0.2142821127856077,0.3037354059561989,0.2540933335556867,0.3418689294205465,0.2616269062522793,0.2982466342309926,0.244912729937316,0.2606248982633077,0.2059122061162742,0.1609715610004773,0.1570289575966009,persistence_t_plus_5,,11.0,5.0
107,7,0.9554397059060372,0.799527612397603,0.2529686752702261,0.2095156507868584,0.3025176387113658,0.248013232193217,0.3358426422725457,0.2571394085246068,0.294638772666966,0.235310348706084,0.2546271974515356,0.206746099512131,0.1541657563740746,0.1451404217674574,persistence_t_plus_5,,12.0,5.0
107,8,0.9455265855633024,0.9024673172459184,0.2609723397554871,0.2361748090850737,0.2997829174137056,0.272566994188165,0.3353176281363911,0.2931278585874723,0.293637526544412,0.2621984168535458,0.2507896417010992,0.2327772248477136,0.1525302095942233,0.1552067554032487,persistence_t_plus_5,,13.0,5.0
107,9,0.94823134256702,0.9593701503498446,0.2721183669894523,0.2469017319279185,0.3042130064549299,0.2871724795115187,0.3386522570313405,0.3161323350390684,0.2955468710817342,0.2790028577760204,0.2566083739726814,0.251353510894208,0.1530141374692402,0.1595700142316319,persistence_t_plus_5,,14.0,5.0
107,10,1.011735263724093,0.9887549850615708,0.2974774525518273,0.2537952327441228,0.3224750229346487,0.2989234614237406,0.365515482656874,0.3327228910802587,0.3118756052762142,0.2903299553040145,0.2724311263342639,0.2604483732097444,0.1630565416561976,0.1615244005983857,persistence_t_plus_5,,15.0,5.0
107,11,1.024104399751556,0.9931679916353492,0.30543488789811,0.2584929111600821,0.3276156303916815,0.3037354059561989,0.3760171896112559,0.3418689294205465,0.3197020177236558,0.2982466342309926,0.2790540127725828,0.2606248982633077,0.1655461686811963,0.1609715610004773,persistence_t_plus_5,,16.0,5.0
107,12,1.014485899523892,0.9554397059060372,0.3139442256487265,0.2529686752702261,0.3295375061548929,0.3025176387113658,0.3797114633033708,0.3358426422725457,0.3238061257771408,0.294638772666966,0.2813967557488779,0.2546271974515356,0.1656861234913162,0.1541657563740746,persistence_t_plus_5,,17.0,5.0
107,13,1.0377665000180305,0.9455265855633024,0.332646558725891,0.2609723397554871,0.3421544446479604,0.2997829174137056,0.3962118182212323,0.3353176281363911,0.3342992912460394,0.293637526544412,0.2902965762344965,0.2507896417010992,0.1710084911772633,0.1525302095942233,persistence_t_plus_5,,18.0,5.0
107,14,1.0201402765706098,0.94823134256702,0.335420254721877,0.2721183669894523,0.3425711596775415,0.3042130064549299,0.3960517746124185,0.3386522570313405,0.3306257188643197,0.2955468710817342,0.2882267229773216,0.2566083739726814,0.1694453941485055,0.1530141374692402,persistence_t_plus_5,,19.0,5.0
107,15,1.0137366290211005,1.011735263724093,0.3427639104090366,0.2974774525518273,0.3419896968165922,0.3224750229346487,0.3995542012025345,0.365515482656874,0.3313492363621629,0.3118756052762142,0.2866359951871606,0.2724311263342639,0.1696124951773882,0.1630565416561976,persistence_t_plus_5,,20.0,5.0
107,16,1.0149462794247912,1.024104399751556,0.3554425284189389,0.30543488789811,0.3452697330903668,0.3276156303916815,0.4044763258415556,0.3760171896112559,0.3340202581641123,0.3197020177236558,0.2877443808896006,0.2790540127725828,0.1713693231376295,0.1655461686811963,persistence_t_plus_5,,21.0,5.0
107,17,1.0292408688612924,1.014485899523892,0.3727667010280688,0.3139442256487265,0.3502024675234725,0.3295375061548929,0.4153400206192771,0.3797114633033708,0.3409481259730864,0.3238061257771408,0.2918752092744029,0.2813967557488779,0.1753918030215137,0.1656861234913162,persistence_t_plus_5,,22.0,5.0
107,18,1.0596501048270697,1.0377665000180305,0.3932873794790679,0.332646558725891,0.3608925243277157,0.3421544446479604,0.4334581480271274,0.3962118182212323,0.3529752481964291,0.3342992912460394,0.3040947857535942,0.2902965762344965,0.1819955693748669,0.1710084911772633,persistence_t_plus_5,,23.0,5.0
107,19,1.0857359774550828,1.0201402765706098,0.413294846980386,0.335420254721877,0.3716880055024169,0.3425711596775415,0.4510385878777792,0.3960517746124185,0.3646593646284282,0.3306257188643197,0.3136660318710422,0.2882267229773216,0.1883897115849927,0.1694453941485055,persistence_t_plus_5,,24.0,5.0
107,20,1.1172524056276958,1.0137366290211005,0.4393279749994001,0.3427639104090366,0.3871331005105555,0.3419896968165922,0.4717117128052381,0.3995542012025345,0.3767871323857312,0.3313492363621629,0.3221695242253731,0.2866359951871606,0.1965426422207167,0.1696124951773882,persistence_t_plus_5,,25.0,5.0
107,21,1.1304300693110088,1.0149462794247912,0.4589153927271153,0.3554425284189389,0.394078618247018,0.3452697330903668,0.4852205704667501,0.4044763258415556,0.386499992221222,0.3340202581641123,0.3273023456661362,0.2877443808896006,0.201913624432817,0.1713693231376295,persistence_t_plus_5,,26.0,5.0
107,22,1.1399792664337902,1.0292408688612924,0.4795575133141974,0.3727667010280688,0.4017653018684653,0.3502024675234725,0.4974879556898943,0.4153400206192771,0.3945275854812407,0.3409481259730864,0.3328005770531809,0.2918752092744029,0.2070544876417154,0.1753918030215137,persistence_t_plus_5,,27.0,5.0
107,23,1.1347571181646658,1.0596501048270697,0.4939609993278742,0.3932873794790679,0.4059990995588794,0.3608925243277157,0.502771901501699,0.4334581480271274,0.397932119646421,0.3529752481964291,0.3327807671837683,0.3040947857535942,0.2094925338759041,0.1819955693748669,persistence_t_plus_5,,28.0,5.0
107,24,1.1500770523191182,1.0857359774550828,0.5185726349270818,0.413294846980386,0.4165055711568372,0.3716880055024169,0.5176850210024293,0.4510385878777792,0.4070874241549936,0.3646593646284282,0.3404328390406294,0.3136660318710422,0.2157556255859634,0.1883897115849927,persistence_t_plus_5,,29.0,5.0
107,25,1.170694186609458,1.1172524056276958,0.5464251258258511,0.4393279749994001,0.4272994301157553,0.3871331005105555,0.5349056256262928,0.4717117128052381,0.41900211681747,0.3767871323857312,0.3478882358985204,0.3221695242253731,0.2231945578145052,0.1965426422207167,persistence_t_plus_5,,30.0,5.0
107,26,1.1963451261286515,1.1304300693110088,0.5734612792627024,0.4589153927271153,0.4397079987528001,0.394078618247018,0.5546715979386043,0.4852205704667501,0.4329932717292894,0.386499992221222,0.3574691999721239,0.3273023456661362,0.2314060662816386,0.201913624432817,persistence_t_plus_5,,31.0,5.0
107,27,1.2205569373729594,1.1399792664337902,0.6044730824670851,0.4795575133141974,0.4526999748069391,0.4017653018684653,0.5739519067942521,0.4974879556898943,0.445495887259165,0.3945275854812407,0.3677073410489859,0.3328005770531809,0.2402638187750494,0.2070544876417154,persistence_t_plus_5,,32.0,5.0
107,28,1.2272629419075352,1.1347571181646658,0.6271514479377799,0.4939609993278742,0.4600809291710132,0.4059990995588794,0.586375431147008,0.502771901501699,0.4531820143147381,0.397932119646421,0.3737544222630988,0.3327807671837683,0.2459781073956991,0.2094925338759041,persistence_t_plus_5,,33.0,5.0
107,29,1.2517277477291775,1.1500770523191182,0.6594781088551595,0.5185726349270818,0.4732537591650555,0.4165055711568372,0.6074427552537731,0.5176850210024293,0.4667511530242003,0.4070874241549936,0.3854372262146825,0.3404328390406294,0.2553708719926132,0.2157556255859634,persistence_t_plus_5,,34.0,5.0
107,30,1.2763603673945596,1.170694186609458,0.6951850122237598,0.5464251258258511,0.4875784353484344,0.4272994301157553,0.6296745003801775,0.5349056256262928,0.4821799595974607,0.41900211681747,0.3962811975803671,0.3478882358985204,0.2655610817125834,0.2231945578145052,persistence_t_plus_5,,35.0,5.0
107,31,1.2921831767756242,1.1963451261286515,0.7269500041714408,0.5734612792627024,0.498519703973121,0.4397079987528001,0.6484024356558002,0.5546715979386043,0.4951858507639333,0.4329932717292894,0.4065056073310468,0.3574691999721239,0.27430148057634,0.2314060662816386,persistence_t_plus_5,,36.0,5.0
107,32,1.294055159200793,1.2205569373729594,0.7507084651738442,0.6044730824670851,0.5062608288542039,0.4526999748069391,0.6614533624892616,0.5739519067942521,0.5029875470425336,0.445495887259165,0.4119329442295551,0.3677073410489859,0.2802295201854154,0.2402638187750494,persistence_t_plus_5,,37.0,5.0
107,33,1.2923374706263713,1.2272629419075352,0.7757890952766568,0.6271514479377799,0.5134628051078788,0.4600809291710132,0.6733992987685088,0.586375431147008,0.5099612307501139,0.4531820143147381,0.4165068782296696,0.3737544222630988,0.2858551227585665,0.2459781073956991,persistence_t_plus_5,,38.0,5.0
107,34,1.301503659876433,1.2517277477291775,0.8085538827485802,0.6594781088551595,0.525432597977094,0.4732537591650555,0.6917448953570394,0.6074427552537731,0.5217070366207135,0.4667511530242003,0.4256618310643213,0.3854372262146825,0.294047398845235,0.2553708719926132,persistence_t_plus_5,,39.0,5.0
107,35,1.3132838080393217,1.2763603673945596,0.8439912069485681,0.6951850122237598,0.538354598740109,0.4875784353484344,0.7120655760963255,0.6296745003801775,0.534409004451985,0.4821799595974607,0.4362347724404453,0.3962811975803671,0.3030547406652785,0.2655610817125834,persistence_t_plus_5,,40.0,5.0
107,36,1.3189296704352913,1.2921831767756242,0.877040172416626,0.7269500041714408,0.5498612190889528,0.498519703973121,0.7298243446590943,0.6484024356558002,0.5459256017106702,0.4951858507639333,0.4451112790324099,0.4065056073310468,0.3110163377844746,0.27430148057634,persistence_t_plus_5,,41.0,5.0
107,37,1.3199186624118535,1.294055159200793,0.9079939444183708,0.7507084651738442,0.5601322105983731,0.5062608288542039,0.7458120193388573,0.6614533624892616,0.5557455975120653,0.5029875470425336,0.4529120925830155,0.4119329442295551,0.3181236683547698,0.2802295201854154,persistence_t_plus_5,,42.0,5.0
107,38,1.319135265152973,1.2923374706263713,0.939648830954561,0.7757890952766568,0.5694632715592525,0.5134628051078788,0.7614285800238358,0.6733992987685088,0.5658137219691243,0.5099612307501139,0.4608980780232788,0.4165068782296696,0.3250886449476562,0.2858551227585665,persistence_t_plus_5,,43.0,5.0
107,39,1.317549676679419,1.301503659876433,0.9710043827978156,0.8085538827485802,0.5790459666112193,0.525432597977094,0.7771574855399256,0.6917448953570394,0.5754437821409112,0.5217070366207135,0.469131056345129,0.4256618310643213,0.331916029274265,0.294047398845235,persistence_t_plus_5,,44.0,5.0
107,40,1.3114777917805471,1.3132838080393217,1.0016605106423395,0.8439912069485681,0.5876327837998213,0.538354598740109,0.7910704972855243,0.7120655760963255,0.5843445251292557,0.534409004451985,0.4762911292966173,0.4362347724404453,0.3380535087494465,0.3030547406652785,persistence_t_plus_5,,45.0,5.0
107,41,1.3010220248927769,1.3189296704352913,1.0296910884151056,0.877040172416626,0.5943935473261804,0.5498612190889528,0.8027044449641747,0.7298243446590943,0.5913629168063658,0.5459256017106702,0.4822460323688008,0.4451112790324099,0.3430766922508802,0.3110163377844746,persistence_t_plus_5,,46.0,5.0
107,42,1.288579182108044,1.3199186624118535,1.0564390054459385,0.9079939444183708,0.6004655753620661,0.5601322105983731,0.8136245530064798,0.7458120193388573,0.5980151511844409,0.5557455975120653,0.4874606859973268,0.4529120925830155,0.3475223606974206,0.3181236683547698,persistence_t_plus_5,,47.0,5.0
107,43,1.2739267747308238,1.319135265152973,1.082112574479215,0.939648830954561,0.6055576446654595,0.5694632715592525,0.823166817913402,0.7614285800238358,0.6034487366603238,0.5658137219691243,0.4921649827967668,0.4608980780232788,0.3512874513243034,0.3250886449476562,persistence_t_plus_5,,48.0,5.0
107,44,1.2573485782833376,1.317549676679419,1.104857298851325,0.9710043827978156,0.6098859353576304,0.5790459666112193,0.8316059098436893,0.7771574855399256,0.6080550330794049,0.5754437821409112,0.4959084749230968,0.469131056345129,0.3541442721168417,0.331916029274265,persistence_t_plus_5,,49.0,5.0
107,45,1.2365957192321335,1.3114777917805471,1.1252334694658996,1.0016605106423395,0.6117285935266528,0.5876327837998213,0.8368164572097393,0.7910704972855243,0.6103775486550721,0.5843445251292557,0.4979376704264147,0.4762911292966173,0.3557275340748575,0.3380535087494465,persistence_t_plus_5,,50.0,5.0
107,46,1.217859938371541,1.3010220248927769,1.1458630448571816,1.0296910884151056,0.6143136128294501,0.5943935473261804,0.8432874059168457,0.8027044449641747,0.6134803195186186,0.5913629168063658,0.5005818643993619,0.4822460323688008,0.3573381380000146,0.3430766922508802,persistence_t_plus_5,,51.0,5.0
107,47,1.1976632025123266,1.288579182108044,1.1652751390904397,1.0564390054459385,0.6157090465130213,0.6004655753620661,0.8481801760642944,0.8136245530064798,0.6154581150679842,0.5980151511844409,0.5023098803927524,0.4874606859973268,0.3581935690672876,0.3475223606974206,persistence_t_plus_5,,52.0,5.0
107,48,1.175278254188231,1.2739267747308238,1.1839790270812485,1.082112574479215,0.6155837707006019,0.6055576446654595,0.850931059964258,0.823166817913402,0.6159572615090612,0.6034487366603238,0.5028834187227632,0.4921649827967668,0.3582201066540418,0.3512874513243034,persistence_t_plus_5,,53.0,5.0
107,49,1.1533464676958989,1.2573485782833376,1.2030705181993058,1.104857298851325,0.6156291557210029,0.6098859353576304,0.8528965485442723,0.8316059098436893,0.6152964553444128,0.6080550330794049,0.5022018808127814,0.4959084749230968,0.3580733925555663,0.3541442721168417,persistence_t_plus_5,,54.0,5.0
107,50,1.1305454694094816,1.2365957192321335,1.2201584247046815,1.1252334694658996,0.6147299199780251,0.6117285935266528,0.8521552889106405,0.8368164572097393,0.6122496090740325,0.6103775486550721,0.5007085988531266,0.4979376704264147,0.3570752714877507,0.3557275340748575,persistence_t_plus_5,,55.0,5.0
107,51,1.1076168982941468,1.217859938371541,1.238713400068647,1.1458630448571816,0.6126964756148088,0.6143136128294501,0.8512071968381253,0.8432874059168457,0.6096548147816659,0.6134803195186186,0.4976225217284934,0.5005818643993619,0.3558101797472134,0.3573381380000146,persistence_t_plus_5,,56.0,5.0
107,52,1.0865579836820636,1.1976632025123266,1.2581794730838272,1.1652751390904397,0.6115710447335134,0.6157090465130213,0.8482264736273687,0.8481801760642944,0.6042373538342996,0.6154581150679842,0.493138705314272,0.5023098803927524,0.3541492731000311,0.3581935690672876,persistence_t_plus_5,,57.0,5.0
107,53,1.066034696932555,1.175278254188231,1.2766997151445902,1.1839790270812485,0.6088158969012025,0.6155837707006019,0.8450969338449292,0.850931059964258,0.5987821840735745,0.6159572615090612,0.4900228998255023,0.5028834187227632,0.3517827140479842,0.3582201066540418,persistence_t_plus_5,,58.0,5.0
107,54,1.0451949873177688,1.1533464676958989,1.2924844640423947,1.2030705181993058,0.604643033425358,0.6156291557210029,0.8373699563052841,0.8528965485442723,0.5917002555382282,0.6152964553444128,0.4870813575218136,0.5022018808127814,0.3488341090787273,0.3580733925555663,persistence_t_plus_5,,59.0,5.0
107,55,1.026311186262595,1.1305454694094816,1.310597202155188,1.2201584247046815,0.5979984927831948,0.6147299199780251,0.8300389773244392,0.8521552889106405,0.5863106477260809,0.6122496090740325,0.4792662270961905,0.5007085988531266,0.3456971611237063,0.3570752714877507,persistence_t_plus_5,,60.0,5.0
107,56,1.009477715124124,1.1076168982941468,1.3253244711552212,1.238713400068647,0.5961791732703305,0.6126964756148088,0.8227248405386921,0.8512071968381253,0.5779869102357525,0.6096548147816659,0.4770425130361299,0.4976225217284934,0.3429006358578789,0.3558101797472134,persistence_t_plus_5,,61.0,5.0
107,57,0.993317543279474,1.0865579836820636,1.334524697331139,1.2581794730838272,0.59087750544743,0.6115710447335134,0.8150219603068012,0.8482264736273687,0.5656593396665137,0.6042373538342996,0.4725886479795989,0.493138705314272,0.3402634955704507,0.3541492731000311,persistence_t_plus_5,,62.0,5.0
107,58,0.978502713290218,1.066034696932555,1.3448670241047134,1.2766997151445902,0.5882052501687266,0.6088158969012025,0.8034588555881413,0.8450969338449292,0.5568773996266723,0.5987821840735745,0.4623403906689728,0.4900228998255023,0.3370691051406745,0.3517827140479842,persistence_t_plus_5,,63.0,5.0
107,59,0.962517165624892,1.0451949873177688,1.355776616937585,1.2924844640423947,0.5813694229014862,0.604643033425358,0.7940605013863211,0.8373699563052841,0.5501908632235455,0.5917002555382282,0.4600739384366314,0.4870813575218136,0.3331377958848087,0.3488341090787273,persistence_t_plus_5,,64.0,5.0
107,60,0.9483428363151112,1.026311186262595,1.3617122704801914,1.310597202155188,0.5719430899297986,0.5979984927831948,0.7852345718920357,0.8300389773244392,0.5428081560080174,0.5863106477260809,0.4545386467504941,0.4792662270961905,0.3295980429775194,0.3456971611237063,persistence_t_plus_5,,65.0,5.0
107,61,0.9351028190021572,1.009477715124124,1.3723243269441443,1.3253244711552212,0.566882536490103,0.5961791732703305,0.7724754198230757,0.8227248405386921,0.5299332888408503,0.5779869102357525,0.4408648851262815,0.4770425130361299,0.3255914692283936,0.3429006358578789,persistence_t_plus_5,,66.0,5.0
107,62,0.9235194107726948,0.993317543279474,1.3785329453606396,1.334524697331139,0.5589413773453717,0.59087750544743,0.756047274881124,0.8150219603068012,0.51984140932906,0.5656593396665137,0.4351973513281179,0.4725886479795989,0.3218562781506775,0.3402634955704507,persistence_t_plus_5,,67.0,5.0
107,63,0.9125546143475336,0.978502713290218,1.376701628177778,1.3448670241047134,0.547043363144285,0.5882052501687266,0.7369326088539938,0.8034588555881413,0.50521204886253,0.5568773996266723,0.4320056436319901,0.4623403906689728,0.318279430830705,0.3370691051406745,persistence_t_plus_5,,68.0,5.0
107,64,0.9009343249533596,0.962517165624892,1.3741336120661976,1.355776616937585,0.5352052390915795,0.5813694229014862,0.7237061387409698,0.7940605013863211,0.4972700241897881,0.5501908632235455,0.4143495682188105,0.4600739384366314,0.3142099472113296,0.3331377958848087,persistence_t_plus_5,,69.0,5.0
107,65,0.8908093868865704,0.9483428363151112,1.3632981765972585,1.3617122704801914,0.5300826423503251,0.5719430899297986,0.7134051072805658,0.7852345718920357,0.4952074624958267,0.5428081560080174,0.4020124988023994,0.4545386467504941,0.3096049895784966,0.3295980429775194,persistence_t_plus_5,,70.0,5.0
107,66,0.8808328109437348,0.9351028190021572,1.3619160674456892,1.3723243269441443,0.5252783327145153,0.566882536490103,0.7023186598352322,0.7724754198230757,0.4866898960866677,0.5299332888408503,0.4022943558147626,0.4408648851262815,0.3046065721447589,0.3255914692283936,persistence_t_plus_5,,71.0,5.0
107,67,0.8692803945833493,0.9235194107726948,1.3712802690240236,1.3785329453606396,0.5166227281289277,0.5589413773453717,0.6946910114711439,0.756047274881124,0.4680458971602049,0.51984140932906,0.382321815799038,0.4351973513281179,0.2992506785988852,0.3218562781506775,persistence_t_plus_5,,72.0,5.0
107,68,0.8592302131001036,0.9125546143475336,1.3614071287144345,1.376701628177778,0.5308000468515774,0.547043363144285,0.6948733807235752,0.7369326088539938,0.4526002202063072,0.50521204886253,0.372890787022496,0.4320056436319901,0.2942245105428832,0.318279430830705,persistence_t_plus_5,,73.0,5.0
107,69,0.8486220581665382,0.9009343249533596,1.3637976749083192,1.3741336120661976,0.541387719108369,0.5352052390915795,0.6885926586504747,0.7237061387409698,0.4211002865289929,0.4972700241897881,0.355261968857923,0.4143495682188105,0.2890268609783673,0.3142099472113296,persistence_t_plus_5,,74.0,5.0
107,70,0.8397702246214666,0.8908093868865704,1.3747026958129875,1.3632981765972585,0.5469280799031172,0.5300826423503251,0.6690859340197014,0.7134051072805658,0.3836847500306087,0.4952074624958267,0.3239439900019162,0.4020124988023994,0.2844981995111389,0.3096049895784966,persistence_t_plus_5,,75.0,5.0
107,71,0.8319177499881986,0.8808328109437348,1.3737971843061865,1.3619160674456892,0.5505975876307763,0.5252783327145153,0.6595524958544583,0.7023186598352322,0.3508066173386449,0.4866898960866677,0.3313350054406038,0.4022943558147626,0.2810217426783136,0.3046065721447589,persistence_t_plus_5,,76.0,5.0
107,72,0.8250004103270558,0.8692803945833493,1.3752368376297277,1.3712802690240236,0.5419574373628271,0.5166227281289277,0.6404641938081659,0.6946910114711439,0.320145617927173,0.4680458971602049,0.3089628222090184,0.382321815799038,0.2773206567257789,0.2992506785988852,persistence_t_plus_5,,77.0,5.0
107,73,0.8181442964371411,0.8592302131001036,1.3689974241335423,1.3614071287144345,0.5452271336218049,0.5308000468515774,0.6375336762661228,0.6948733807235752,0.3071206543200568,0.4526002202063072,0.2809086517392742,0.372890787022496,0.2729425090111032,0.2942245105428832,persistence_t_plus_5,,78.0,5.0
107,74,0.8128845015319933,0.8486220581665382,1.3548076058129292,1.3637976749083192,0.4920639040793609,0.541387719108369,0.5828372416110521,0.6885926586504747,0.2963150608719199,0.4211002865289929,0.2672267157020435,0.355261968857923,0.2693200980810924,0.2890268609783673,persistence_t_plus_5,,79.0,5.0
107,75,0.8111713109007308,0.8397702246214666,1.3446052175390135,1.3747026958129875,0.464359136925159,0.5469280799031172,0.5509494125954142,0.6690859340197014,0.281068341431318,0.3836847500306087,0.26129314205836,0.3239439900019162,0.2672190063074374,0.2844981995111389,persistence_t_plus_5,,80.0,5.0
107,76,0.8053188696489164,0.8319177499881986,1.3375744756210526,1.3737971843061865,0.4322909042993584,0.5505975876307763,0.5158737891232011,0.6595524958544583,0.2770702846670434,0.3508066173386449,0.2422463781366396,0.3313350054406038,0.2616111431245536,0.2810217426783136,persistence_t_plus_5,,81.0,5.0
107,77,0.7983655053135768,0.8250004103270558,1.3280636974890243,1.3752368376297277,0.4076018315819281,0.5419574373628271,0.4859280472343414,0.6404641938081659,0.2711925196084006,0.320145617927173,0.237223992607007,0.3089628222090184,0.2567859727036883,0.2773206567257789,persistence_t_plus_5,,82.0,5.0
107,78,0.7927836022547627,0.8181442964371411,1.331330133647577,1.3689974241335423,0.3898936977640043,0.5452271336218049,0.4563967394030447,0.6375336762661228,0.2594914548302428,0.3071206543200568,0.2263938128001177,0.2809086517392742,0.2533925787402181,0.2729425090111032,persistence_t_plus_5,,83.0,5.0
107,79,0.7906115113805698,0.8128845015319933,1.2911064103717045,1.3548076058129292,0.3680030737134653,0.4920639040793609,0.4164636583745171,0.5828372416110521,0.2147255538097655,0.2963150608719199,0.2302317197437557,0.2672267157020435,0.2507211243815601,0.2693200980810924,persistence_t_plus_5,,84.0,5.0
107,80,0.7876832359512761,0.8111713109007308,1.2462966056636642,1.3446052175390135,0.3461427020351529,0.464359136925159,0.4043009027501445,0.5509494125954142,0.2255906491952371,0.281068341431318,0.2502269884704789,0.26129314205836,0.2473621848490018,0.2672190063074374,persistence_t_plus_5,,85.0,5.0
107,81,0.7851691142049219,0.8053188696489164,1.1932897558792257,1.3375744756210526,0.313824634526014,0.4322909042993584,0.3860383201583481,0.5158737891232011,0.2413943459788648,0.2770702846670434,0.2799249987758885,0.2422463781366396,0.2459750740235269,0.2616111431245536,persistence_t_plus_5,,86.0,5.0
107,82,0.7835887479262245,0.7983655053135768,1.1787752623688414,1.3280636974890243,0.2737657797473506,0.4076018315819281,0.3270860297513165,0.4859280472343414,0.2227649408334794,0.2711925196084006,0.2423653111659409,0.237223992607007,0.2421346427029332,0.2567859727036883,persistence_t_plus_5,,87.0,5.0
107,83,0.7796182235071668,0.7927836022547627,1.175663890244898,1.331330133647577,0.2806981379706831,0.3898936977640043,0.3387410633614157,0.4563967394030447,0.2273519423613957,0.2594914548302428,0.2225955396124568,0.2263938128001177,0.2367861098446608,0.2533925787402181,persistence_t_plus_5,,88.0,5.0
107,84,0.7768862812550632,0.7906115113805698,1.1594924834410656,1.2911064103717045,0.2951252379204707,0.3680030737134653,0.3280100218368216,0.4164636583745171,0.2046248234014281,0.2147255538097655,0.2032644159723781,0.2302317197437557,0.2349757714374854,0.2507211243815601,persistence_t_plus_5,,89.0,5.0
107,85,0.774085399470853,0.7876832359512761,1.1795975617656822,1.2462966056636642,0.3001570399399821,0.3461427020351529,0.3354090938160844,0.4043009027501445,0.2051984410735929,0.2255906491952371,0.2065513630405417,0.2502269884704789,0.2300573761026381,0.2473621848490018,persistence_t_plus_5,,90.0,5.0
107,86,0.7719118675540879,0.7851691142049219,1.2337447629962484,1.1932897558792257,0.2335658361228229,0.313824634526014,0.2335298589565467,0.3860383201583481,0.165009760986171,0.2413943459788648,0.132027100439904,0.2799249987758885,0.2368593980296922,0.2459750740235269,persistence_t_plus_5,,91.0,5.0
107,87,0.7686051121797683,0.7835887479262245,1.151317943760385,1.1787752623688414,0.25110292178117,0.2737657797473506,0.2510780565738603,0.3270860297513165,0.171624664976785,0.2227649408334794,0.1373049742049385,0.2423653111659409,0.2343169557239816,0.2421346427029332,persistence_t_plus_5,,92.0,5.0
107,88,0.7679156426848799,0.7796182235071668,1.17450748280446,1.175663890244898,0.1954054061605724,0.2806981379706831,0.1953807196861517,0.3387410633614157,0.1709810506025406,0.2273519423613957,0.136793823509532,0.2225955396124568,0.2333432560636668,0.2367861098446608,persistence_t_plus_5,,93.0,5.0
107,89,0.7643453139945234,0.7768862812550632,1.0523082676311477,1.1594924834410656,0.1990788991427007,0.2951252379204707,0.1990618455233348,0.3280100218368216,0.174200398527196,0.2046248234014281,0.1393617353495689,0.2032644159723781,0.2336096671229211,0.2349757714374854,persistence_t_plus_5,,94.0,5.0
107,90,0.7603218247932908,0.774085399470853,1.046298221585282,1.1795975617656822,0.2013138305830162,0.3001570399399821,0.2012972572851689,0.3354090938160844,0.1761538547977973,0.2051984410735929,0.1409185659199202,0.2065513630405417,0.2307043034366946,0.2300573761026381,persistence_t_plus_5,,95.0,5.0
107,91,0.7580591669570789,0.7719118675540879,1.0341813694826896,1.2337447629962484,0.2040149165371418,0.2335658361228229,0.2040012621887771,0.2335298589565467,0.1785218820229353,0.165009760986171,0.142807802725835,0.132027100439904,0.2253765391959163,0.2368593980296922,persistence_t_plus_5,,96.0,5.0
107,92,0.7560845845914766,0.7686051121797683,1.0567632325344205,1.151317943760385,0.2043669227340425,0.25110292178117,0.2043546338205143,0.2510780565738603,0.1788290044399299,0.171624664976785,0.1430544709486819,0.1373049742049385,0.2200663337717551,0.2343169557239816,persistence_t_plus_5,,97.0,5.0
107,93,0.7526777562575953,0.7679156426848799,1.0526875916962524,1.17450748280446,0.1969972364980403,0.1954054061605724,0.1969937178856651,0.1953807196861517,0.1723769847378967,0.1709810506025406,0.1379071883538787,0.136793823509532,0.2197587487756052,0.2333432560636668,persistence_t_plus_5,,98.0,5.0
107,94,0.7500860860286381,0.7643453139945234,1.039962950756722,1.0523082676311477,0.1967057824891062,0.1990788991427007,0.1967085973074007,0.1990618455233348,0.172118698438021,0.174200398527196,0.1377106545420666,0.1393617353495689,0.2204869833763574,0.2336096671229211,persistence_t_plus_5,,99.0,5.0
107,95,0.7479865989095427,0.7603218247932908,1.0240402045604646,1.046298221585282,0.1912571566225304,0.2013138305830162,0.1912646717758129,0.2012972572851689,0.1673522550500224,0.1761538547977973,0.1338983047209613,0.1409185659199202,0.2218010978964594,0.2307043034366946,persistence_t_plus_5,,100.0,5.0
107,96,0.7461933762921946,0.7580591669570789,0.8793482743788408,1.0341813694826896,0.2047482600796906,0.2040149165371418,0.2047406763241778,0.2040012621887771,0.1791360818452738,0.1785218820229353,0.1433251952668856,0.142807802725835,0.2212343687731509,0.2253765391959163,persistence_t_plus_5,,101.0,5.0
107,97,0.7456234337153311,0.7560845845914766,0.9144134469409568,1.0567632325344205,0.2072879469177858,0.2043669227340425,0.2072811215378243,0.2043546338205143,0.1813601724010527,0.1788290044399299,0.1451028347324421,0.1430544709486819,0.2174710908880809,0.2200663337717551,persistence_t_plus_5,,102.0,5.0
107,98,0.7448221927011625,0.7526777562575953,0.9609721022468608,1.0526875916962524,0.2087125335353572,0.1969972364980403,0.2087063906933919,0.1969937178856651,0.1826083638066286,0.1723769847378967,0.1460999181757428,0.1379071883538787,0.2157313487158177,0.2197587487756052,persistence_t_plus_5,,103.0,5.0
107,99,0.7442684986321934,0.7500860860286381,1.002874892022175,1.039962950756722,0.2092244648860295,0.1967057824891062,0.2092189363282607,0.1967085973074007,0.1830578140421478,0.172118698438021,0.1464581556511142,0.1377106545420666,0.2136264431371816,0.2204869833763574,persistence_t_plus_5,,104.0,5.0
107,100,0.7437312290597378,0.7479865989095427,1.0555874028199574,1.0240402045604646,0.2087209045435878,0.1912571566225304,0.2087159288415958,0.1912646717758129,0.1826185580158241,0.1673522550500224,0.1461055603883156,0.1338983047209613,0.2133070191257763,0.2218010978964594,persistence_t_plus_5,,105.0,5.0
107,101,0.7420171647784606,0.7461933762921946,0.918620774193446,0.8793482743788408,0.1984638670723367,0.2047482600796906,0.1984620367967462,0.2047406763241778,0.1736477241747513,0.1791360818452738,0.1389264334296129,0.1433251952668856,0.2227256788271565,0.2212343687731509,persistence_t_plus_5,,106.0,5.0
107,102,0.7408077806983331,0.7456234337153311,0.8927586967741015,0.9144134469409568,0.2018830879072812,0.2072879469177858,0.2018814406592498,0.2072811215378243,0.1766403583566821,0.1813601724010527,0.1413197153661763,0.1451028347324421,0.2212390362239655,0.2174710908880809,persistence_t_plus_5,,107.0,5.0
107,103,0.7400060550693381,0.7448221927011625,0.9114828270966912,0.9609721022468608,0.2046002626148096,0.2087125335353572,0.2045987800915813,0.2087063906933919,0.1790186205819883,0.1826083638066286,0.1432215822783382,0.1460999181757428,0.2151489710503485,0.2157313487158177,persistence_t_plus_5,,108.0,5.0
107,104,0.7389877928573239,0.7442684986321934,0.958334544387022,1.002874892022175,0.2061730629886531,0.2092244648860295,0.2061717287177477,0.2092189363282607,0.1803954818296984,0.1830578140421478,0.1443224026952316,0.1464581556511142,0.2135570525900408,0.2136264431371816,persistence_t_plus_5,,109.0,5.0
107,105,0.7383070461818395,0.7437312290597378,1.0425010899483198,1.0555874028199574,0.206053980000755,0.2087209045435878,0.2060527791569401,0.2087159288415958,0.1802918790438249,0.1826185580158241,0.1442389187433855,0.1461055603883156,0.2065501036487138,0.2133070191257763,persistence_t_plus_5,,110.0,5.0
107,106,0.7374472712416263,0.7420171647784606,1.1482509809534878,0.918620774193446,0.2040185457552756,0.1984638670723367,0.2040174649958422,0.1984620367967462,0.1785114094247139,0.1736477241747513,0.1428140014972642,0.1389264334296129,0.2033940679120597,0.2227256788271565,persistence_t_plus_5,,111.0,5.0
107,107,0.7379440756031929,0.7408077806983331,1.0971088034492475,0.8927586967741015,0.213121037382952,0.2018830879072812,0.2131158539823208,0.2018814406592498,0.1864700015281054,0.1766403583566821,0.1491661472916698,0.1413197153661763,0.2012169063196296,0.2212390362239655,persistence_t_plus_5,,112.0,5.0
107,108,0.0,0.7400060550693381,0.0,0.9114828270966912,0.0,0.2046002626148096,0.0,0.2045987800915813,0.0,0.1790186205819883,0.0,0.1432215822783382,0.0,0.2151489710503485,persistence_t_plus_5,,113.0,5.0
107,109,0.0,0.7389877928573239,0.0,0.958334544387022,0.0,0.2061730629886531,0.0,0.2061717287177477,0.0,0.1803954818296984,0.0,0.1443224026952316,0.0,0.2135570525900408,persistence_t_plus_5,,114.0,5.0
107,110,0.0,0.7383070461818395,0.0,1.0425010899483198,0.0,0.206053980000755,0.0,0.2060527791569401,0.0,0.1802918790438249,0.0,0.1442389187433855,0.0,0.2065501036487138,persistence_t_plus_5,,115.0,5.0
107,111,0.0,0.7374472712416263,0.0,1.1482509809534878,0.0,0.2040185457552756,0.0,0.2040174649958422,0.0,0.1785114094247139,0.0,0.1428140014972642,0.0,0.2033940679120597,persistence_t_plus_5,,116.0,5.0
107,112,0.0,0.7379440756031929,0.0,1.0971088034492475,0.0,0.213121037382952,0.0,0.2131158539823208,0.0,0.1864700015281054,0.0,0.1491661472916698,0.0,0.2012169063196296,persistence_t_plus_5,,117.0,5.0
107,113,0.0,0.0,0.0,0.0,0.0,0.0,0.0,0.0,0.0,0.0,0.0,0.0,0.0,0.0,persistence_t_plus_5,,118.0,5.0
107,114,0.0,0.0,0.0,0.0,0.0,0.0,0.0,0.0,0.0,0.0,0.0,0.0,0.0,0.0,persistence_t_plus_5,,119.0,5.0
